geneID,transcript_id,class,split,cluster_id
AT1G01230,AT1G01230.1,0,val,564.0
AT1G01300,AT1G01300.1,1,train,710.0
AT1G01450,AT1G01450.1,0,train,810.0
AT1G01470,AT1G01470.1,0,train,662.0
AT1G01510,AT1G01510.1,1,val,987.0
AT1G01730,AT1G01730.1,0,train,269.0
AT1G01910,AT1G01910.2,1,val,1233.0
AT1G02100,AT1G02100.1,1,val,1047.0
AT1G02130,AT1G02130.1,0,test,1.0
AT1G02500,AT1G02500.1,1,train,68.0
AT1G02816,AT1G02816.1,0,test,601.0
AT1G02930,AT1G02930.1,1,test,339.0
AT1G03130,AT1G03130.1,1,val,157.0
AT1G03330,AT1G03330.1,1,train,514.0
AT1G03400,AT1G03400.2,1,train,59.0
AT1G03760,AT1G03760.1,1,val,1208.0
AT1G04010,AT1G04010.1,0,train,986.0
AT1G04070,AT1G04070.1,0,train,123.0
AT1G04340,AT1G04340.1,0,train,535.0
AT1G04350,AT1G04350.1,1,train,59.0
AT1G04530,AT1G04530.1,1,train,1028.0
AT1G04870,AT1G04870.2,1,train,1147.0
AT1G05210,AT1G05210.1,0,train,603.0
AT1G05350,AT1G05350.1,1,train,800.0
AT1G05410,AT1G05410.1,0,train,804.0
AT1G05680,AT1G05680.1,0,train,12.0
AT1G05790,AT1G05790.3,0,train,870.0
AT1G05805,AT1G05805.1,1,train,1268.0
AT1G06030,AT1G06030.1,0,train,19.0
AT1G06160,AT1G06160.1,0,train,292.0
AT1G06210,AT1G06210.1,1,val,1148.0
AT1G06420,AT1G06420.1,0,train,362.0
AT1G06760,AT1G06760.1,1,train,114.0
AT1G07040,AT1G07040.1,0,train,1172.0
AT1G07190,AT1G07190.1,0,train,479.0
AT1G07250,AT1G07250.1,1,train,26.0
AT1G07590,AT1G07590.1,0,test,730.0
AT1G07610,AT1G07610.1,0,train,45.0
AT1G07620,AT1G07620.2,0,val,947.0
AT1G07660,AT1G07660.1,1,train,415.0
AT1G07720,AT1G07720.2,0,train,764.0
AT1G07960,AT1G07960.4,0,test,666.0
AT1G08180,AT1G08180.1,0,train,444.0
AT1G08250,AT1G08250.1,1,train,60.0
AT1G08370,AT1G08370.1,1,train,1275.0
AT1G08380,AT1G08380.1,1,train,685.0
AT1G08570,AT1G08570.1,1,train,1093.0
AT1G09160,AT1G09160.1,1,train,787.0
AT1G09310,AT1G09310.1,1,train,219.0
AT1G09490,AT1G09490.1,0,train,2.0
AT1G09590,AT1G09590.1,1,train,593.0
AT1G09795,AT1G09795.1,1,train,1200.0
AT1G09950,AT1G09950.1,0,train,305.0
AT1G10390,AT1G10390.1,0,test,909.0
AT1G10470,AT1G10470.1,0,val,331.0
AT1G10500,AT1G10500.1,0,train,193.0
AT1G10990,AT1G10990.2,0,train,147.0
AT1G11240,AT1G11240.1,1,train,181.0
AT1G11320,AT1G11320.1,0,test,789.0
AT1G11530,AT1G11530.1,1,train,427.0
AT1G11580,AT1G11580.2,1,val,8.0
AT1G11670,AT1G11670.1,0,train,699.0
AT1G11800,AT1G11800.1,1,train,768.0
AT1G11870,AT1G11870.2,0,val,749.0
AT1G12050,AT1G12050.1,1,train,1197.0
AT1G12200,AT1G12200.2,1,train,72.0
AT1G12350,AT1G12350.2,1,train,1005.0
AT1G12400,AT1G12400.3,0,train,521.0
AT1G12800,AT1G12800.1,1,train,850.0
AT1G12900,AT1G12900.5,1,test,765.0
AT1G12920,AT1G12920.1,1,train,66.0
AT1G13090,AT1G13090.1,1,train,1112.0
AT1G13180,AT1G13180.1,1,val,785.0
AT1G13280,AT1G13280.1,1,train,106.0
AT1G13590,AT1G13590.1,0,train,502.0
AT1G13690,AT1G13690.1,1,val,380.0
AT1G13930,AT1G13930.2,1,val,57.0
AT1G13950,AT1G13950.1,0,test,541.0
AT1G14150,AT1G14150.1,1,train,231.0
AT1G14310,AT1G14310.1,0,train,304.0
AT1G14380,AT1G14380.1,1,val,956.0
AT1G14410,AT1G14410.1,1,train,158.0
AT1G14820,AT1G14820.3,0,train,284.0
AT1G15010,AT1G15010.1,0,train,90.0
AT1G15170,AT1G15170.1,0,train,81.0
AT1G15290,AT1G15290.1,1,test,894.0
AT1G15710,AT1G15710.1,1,train,96.0
AT1G15825,AT1G15825.1,0,train,53.0
AT1G15840,AT1G15840.1,0,test,20.0
AT1G15880,AT1G15880.1,0,test,273.0
AT1G15950,AT1G15950.1,1,train,2.0
AT1G16080,AT1G16080.1,1,train,1002.0
AT1G16220,AT1G16220.1,0,val,694.0
AT1G16700,AT1G16700.1,1,train,358.0
AT1G16820,AT1G16820.1,0,train,511.0
AT1G16916,AT1G16916.2,0,train,403.0
AT1G17020,AT1G17020.1,0,train,1296.0
AT1G17210,AT1G17210.1,1,train,915.0
AT1G17410,AT1G17410.1,0,train,195.0
AT1G17640,AT1G17640.1,0,train,1271.0
AT1G18030,AT1G18030.1,0,train,1239.0
AT1G18170,AT1G18170.1,1,train,340.0
AT1G18190,AT1G18190.1,1,train,959.0
AT1G18200,AT1G18200.1,0,test,1.0
AT1G18300,AT1G18300.1,0,test,87.0
AT1G18382,AT1G18382.1,0,train,
AT1G18670,AT1G18670.2,1,val,963.0
AT1G19210,AT1G19210.1,0,val,91.0
AT1G19220,AT1G19220.1,1,train,887.0
AT1G19240,AT1G19240.1,0,train,417.0
AT1G19320,AT1G19320.1,0,train,342.0
AT1G19370,AT1G19370.1,1,train,982.0
AT1G19570,AT1G19570.1,1,train,318.0
AT1G19720,AT1G19720.1,1,train,903.0
AT1G19835,AT1G19835.3,1,train,916.0
AT1G19920,AT1G19920.1,1,train,18.0
AT1G20070,AT1G20070.1,1,train,153.0
AT1G20200,AT1G20200.1,1,train,725.0
AT1G20225,AT1G20225.1,0,train,52.0
AT1G20810,AT1G20810.1,1,train,301.0
AT1G20830,AT1G20830.1,0,train,1223.0
AT1G21130,AT1G21130.1,1,val,1173.0
AT1G21350,AT1G21350.5,1,train,176.0
AT1G21370,AT1G21370.1,1,train,1260.0
AT1G21440,AT1G21440.1,1,train,1146.0
AT1G22140,AT1G22140.3,0,val,473.0
AT1G22280,AT1G22280.3,1,train,102.0
AT1G22470,AT1G22470.1,0,train,659.0
AT1G22920,AT1G22920.1,1,train,1282.0
AT1G22940,AT1G22940.1,1,test,756.0
AT1G23130,AT1G23130.1,0,train,78.0
AT1G23740,AT1G23740.1,1,train,1161.0
AT1G23800,AT1G23800.2,1,train,1192.0
AT1G24100,AT1G24100.1,1,train,12.0
AT1G24490,AT1G24490.1,1,train,698.0
AT1G25220,AT1G25220.2,1,train,1132.0
AT1G26470,AT1G26470.1,0,train,614.0
AT1G26550,AT1G26550.1,1,train,682.0
AT1G26640,AT1G26640.1,0,train,1048.0
AT1G26670,AT1G26670.1,1,val,356.0
AT1G26770,AT1G26770.2,1,train,0.0
AT1G27060,AT1G27060.1,0,val,1164.0
AT1G27130,AT1G27130.1,1,train,48.0
AT1G27385,AT1G27385.4,1,train,306.0
AT1G27430,AT1G27430.1,1,train,897.0
AT1G27730,AT1G27730.1,0,test,252.0
AT1G27900,AT1G27900.3,1,train,54.0
AT1G28135,AT1G28135.1,0,test,477.0
AT1G28150,AT1G28150.2,0,train,433.0
AT1G28230,AT1G28230.1,0,train,1283.0
AT1G28290,AT1G28290.1,1,train,1297.0
AT1G28370,AT1G28370.2,0,train,162.0
AT1G28380,AT1G28380.1,1,test,975.0
AT1G28480,AT1G28480.1,0,train,675.0
AT1G28540,AT1G28540.1,0,train,416.0
AT1G28570,AT1G28570.1,1,train,1212.0
AT1G28950,AT1G28950.1,0,train,
AT1G29090,AT1G29090.1,0,train,1284.0
AT1G29280,AT1G29280.1,0,train,365.0
AT1G29400,AT1G29400.3,1,test,860.0
AT1G29465,AT1G29465.1,0,val,119.0
AT1G29850,AT1G29850.3,1,train,677.0
AT1G30110,AT1G30110.1,0,train,590.0
AT1G30600,AT1G30600.1,1,test,853.0
AT1G30870,AT1G30870.1,0,train,1224.0
AT1G31160,AT1G31160.1,0,val,65.0
AT1G31220,AT1G31220.1,1,train,1143.0
AT1G31835,AT1G31835.2,0,train,520.0
AT1G31970,AT1G31970.1,1,train,744.0
AT1G32130,AT1G32130.1,1,test,703.0
AT1G32220,AT1G32220.1,1,test,1140.0
AT1G32310,AT1G32310.1,0,train,404.0
AT1G32370,AT1G32370.2,0,train,617.0
AT1G32440,AT1G32440.1,1,train,955.0
AT1G32550,AT1G32550.2,1,train,131.0
AT1G33040,AT1G33040.1,0,train,338.0
AT1G33050,AT1G33050.4,1,train,867.0
AT1G33265,AT1G33265.1,0,train,585.0
AT1G33520,AT1G33520.1,1,val,836.0
AT1G33760,AT1G33760.1,0,train,199.0
AT1G33810,AT1G33810.1,1,train,674.0
AT1G35140,AT1G35140.1,0,train,1022.0
AT1G35420,AT1G35420.2,1,train,997.0
AT1G35780,AT1G35780.2,1,train,343.0
AT1G36370,AT1G36370.1,1,train,930.0
AT1G43710,AT1G43710.1,1,test,709.0
AT1G43800,AT1G43800.1,0,train,71.0
AT1G44790,AT1G44790.1,0,val,174.0
AT1G45145,AT1G45145.1,1,train,424.0
AT1G45170,AT1G45170.1,0,train,319.0
AT1G45230,AT1G45230.1,1,test,375.0
AT1G45474,AT1G45474.2,1,train,280.0
AT1G47200,AT1G47200.1,1,train,215.0
AT1G48320,AT1G48320.1,1,train,568.0
AT1G48550,AT1G48550.1,0,train,1039.0
AT1G48600,AT1G48600.2,1,train,34.0
AT1G48620,AT1G48620.1,1,train,816.0
AT1G48830,AT1G48830.1,1,test,229.0
AT1G49310,AT1G49310.1,0,train,517.0
AT1G49405,AT1G49405.1,0,train,560.0
AT1G49430,AT1G49430.1,1,train,126.0
AT1G49600,AT1G49600.3,1,val,778.0
AT1G49650,AT1G49650.1,1,val,1168.0
AT1G49750,AT1G49750.1,1,train,693.0
AT1G49760,AT1G49760.1,1,test,965.0
AT1G50370,AT1G50370.1,1,train,42.0
AT1G50430,AT1G50430.1,1,test,802.0
AT1G50450,AT1G50450.1,1,test,784.0
AT1G50900,AT1G50900.1,1,val,591.0
AT1G51140,AT1G51140.1,0,train,1153.0
AT1G51680,AT1G51680.1,1,train,47.0
AT1G51760,AT1G51760.1,1,train,93.0
AT1G52220,AT1G52220.1,1,test,571.0
AT1G52340,AT1G52340.1,1,val,1087.0
AT1G52670,AT1G52670.1,1,test,1095.0
AT1G52830,AT1G52830.1,0,train,222.0
AT1G52905,AT1G52905.1,0,val,39.0
AT1G53280,AT1G53280.1,1,test,62.0
AT1G53610,AT1G53610.1,0,val,513.0
AT1G53970,AT1G53970.2,0,test,23.0
AT1G54120,AT1G54120.1,0,test,534.0
AT1G54290,AT1G54290.1,1,val,439.0
AT1G54575,AT1G54575.2,0,train,431.0
AT1G54580,AT1G54580.1,1,test,56.0
AT1G55210,AT1G55210.1,1,test,235.0
AT1G55260,AT1G55260.1,0,test,258.0
AT1G55500,AT1G55500.4,1,train,936.0
AT1G56500,AT1G56500.2,1,val,907.0
AT1G56660,AT1G56660.1,0,train,757.0
AT1G56700,AT1G56700.1,1,train,372.0
AT1G58110,AT1G58110.2,1,train,1169.0
AT1G58420,AT1G58420.1,0,test,218.0
AT1G59600,AT1G59600.1,0,train,1068.0
AT1G60430,AT1G60430.2,1,train,575.0
AT1G60640,AT1G60640.2,1,train,1244.0
AT1G60660,AT1G60660.1,0,train,421.0
AT1G60730,AT1G60730.3,1,train,1277.0
AT1G61340,AT1G61340.1,0,train,238.0
AT1G61570,AT1G61570.1,0,val,527.0
AT1G61920,AT1G61920.1,0,train,493.0
AT1G62150,AT1G62150.1,0,train,833.0
AT1G62180,AT1G62180.1,1,val,13.0
AT1G62380,AT1G62380.1,1,val,1055.0
AT1G62560,AT1G62560.2,1,train,72.0
AT1G62710,AT1G62710.1,0,train,723.0
AT1G63000,AT1G63000.1,1,train,1124.0
AT1G63130,AT1G63130.1,0,train,992.0
AT1G63460,AT1G63460.1,1,train,75.0
AT1G63610,AT1G63610.2,1,val,361.0
AT1G63800,AT1G63800.1,0,train,237.0
AT1G64065,AT1G64065.1,0,train,324.0
AT1G64400,AT1G64400.1,1,train,126.0
AT1G64680,AT1G64680.2,1,val,163.0
AT1G65240,AT1G65240.1,0,train,821.0
AT1G65346,AT1G65346.1,0,train,27.0
AT1G65540,AT1G65540.3,1,train,875.0
AT1G66400,AT1G66400.1,0,train,64.0
AT1G66430,AT1G66430.1,1,train,19.0
AT1G66500,AT1G66500.1,0,train,74.0
AT1G66530,AT1G66530.1,1,train,920.0
AT1G66820,AT1G66820.1,0,train,391.0
AT1G67870,AT1G67870.1,1,train,1102.0
AT1G68100,AT1G68100.1,1,test,811.0
AT1G68185,AT1G68185.2,1,train,166.0
AT1G68310,AT1G68310.1,0,train,536.0
AT1G68660,AT1G68660.1,1,train,539.0
AT1G68680,AT1G68680.1,1,train,468.0
AT1G68945,AT1G68945.1,0,train,478.0
AT1G69010,AT1G69010.1,1,train,1030.0
AT1G69370,AT1G69370.1,1,train,996.0
AT1G69510,AT1G69510.2,1,test,85.0
AT1G69530,AT1G69530.3,1,train,0.0
AT1G70440,AT1G70440.1,0,train,1019.0
AT1G70580,AT1G70580.1,1,val,713.0
AT1G70710,AT1G70710.1,1,train,84.0
AT1G70760,AT1G70760.1,0,train,228.0
AT1G70790,AT1G70790.1,1,train,61.0
AT1G70880,AT1G70880.1,0,train,78.0
AT1G71040,AT1G71040.1,1,train,923.0
AT1G71740,AT1G71740.1,0,train,648.0
AT1G71790,AT1G71790.1,1,test,278.0
AT1G72010,AT1G72010.1,1,test,1175.0
AT1G72550,AT1G72550.1,1,train,931.0
AT1G72610,AT1G72610.1,0,train,336.0
AT1G72680,AT1G72680.1,1,test,1287.0
AT1G72930,AT1G72930.1,1,train,583.0
AT1G73060,AT1G73060.1,1,train,1289.0
AT1G73220,AT1G73220.1,0,test,738.0
AT1G73230,AT1G73230.1,1,train,594.0
AT1G73350,AT1G73350.5,1,train,316.0
AT1G73380,AT1G73380.1,0,train,796.0
AT1G73540,AT1G73540.1,0,test,87.0
AT1G73600,AT1G73600.2,1,train,34.0
AT1G73840,AT1G73840.1,1,train,1160.0
AT1G73965,AT1G73965.1,0,train,385.0
AT1G74060,AT1G74060.1,1,train,300.0
AT1G74090,AT1G74090.1,1,train,88.0
AT1G74100,AT1G74100.1,1,train,88.0
AT1G74210,AT1G74210.1,0,train,1204.0
AT1G74280,AT1G74280.1,0,test,1171.0
AT1G74450,AT1G74450.1,0,val,1222.0
AT1G74640,AT1G74640.1,1,train,1273.0
AT1G74930,AT1G74930.1,0,val,91.0
AT1G75100,AT1G75100.1,1,train,961.0
AT1G75190,AT1G75190.1,1,train,618.0
AT1G75830,AT1G75830.1,0,train,519.0
AT1G76020,AT1G76020.1,0,train,52.0
AT1G76150,AT1G76150.1,1,train,1015.0
AT1G76185,AT1G76185.1,0,test,389.0
AT1G76650,AT1G76650.1,0,train,586.0
AT1G76680,AT1G76680.2,1,train,70.0
AT1G76860,AT1G76860.1,0,train,457.0
AT1G76878,AT1G76878.1,0,train,
AT1G76970,AT1G76970.2,0,val,779.0
AT1G77090,AT1G77090.1,0,val,332.0
AT1G77120,AT1G77120.1,1,train,1178.0
AT1G77122,AT1G77122.1,0,train,1066.0
AT1G77540,AT1G77540.1,0,test,441.0
AT1G77610,AT1G77610.1,0,test,1044.0
AT1G77680,AT1G77680.1,1,train,885.0
AT1G77750,AT1G77750.1,0,train,556.0
AT1G77855,AT1G77855.1,0,train,1008.0
AT1G77930,AT1G77930.3,1,train,170.0
AT1G78010,AT1G78010.1,1,train,941.0
AT1G78020,AT1G78020.1,1,train,546.0
AT1G78060,AT1G78060.1,1,train,100.0
AT1G78140,AT1G78140.1,0,train,1288.0
AT1G78370,AT1G78370.1,1,train,48.0
AT1G78580,AT1G78580.1,1,train,901.0
AT1G78620,AT1G78620.2,1,train,1257.0
AT1G78915,AT1G78915.3,0,train,1190.0
AT1G78995,AT1G78995.1,1,train,542.0
AT1G79170,AT1G79170.1,0,train,530.0
AT1G79200,AT1G79200.1,1,val,543.0
AT1G79210,AT1G79210.1,0,train,309.0
AT1G79470,AT1G79470.1,1,train,700.0
AT1G79690,AT1G79690.1,1,train,849.0
AT1G80030,AT1G80030.2,1,train,704.0
AT1G80360,AT1G80360.3,1,train,1213.0
AT1G80500,AT1G80500.2,1,train,623.0
AT1G80650,AT1G80650.3,1,train,652.0
AT1G80770,AT1G80770.6,1,train,712.0
AT1G80820,AT1G80820.1,0,train,2.0
AT1G80910,AT1G80910.1,1,train,691.0
AT5G01210,AT5G01210.1,0,train,818.0
AT5G01490,AT5G01490.1,0,train,97.0
AT5G01650,AT5G01650.3,1,train,37.0
AT5G01870,AT5G01870.1,0,test,452.0
AT5G01920,AT5G01920.1,1,test,692.0
AT5G02120,AT5G02120.1,1,train,394.0
AT5G02280,AT5G02280.1,1,val,686.0
AT5G02490,AT5G02490.1,1,train,964.0
AT5G02610,AT5G02610.2,1,train,89.0
AT5G02690,AT5G02690.1,0,train,51.0
AT5G02710,AT5G02710.2,0,train,584.0
AT5G03160,AT5G03160.1,0,train,715.0
AT5G03210,AT5G03210.2,0,train,500.0
AT5G03300,AT5G03300.1,1,train,1252.0
AT5G03350,AT5G03350.1,1,train,688.0
AT5G03520,AT5G03520.1,1,test,1.0
AT5G03860,AT5G03860.1,0,train,938.0
AT5G04230,AT5G04230.2,1,train,11.0
AT5G04238,AT5G04238.1,0,train,489.0
AT5G04520,AT5G04520.1,1,train,1129.0
AT5G04850,AT5G04850.2,1,train,204.0
AT5G04900,AT5G04900.1,1,train,1231.0
AT5G04950,AT5G04950.1,0,val,1058.0
AT5G05000,AT5G05000.3,1,train,999.0
AT5G05230,AT5G05230.1,1,train,1261.0
AT5G05290,AT5G05290.1,0,train,0.0
AT5G05300,AT5G05300.1,0,train,400.0
AT5G05330,AT5G05330.1,0,train,349.0
AT5G05370,AT5G05370.1,0,train,474.0
AT5G05410,AT5G05410.1,0,test,1042.0
AT5G05470,AT5G05470.1,1,train,1256.0
AT5G05540,AT5G05540.1,0,val,834.0
AT5G05610,AT5G05610.1,1,train,24.0
AT5G05730,AT5G05730.2,1,train,993.0
AT5G05770,AT5G05770.1,0,train,436.0
AT5G06130,AT5G06130.2,1,train,994.0
AT5G06140,AT5G06140.1,1,train,1217.0
AT5G06360,AT5G06360.1,1,train,320.0
AT5G06410,AT5G06410.1,0,test,287.0
AT5G06640,AT5G06640.1,0,test,970.0
AT5G06770,AT5G06770.1,1,train,296.0
AT5G07010,AT5G07010.1,1,train,1298.0
AT5G07030,AT5G07030.1,1,train,92.0
AT5G07152,AT5G07152.1,0,train,
AT5G07460,AT5G07460.1,1,test,378.0
AT5G07571,AT5G07571.1,0,train,647.0
AT5G07830,AT5G07830.1,1,train,739.0
AT5G08080,AT5G08080.3,1,train,995.0
AT5G08130,AT5G08130.8,1,train,727.0
AT5G08150,AT5G08150.1,0,train,658.0
AT5G08180,AT5G08180.1,1,train,572.0
AT5G08200,AT5G08200.1,1,val,1194.0
AT5G08210,at5g08210,0,train,
AT5G08390,AT5G08390.1,1,train,852.0
AT5G08590,AT5G08590.2,1,train,1107.0
AT5G09230,AT5G09230.7,0,train,1182.0
AT5G09250,AT5G09250.2,1,train,529.0
AT5G09585,AT5G09585.1,0,train,
AT5G09650,AT5G09650.1,1,test,1117.0
AT5G09830,AT5G09830.1,1,train,512.0
AT5G09900,AT5G09900.3,1,val,839.0
AT5G09995,AT5G09995.2,0,test,357.0
AT5G10120,AT5G10120.1,0,val,807.0
AT5G10130,AT5G10130.1,0,train,596.0
AT5G10460,AT5G10460.1,0,train,1017.0
AT5G10630,AT5G10630.4,1,train,871.0
AT5G11340,AT5G11340.1,0,val,599.0
AT5G11450,AT5G11450.2,1,train,998.0
AT5G11490,AT5G11490.2,1,train,905.0
AT5G11600,AT5G11600.1,0,train,299.0
AT5G11840,AT5G11840.2,1,train,133.0
AT5G11950,AT5G11950.1,1,train,368.0
AT5G12150,AT5G12150.1,1,train,856.0
AT5G12200,AT5G12200.1,1,train,735.0
AT5G12250,AT5G12250.1,1,train,14.0
AT5G12850,AT5G12850.1,1,train,108.0
AT5G13050,AT5G13050.1,1,train,1104.0
AT5G13370,AT5G13370.1,1,train,932.0
AT5G13550,AT5G13550.1,1,val,974.0
AT5G13900,AT5G13900.1,0,train,663.0
AT5G14105,AT5G14105.1,0,val,471.0
AT5G14200,AT5G14200.3,1,test,1157.0
AT5G14250,AT5G14250.2,1,val,1280.0
AT5G14330,AT5G14330.1,0,train,633.0
AT5G14600,AT5G14600.1,1,val,1057.0
AT5G14750,AT5G14750.1,0,train,31.0
AT5G14790,AT5G14790.1,1,val,1229.0
AT5G14910,AT5G14910.1,1,val,211.0
AT5G14930,AT5G14930.2,1,train,745.0
AT5G15200,AT5G15200.1,1,train,98.0
AT5G15390,AT5G15390.2,1,val,323.0
AT5G15530,AT5G15530.1,1,train,255.0
AT5G15750,AT5G15750.1,0,val,201.0
AT5G15802,AT5G15802.1,1,train,407.0
AT5G15960,AT5G15960.1,1,train,120.0
AT5G16050,AT5G16050.2,1,train,116.0
AT5G16120,AT5G16120.4,1,train,1151.0
AT5G16290,AT5G16290.1,1,train,814.0
AT5G16360,AT5G16360.1,0,train,1073.0
AT5G16440,AT5G16440.1,1,val,1130.0
AT5G16730,AT5G16730.1,1,val,904.0
AT5G16810,AT5G16810.1,1,train,1199.0
AT5G17290,AT5G17290.1,0,train,1249.0
AT5G17350,AT5G17350.1,0,test,67.0
AT5G17820,AT5G17820.2,0,val,15.0
AT5G17870,AT5G17870.2,1,train,640.0
AT5G17920,AT5G17920.1,1,test,101.0
AT5G17990,AT5G17990.1,1,train,781.0
AT5G18100,AT5G18100.1,1,train,600.0
AT5G18250,AT5G18250.1,0,val,615.0
AT5G18600,AT5G18600.1,0,val,43.0
AT5G18610,AT5G18610.2,1,test,33.0
AT5G19050,AT5G19050.1,1,train,1292.0
AT5G19140,AT5G19140.1,1,test,124.0
AT5G19420,AT5G19420.2,1,train,881.0
AT5G19480,AT5G19480.3,1,train,251.0
AT5G19510,AT5G19510.1,1,train,275.0
AT5G19690,AT5G19690.1,1,train,845.0
AT5G19940,AT5G19940.1,1,test,297.0
AT5G19950,AT5G19950.1,1,train,774.0
AT5G19990,AT5G19990.1,1,train,1195.0
AT5G20040,AT5G20040.3,0,train,808.0
AT5G20070,AT5G20070.1,1,train,770.0
AT5G20500,AT5G20500.1,1,train,626.0
AT5G20570,AT5G20570.2,1,train,679.0
AT5G20790,AT5G20790.1,0,train,143.0
AT5G20935,AT5G20935.1,0,test,422.0
AT5G21274,AT5G21274.1,1,train,10.0
AT5G21430,AT5G21430.1,1,train,376.0
AT5G21920,AT5G21920.1,0,train,259.0
AT5G22040,AT5G22040.2,1,train,1085.0
AT5G22250,AT5G22250.1,0,test,121.0
AT5G22330,AT5G22330.1,1,train,825.0
AT5G22510,AT5G22510.1,1,train,38.0
AT5G22790,AT5G22790.1,1,train,795.0
AT5G22830,AT5G22830.1,1,train,824.0
AT5G22880,AT5G22880.1,1,train,82.0
AT5G23010,AT5G23010.3,1,train,706.0
AT5G23050,AT5G23050.1,1,train,863.0
AT5G23200,AT5G23200.1,1,train,1215.0
AT5G23330,AT5G23330.1,1,train,1235.0
AT5G23400,AT5G23400.1,1,train,921.0
AT5G23580,AT5G23580.1,1,train,49.0
AT5G23840,AT5G23840.1,0,test,609.0
AT5G23860,AT5G23860.1,1,train,14.0
AT5G24020,AT5G24020.1,1,train,1040.0
AT5G24210,AT5G24210.2,1,val,1225.0
AT5G24314,AT5G24314.2,1,train,604.0
AT5G24400,AT5G24400.1,1,train,1063.0
AT5G24850,AT5G24850.1,1,train,952.0
AT5G25890,AT5G25890.1,0,train,588.0
AT5G25940,AT5G25940.1,1,train,440.0
AT5G26360,AT5G26360.1,1,train,945.0
AT5G26742,AT5G26742.2,1,test,109.0
AT5G26751,AT5G26751.1,1,val,1191.0
AT5G27030,AT5G27030.2,1,train,884.0
AT5G27120,AT5G27120.1,1,train,36.0
AT5G27400,AT5G27400.1,0,train,1272.0
AT5G27450,AT5G27450.2,1,train,1183.0
AT5G27560,AT5G27560.3,1,train,1258.0
AT5G27700,AT5G27700.1,1,test,518.0
AT5G27770,AT5G27770.1,1,train,35.0
AT5G28050,AT5G28050.3,1,train,1131.0
AT5G28500,AT5G28500.1,1,train,797.0
AT5G28840,AT5G28840.1,1,train,1181.0
AT5G30490,AT5G30490.2,1,train,310.0
AT5G35700,AT5G35700.1,1,test,973.0
AT5G35980,AT5G35980.2,1,test,858.0
AT5G36130,AT5G36130.1,0,train,678.0
AT5G36170,AT5G36170.1,1,train,829.0
AT5G36210,AT5G36210.1,1,test,878.0
AT5G37475,AT5G37475.2,1,val,282.0
AT5G37770,AT5G37770.1,0,train,64.0
AT5G38000,AT5G38000.1,0,train,1234.0
AT5G38060,AT5G38060.1,1,train,28.0
AT5G38110,AT5G38110.1,0,train,377.0
AT5G38520,AT5G38520.2,1,train,1166.0
AT5G38720,AT5G38720.2,1,train,1064.0
AT5G39210,AT5G39210.1,0,train,569.0
AT5G39320,AT5G39320.1,1,val,714.0
AT5G39410,AT5G39410.1,1,train,827.0
AT5G39730,AT5G39730.1,1,train,580.0
AT5G39785,AT5G39785.4,0,train,989.0
AT5G39850,AT5G39850.1,1,train,98.0
AT5G40180,AT5G40180.1,0,train,490.0
AT5G40330,AT5G40330.1,0,train,31.0
AT5G41210,AT5G41210.1,1,train,312.0
AT5G41330,AT5G41330.1,1,train,822.0
AT5G42050,AT5G42050.1,1,train,1227.0
AT5G42070,AT5G42070.1,1,train,597.0
AT5G42100,AT5G42100.1,1,train,791.0
AT5G42765,AT5G42765.1,1,train,264.0
AT5G42900,AT5G42900.2,0,train,325.0
AT5G42950,AT5G42950.1,1,test,891.0
AT5G42990,AT5G42990.1,1,train,553.0
AT5G43050,AT5G43050.1,0,train,566.0
AT5G43140,AT5G43140.1,0,test,303.0
AT5G43270,AT5G43270.1,0,train,1196.0
AT5G43280,AT5G43280.2,1,test,354.0
AT5G43350,AT5G43350.1,0,test,32.0
AT5G43370,AT5G43370.1,0,test,32.0
AT5G43403,AT5G43403.1,0,train,
AT5G43580,AT5G43580.1,0,train,408.0
AT5G43600,AT5G43600.1,1,train,817.0
AT5G43620,AT5G43620.1,0,train,74.0
AT5G43830,AT5G43830.1,1,test,124.0
AT5G43850,AT5G43850.1,1,train,246.0
AT5G43970,AT5G43970.1,1,train,123.0
AT5G44070,AT5G44070.1,1,test,711.0
AT5G44200,AT5G44200.2,1,train,359.0
AT5G44450,AT5G44450.2,1,train,1075.0
AT5G45070,AT5G45070.1,0,train,1236.0
AT5G45340,AT5G45340.1,0,val,80.0
AT5G45775,AT5G45775.2,1,train,196.0
AT5G46020,AT5G46020.1,1,test,598.0
AT5G46110,AT5G46110.4,1,val,1203.0
AT5G46890,AT5G46890.1,0,val,5.0
AT5G46960,AT5G46960.1,0,train,576.0
AT5G47010,AT5G47010.1,1,train,883.0
AT5G47190,AT5G47190.1,1,train,265.0
AT5G47435,AT5G47435.2,1,train,1067.0
AT5G47550,AT5G47550.1,0,train,437.0
AT5G47590,AT5G47590.1,0,train,160.0
AT5G47630,AT5G47630.2,1,train,643.0
AT5G47650,AT5G47650.2,1,train,1061.0
AT5G47710,AT5G47710.1,1,train,61.0
AT5G47770,AT5G47770.1,1,test,1149.0
AT5G47930,AT5G47930.1,1,train,531.0
AT5G47960,AT5G47960.1,0,test,1.0
AT5G47990,AT5G47990.1,0,train,747.0
AT5G48020,AT5G48020.1,1,train,1285.0
AT5G48220,AT5G48220.1,1,test,1179.0
AT5G48290,AT5G48290.3,0,val,180.0
AT5G48370,AT5G48370.1,1,test,771.0
AT5G48680,AT5G48680.1,1,test,168.0
AT5G48870,AT5G48870.1,1,train,504.0
AT5G48880,AT5G48880.2,1,train,826.0
AT5G48930,AT5G48930.1,1,val,798.0
AT5G49170,AT5G49170.1,0,train,239.0
AT5G49210,AT5G49210.1,0,train,127.0
AT5G49220,AT5G49220.1,1,val,1187.0
AT5G49510,AT5G49510.1,1,train,128.0
AT5G50370,AT5G50370.1,0,test,130.0
AT5G50460,AT5G50460.1,1,val,461.0
AT5G50760,AT5G50760.1,0,train,202.0
AT5G50810,AT5G50810.1,0,val,470.0
AT5G50950,AT5G50950.1,1,train,754.0
AT5G50950,AT5G50950.1,1,train,754.0
AT5G50950,AT5G50950.1,1,train,754.0
AT5G50950,AT5G50950.1,1,train,754.0
AT5G51120,AT5G51120.2,1,train,179.0
AT5G51190,AT5G51190.1,0,train,363.0
AT5G51550,AT5G51550.1,1,train,1250.0
AT5G51580,AT5G51580.1,0,val,286.0
AT5G51830,AT5G51830.1,1,train,19.0
AT5G52020,AT5G52020.1,0,test,55.0
AT5G52100,AT5G52100.1,1,val,1115.0
AT5G52380,AT5G52380.1,1,train,154.0
AT5G52440,AT5G52440.1,1,train,322.0
AT5G52580,AT5G52580.2,1,train,969.0
AT5G52650,AT5G52650.1,1,train,217.0
AT5G52810,AT5G52810.1,1,train,1062.0
AT5G52820,AT5G52820.1,1,val,805.0
AT5G53045,AT5G53045.1,0,train,507.0
AT5G53120,AT5G53120.3,1,test,1295.0
AT5G53310,AT5G53310.1,1,train,345.0
AT5G53330,AT5G53330.1,1,test,360.0
AT5G53530,AT5G53530.1,1,train,125.0
AT5G53580,AT5G53580.1,1,test,1270.0
AT5G53740,AT5G53740.1,0,train,1096.0
AT5G54095,AT5G54095.1,0,train,629.0
AT5G54110,AT5G54110.2,1,train,245.0
AT5G54270,AT5G54270.1,1,train,17.0
AT5G54300,AT5G54300.1,1,train,1037.0
AT5G54440,AT5G54440.1,1,train,882.0
AT5G54490,AT5G54490.1,0,val,631.0
AT5G54750,AT5G54750.2,1,train,175.0
AT5G55110,AT5G55110.1,0,train,547.0
AT5G55160,AT5G55160.2,1,train,455.0
AT5G55370,AT5G55370.1,0,train,1259.0
AT5G55670,AT5G55670.1,1,val,862.0
AT5G55730,AT5G55730.1,1,train,25.0
AT5G56020,AT5G56020.1,1,val,262.0
AT5G56140,AT5G56140.1,1,train,1001.0
AT5G56600,AT5G56600.1,1,train,644.0
AT5G56900,AT5G56900.2,1,val,929.0
AT5G57000,AT5G57000.1,0,train,244.0
AT5G57015,AT5G57015.1,1,train,7.0
AT5G57120,AT5G57120.1,0,train,1035.0
AT5G57300,AT5G57300.2,0,train,1133.0
AT5G57350,AT5G57350.1,1,train,908.0
AT5G57960,AT5G57960.2,1,train,1165.0
AT5G58005,AT5G58005.2,1,val,456.0
AT5G58230,AT5G58230.1,0,train,790.0
AT5G58240,AT5G58240.1,1,train,214.0
AT5G58490,AT5G58490.1,1,train,2.0
AT5G58710,AT5G58710.1,1,test,3.0
AT5G59210,AT5G59210.1,1,train,794.0
AT5G59380,AT5G59380.1,0,train,283.0
AT5G59470,AT5G59470.1,0,test,40.0
AT5G59890,AT5G59890.1,1,val,671.0
AT5G60210,AT5G60210.5,1,train,918.0
AT5G60590,AT5G60590.2,0,train,1082.0
AT5G60660,AT5G60660.1,0,train,105.0
AT5G60840,AT5G60840.1,1,test,164.0
AT5G60980,AT5G60980.3,1,train,838.0
AT5G61030,AT5G61030.1,1,test,20.0
AT5G61060,AT5G61060.2,1,train,957.0
AT5G61220,AT5G61220.2,0,val,528.0
AT5G61310,AT5G61310.2,0,val,111.0
AT5G61455,AT5G61455.1,0,train,
AT5G61760,AT5G61760.2,1,train,1110.0
AT5G62560,AT5G62560.1,1,test,50.0
AT5G62690,AT5G62690.1,1,train,14.0
AT5G62930,AT5G62930.2,1,train,155.0
AT5G63120,AT5G63120.4,1,train,716.0
AT5G63130,AT5G63130.2,0,train,146.0
AT5G63180,AT5G63180.1,1,val,58.0
AT5G63280,AT5G63280.1,0,train,198.0
AT5G63480,AT5G63480.1,0,train,226.0
AT5G63600,AT5G63600.2,0,train,1038.0
AT5G63620,AT5G63620.3,1,train,1054.0
AT5G63660,AT5G63660.1,0,val,475.0
AT5G63670,AT5G63670.1,0,train,453.0
AT5G63980,AT5G63980.1,1,train,79.0
AT5G64140,AT5G64140.1,1,train,487.0
AT5G64160,AT5G64160.1,1,train,256.0
AT5G64220,AT5G64220.2,1,test,886.0
AT5G64310,AT5G64310.1,0,test,641.0
AT5G64350,AT5G64350.1,1,train,445.0
AT5G64370,AT5G64370.1,1,train,1193.0
AT5G64460,AT5G64460.8,1,train,1074.0
AT5G64460,AT5G64460.8,1,train,1074.0
AT5G64460,AT5G64460.8,1,train,1074.0
AT5G64460,AT5G64460.8,1,train,1074.0
AT5G64480,AT5G64480.2,1,train,341.0
AT5G64570,AT5G64570.2,1,train,100.0
AT5G64610,AT5G64610.1,1,val,783.0
AT5G64650,AT5G64650.1,0,test,544.0
AT5G64680,AT5G64680.3,1,train,344.0
AT5G64816,AT5G64816.3,0,train,649.0
AT5G64940,AT5G64940.1,1,train,848.0
AT5G65010,AT5G65010.2,1,train,949.0
AT5G65207,AT5G65207.1,0,train,476.0
AT5G65270,AT5G65270.1,1,test,1.0
AT5G65430,AT5G65430.3,1,train,116.0
AT5G65609,AT5G65609.1,0,train,495.0
AT5G65780,AT5G65780.2,1,train,112.0
AT5G65770,AT5G65770.2,0,train,112.0
AT5G66607,AT5G66607.1,0,train,46.0
AT5G66930,AT5G66930.3,0,test,152.0
AT5G67380,AT5G67380.1,1,train,1188.0
AT5G67430,AT5G67430.1,0,val,1162.0
AT5G67490,AT5G67490.1,1,val,383.0
AT5G67560,AT5G67560.1,1,train,197.0
AT3G01050,AT3G01050.3,0,train,451.0
AT3G01120,AT3G01120.1,1,train,937.0
AT3G01180,AT3G01180.1,1,test,857.0
AT3G01210,AT3G01210.1,0,val,234.0
AT3G01290,AT3G01290.1,1,train,1088.0
AT3G01316,AT3G01316.1,0,train,
AT3G01340,AT3G01340.1,1,train,122.0
AT3G01440,AT3G01440.1,1,test,355.0
AT3G01470,AT3G01470.1,0,val,189.0
AT3G01590,AT3G01590.1,1,train,1020.0
AT3G01670,AT3G01670.2,1,train,855.0
AT3G02190,AT3G02190.1,1,train,115.0
AT3G02220,AT3G02220.1,1,train,279.0
AT3G02480,AT3G02480.1,0,train,120.0
AT3G02630,AT3G02630.1,1,train,71.0
AT3G02660,AT3G02660.2,1,val,750.0
AT3G02840,AT3G02840.1,0,train,1176.0
AT3G02860,AT3G02860.2,1,train,1000.0
AT3G02875,AT3G02875.3,1,train,93.0
AT3G03010,AT3G03010.2,0,train,212.0
AT3G03180,AT3G03180.3,0,test,145.0
AT3G03280,AT3G03280.1,0,test,67.0
AT3G03640,AT3G03640.1,0,train,732.0
AT3G03780,AT3G03780.3,1,test,101.0
AT3G03830,AT3G03830.1,0,test,499.0
AT3G04060,AT3G04060.1,0,train,1242.0
AT3G04760,AT3G04760.1,1,train,981.0
AT3G04770,AT3G04770.1,1,val,1041.0
AT3G04920,AT3G04920.2,1,train,446.0
AT3G04940,AT3G04940.1,1,test,76.0
AT3G05020,AT3G05020.1,1,test,56.0
AT3G05060,AT3G05060.1,0,train,36.0
AT3G05180,AT3G05180.1,1,test,1177.0
AT3G05270,AT3G05270.3,1,test,977.0
AT3G05520,AT3G05520.2,1,train,1154.0
AT3G05560,AT3G05560.3,1,train,35.0
AT3G06110,AT3G06110.2,1,val,610.0
AT3G06200,AT3G06200.1,1,train,1077.0
AT3G06410,AT3G06410.1,1,train,840.0
AT3G06980,AT3G06980.1,1,train,844.0
AT3G07050,AT3G07050.1,1,train,926.0
AT3G07090,AT3G07090.1,1,test,173.0
AT3G07300,AT3G07300.3,1,train,1185.0
AT3G07390,AT3G07390.1,1,train,205.0
AT3G07690,AT3G07690.1,1,train,835.0
AT3G07720,AT3G07720.1,0,train,1032.0
AT3G07810,AT3G07810.2,1,train,689.0
AT3G07950,AT3G07950.1,0,train,1120.0
AT3G08010,AT3G08010.1,1,val,1167.0
AT3G08030,AT3G08030.1,1,val,1263.0
AT3G08670,AT3G08670.1,1,train,953.0
AT3G08780,AT3G08780.2,1,train,1023.0
AT3G09490,AT3G09490.1,0,train,1046.0
AT3G09500,AT3G09500.1,1,train,89.0
AT3G09540,AT3G09540.1,0,val,1184.0
AT3G09925,AT3G09925.1,0,test,578.0
AT3G09980,AT3G09980.1,1,train,77.0
AT3G10070,AT3G10070.1,1,train,741.0
AT3G10330,AT3G10330.1,1,test,1024.0
AT3G10340,AT3G10340.1,1,train,11.0
AT3G10940,AT3G10940.1,1,train,1078.0
AT3G11200,AT3G11200.1,1,train,24.0
AT3G11270,AT3G11270.1,0,train,1029.0
AT3G11500,AT3G11500.2,1,train,22.0
AT3G11510,AT3G11510.1,1,train,95.0
AT3G11600,AT3G11600.1,0,train,448.0
AT3G11930,AT3G11930.3,1,train,276.0
AT3G11945,AT3G11945.2,1,train,1206.0
AT3G12250,AT3G12250.4,0,train,83.0
AT3G12685,AT3G12685.1,1,train,317.0
AT3G13060,AT3G13060.1,1,train,942.0
AT3G13275,AT3G13275.1,0,test,458.0
AT3G13710,AT3G13710.1,0,train,225.0
AT3G13800,AT3G13800.1,0,train,1293.0
AT3G13860,AT3G13860.1,1,train,954.0
AT3G14010,AT3G14010.5,1,train,983.0
AT3G14415,AT3G14415.2,1,val,1174.0
AT3G14680,AT3G14680.1,0,train,746.0
AT3G14930,AT3G14930.2,1,train,1202.0
AT3G14940,AT3G14940.1,0,train,917.0
AT3G14990,AT3G14990.1,1,test,62.0
AT3G15090,AT3G15090.1,0,train,1276.0
AT3G15180,AT3G15180.2,1,train,943.0
AT3G15220,AT3G15220.1,1,val,966.0
AT3G15260,AT3G15260.1,1,train,102.0
AT3G15290,AT3G15290.1,1,train,1141.0
AT3G15500,AT3G15500.1,0,val,1011.0
AT3G15610,AT3G15610.1,1,train,1251.0
AT3G15660,AT3G15660.1,1,train,605.0
AT3G15810,AT3G15810.1,1,train,352.0
AT3G16020,AT3G16020.1,0,train,508.0
AT3G16190,AT3G16190.1,1,test,139.0
AT3G16270,AT3G16270.2,1,train,967.0
AT3G16470,AT3G16470.1,1,train,777.0
AT3G16670,AT3G16670.1,0,train,557.0
AT3G16750,AT3G16750.2,0,test,129.0
AT3G16950,AT3G16950.2,1,train,990.0
AT3G17520,AT3G17520.1,0,train,1116.0
AT3G17668,AT3G17668.1,0,train,630.0
AT3G17790,AT3G17790.1,1,val,1243.0
AT3G17860,AT3G17860.1,0,train,1237.0
AT3G18190,AT3G18190.1,1,train,743.0
AT3G18280,AT3G18280.2,1,test,426.0
AT3G18500,AT3G18500.3,1,train,775.0
AT3G18760,AT3G18760.1,0,test,672.0
AT3G18870,AT3G18870.1,0,train,209.0
AT3G19220,AT3G19220.1,0,test,247.0
AT3G19290,AT3G19290.3,1,train,799.0
AT3G19330,AT3G19330.1,0,train,1155.0
AT3G19390,AT3G19390.1,0,test,16.0
AT3G19660,AT3G19660.1,0,val,488.0
AT3G19720,AT3G19720.1,1,train,842.0
AT3G19770,AT3G19770.1,1,train,761.0
AT3G19900,AT3G19900.2,1,train,602.0
AT3G20362,AT3G20362.1,0,train,481.0
AT3G20810,AT3G20810.5,1,train,1043.0
AT3G21090,AT3G21090.1,1,train,968.0
AT3G21200,AT3G21200.1,1,test,1012.0
AT3G21230,AT3G21230.4,1,train,47.0
AT3G21352,AT3G21352.1,0,val,472.0
AT3G21720,AT3G21720.1,0,train,948.0
AT3G21790,AT3G21790.1,0,train,26.0
AT3G22231,AT3G22231.1,1,test,516.0
AT3G22270,AT3G22270.1,1,train,103.0
AT3G22330,AT3G22330.1,1,test,109.0
AT3G22570,AT3G22570.1,0,train,393.0
AT3G22660,AT3G22660.1,1,train,1144.0
AT3G22890,AT3G22890.1,1,train,18.0
AT3G23440,AT3G23440.1,0,train,384.0
AT3G23540,AT3G23540.1,1,train,946.0
AT3G23570,AT3G23570.2,1,test,285.0
AT3G23640,AT3G23640.3,1,train,888.0
AT3G23760,AT3G23760.1,0,train,140.0
AT3G23890,AT3G23890.1,1,val,898.0
AT3G24010,AT3G24010.1,0,val,314.0
AT3G24030,AT3G24030.1,0,val,1098.0
AT3G24100,AT3G24100.1,1,test,459.0
AT3G24820,AT3G24820.1,0,val,249.0
AT3G25110,AT3G25110.1,1,val,1269.0
AT3G25580,AT3G25580.1,1,train,334.0
AT3G25700,AT3G25700.1,1,train,828.0
AT3G25760,AT3G25760.1,1,train,106.0
AT3G25930,AT3G25930.1,0,train,554.0
AT3G26400,AT3G26400.1,1,train,731.0
AT3G26420,AT3G26420.1,1,train,294.0
AT3G26600,AT3G26600.1,1,train,978.0
AT3G26618,AT3G26618.1,1,train,66.0
AT3G26740,AT3G26740.1,1,train,687.0
AT3G27027,AT3G27027.1,0,val,462.0
AT3G27270,AT3G27270.2,0,train,191.0
AT3G27310,AT3G27310.1,1,test,220.0
AT3G27460,AT3G27460.4,0,train,203.0
AT3G28370,AT3G28370.5,0,train,1137.0
AT3G28550,AT3G28550.1,0,test,4.0
AT3G28860,AT3G28860.1,1,train,880.0
AT3G28920,AT3G28920.1,1,train,1027.0
AT3G29633,AT3G29633.1,0,train,28.0
AT3G32930,AT3G32930.1,1,train,148.0
AT3G42170,AT3G42170.1,1,train,869.0
AT3G42790,AT3G42790.1,1,train,24.0
AT3G43240,AT3G43240.1,1,val,874.0
AT3G43270,AT3G43270.1,1,val,8.0
AT3G43850,AT3G43850.1,0,train,250.0
AT3G43960,AT3G43960.1,0,test,16.0
AT3G44260,AT3G44260.1,0,test,121.0
AT3G44320,AT3G44320.1,0,train,1254.0
AT3G44326,AT3G44326.1,0,train,1262.0
AT3G44370,AT3G44370.1,0,val,939.0
AT3G44620,AT3G44620.2,1,test,171.0
AT3G44680,AT3G44680.1,0,train,788.0
AT3G44720,AT3G44720.1,1,train,60.0
AT3G45020,AT3G45020.2,0,test,612.0
AT3G45640,AT3G45640.1,1,test,41.0
AT3G46040,AT3G46040.1,1,test,646.0
AT3G46090,AT3G46090.1,0,train,606.0
AT3G46100,AT3G46100.1,1,train,724.0
AT3G46510,AT3G46510.1,1,train,46.0
AT3G46540,AT3G46540.1,1,val,1013.0
AT3G46560,AT3G46560.1,0,train,505.0
AT3G46870,AT3G46870.2,0,test,224.0
AT3G47120,AT3G47120.1,0,train,1240.0
AT3G47347,AT3G47347.1,0,train,
AT3G47620,AT3G47620.1,1,train,718.0
AT3G47675,AT3G47675.1,0,train,510.0
AT3G47820,AT3G47820.1,1,test,50.0
AT3G47836,AT3G47836.1,0,train,491.0
AT3G47980,AT3G47980.1,0,train,293.0
AT3G48030,AT3G48030.1,0,train,1230.0
AT3G48115,AT3G48115.2,0,train,
AT3G48330,AT3G48330.4,1,train,1070.0
AT3G48520,AT3G48520.1,0,test,701.0
AT3G48720,AT3G48720.1,1,val,793.0
AT3G48930,AT3G48930.1,1,val,537.0
AT3G49100,AT3G49100.2,1,val,409.0
AT3G49550,AT3G49550.1,0,train,665.0
AT3G49850,AT3G49850.2,0,train,1138.0
AT3G49910,AT3G49910.1,1,train,653.0
AT3G49990,AT3G49990.1,1,train,707.0
AT3G50440,AT3G50440.1,1,train,6.0
AT3G50825,AT3G50825.1,0,train,
AT3G50920,AT3G50920.1,0,test,1099.0
AT3G50930,AT3G50930.1,1,train,951.0
AT3G50970,AT3G50970.1,1,train,142.0
AT3G51420,AT3G51420.1,1,train,1274.0
AT3G51660,AT3G51660.1,1,train,37.0
AT3G51860,AT3G51860.2,0,train,97.0
AT3G51970,AT3G51970.1,0,train,1253.0
AT3G52040,AT3G52040.1,1,val,497.0
AT3G52072,AT3G52072.2,0,train,
AT3G52070,AT3G52070.1,0,train,438.0
AT3G52100,AT3G52100.1,1,test,866.0
AT3G52130,AT3G52130.1,0,train,432.0
AT3G52190,AT3G52190.1,0,train,1218.0
AT3G52430,AT3G52430.1,1,test,740.0
AT3G52500,AT3G52500.1,1,train,809.0
AT3G52561,AT3G52561.1,0,test,405.0
AT3G52565,AT3G52565.1,0,train,
AT3G52580,AT3G52580.1,1,train,95.0
AT3G52590,AT3G52590.1,1,test,94.0
AT3G52720,AT3G52720.4,1,train,1086.0
AT3G52920,AT3G52920.1,1,train,77.0
AT3G53020,AT3G53020.1,1,train,548.0
AT3G53040,AT3G53040.1,0,val,813.0
AT3G53120,AT3G53120.1,1,train,367.0
AT3G53220,AT3G53220.1,0,train,639.0
AT3G53480,AT3G53480.1,0,val,113.0
AT3G53490,AT3G53490.1,0,train,270.0
AT3G53560,AT3G53560.2,1,train,1158.0
AT3G54230,AT3G54230.2,1,train,910.0
AT3G54230,AT3G54230.2,1,train,910.0
AT3G54230,AT3G54230.2,1,train,910.0
AT3G54230,AT3G54230.2,1,train,910.0
AT3G54400,AT3G54400.1,1,train,92.0
AT3G54470,AT3G54470.1,1,train,820.0
AT3G54540,AT3G54540.1,1,test,877.0
AT3G54560,AT3G54560.1,1,val,624.0
AT3G54580,AT3G54580.1,0,test,4.0
AT3G54590,AT3G54590.3,0,test,4.0
AT3G54600,AT3G54600.1,1,train,69.0
AT3G54900,AT3G54900.1,1,train,573.0
AT3G54940,AT3G54940.2,0,test,1278.0
AT3G55005,AT3G55005.1,1,train,274.0
AT3G55010,AT3G55010.2,1,train,1209.0
AT3G55120,AT3G55120.1,0,val,39.0
AT3G55250,AT3G55250.1,1,train,1105.0
AT3G55280,AT3G55280.1,1,test,555.0
AT3G55330,AT3G55330.1,1,train,51.0
AT3G55485,AT3G55485.1,0,train,
AT3G55610,AT3G55610.1,1,train,879.0
AT3G55970,AT3G55970.1,1,train,1265.0
AT3G56020,AT3G56020.1,0,train,83.0
AT3G56070,AT3G56070.1,0,test,3.0
AT3G56210,AT3G56210.5,0,train,141.0
AT3G56240,AT3G56240.1,1,train,419.0
AT3G56460,AT3G56460.1,1,train,1228.0
AT3G56490,AT3G56490.1,0,val,65.0
AT3G56740,AT3G56740.1,0,train,1145.0
AT3G56820,AT3G56820.1,0,test,353.0
AT3G57050,AT3G57050.1,1,train,832.0
AT3G57090,AT3G57090.2,0,train,579.0
AT3G57870,AT3G57870.1,1,train,538.0
AT3G58000,AT3G58000.1,0,train,589.0
AT3G58193,AT3G58193.1,0,train,
AT3G58600,AT3G58600.1,1,val,1126.0
AT3G58720,AT3G58720.3,0,train,1009.0
AT3G58990,AT3G58990.1,1,train,110.0
AT3G59068,AT3G59068.1,0,train,
AT3G59340,AT3G59340.2,0,val,1291.0
AT3G59400,AT3G59400.1,1,train,184.0
AT3G59540,AT3G59540.1,1,test,465.0
AT3G59600,AT3G59600.1,1,train,650.0
AT3G59840,AT3G59840.1,1,train,509.0
AT3G59870,AT3G59870.1,1,train,104.0
AT3G60210,AT3G60210.1,1,train,86.0
AT3G60250,AT3G60250.1,1,val,1091.0
AT3G60370,AT3G60370.2,1,train,240.0
AT3G60450,AT3G60450.2,1,train,1021.0
AT3G60910,AT3G60910.1,1,train,267.0
AT3G61140,AT3G61140.1,1,val,766.0
AT3G61190,AT3G61190.2,0,train,188.0
AT3G61370,AT3G61370.2,1,train,632.0
AT3G61710,AT3G61710.1,1,test,748.0
AT3G61930,AT3G61930.1,0,train,392.0
AT3G61962,AT3G61962.1,0,train,484.0
AT3G62250,AT3G62250.1,1,test,94.0
AT3G62260,AT3G62260.2,0,train,1150.0
AT3G62270,AT3G62270.1,0,train,865.0
AT3G62310,AT3G62310.2,1,train,54.0
AT3G62410,AT3G62410.1,1,train,642.0
AT3G62650,AT3G62650.2,1,test,99.0
AT3G62680,AT3G62680.1,0,train,53.0
AT3G62810,AT3G62810.1,0,train,386.0
AT3G62820,AT3G62820.1,1,test,151.0
AT3G62920,AT3G62920.1,0,train,522.0
AT3G63052,AT3G63052.1,0,train,463.0
AT3G63080,AT3G63080.1,1,train,75.0
AT3G63130,AT3G63130.1,1,train,729.0
AT3G63170,AT3G63170.1,1,test,1100.0
AT3G63250,AT3G63250.1,1,train,1049.0
AT2G01300,AT2G01300.1,0,train,90.0
AT2G01400,AT2G01400.1,0,train,651.0
AT2G01430,AT2G01430.1,0,train,1097.0
AT2G01530,AT2G01530.1,0,test,660.0
AT2G01640,AT2G01640.1,0,train,570.0
AT2G01650,AT2G01650.2,1,test,823.0
AT2G01870,AT2G01870.1,1,train,565.0
AT2G02570,AT2G02570.2,1,train,1111.0
AT2G02990,AT2G02990.1,0,train,261.0
AT2G03020,AT2G03020.1,0,train,260.0
AT2G03070,AT2G03070.1,1,train,759.0
AT2G03440,AT2G03440.1,1,val,57.0
AT2G03510,AT2G03510.1,1,train,1281.0
AT2G03810,AT2G03810.4,0,train,772.0
AT2G03870,AT2G03870.2,1,train,22.0
AT2G04039,AT2G04039.2,1,train,595.0
AT2G04050,AT2G04050.1,0,train,81.0
AT2G04550,AT2G04550.1,0,train,281.0
AT2G04690,AT2G04690.5,1,val,266.0
AT2G04700,AT2G04700.1,1,train,654.0
AT2G04880,AT2G04880.1,1,train,726.0
AT2G05070,AT2G05070.1,1,train,17.0
AT2G05100,AT2G05100.2,1,train,17.0
AT2G05765,AT2G05765.1,0,train,
AT2G05812,AT2G05812.2,0,train,
AT2G05830,AT2G05830.1,1,train,1170.0
AT2G05990,AT2G05990.1,1,train,1211.0
AT2G06050,AT2G06050.1,1,train,70.0
AT2G06210,AT2G06210.1,1,train,
AT2G06255,AT2G06255.1,0,train,395.0
AT2G06530,AT2G06530.1,0,val,271.0
AT2G07180,AT2G07180.1,1,test,33.0
AT2G07771,AT2G07771.2,0,test,9.0
AT2G07773,AT2G07773.1,0,test,9.0
AT2G07776,AT2G07776.2,0,train,398.0
AT2G07749,AT2G07749.1,0,train,379.0
AT2G07777,AT2G07777.1,0,train,167.0
AT2G07671,AT2G07671.1,0,train,532.0
AT2G07779,AT2G07779.1,0,train,496.0
AT2G07743,AT2G07743.1,0,train,
AT2G07672,AT2G07672.1,0,train,540.0
AT2G07684,AT2G07684.1,0,test,483.0
AT2G07673,AT2G07673.1,0,train,387.0
AT2G07674,AT2G07674.2,0,val,1069.0
AT2G07751,AT2G07751.1,0,train,425.0
AT2G07675,AT2G07675.1,0,train,636.0
AT2G07676,AT2G07676.1,0,val,450.0
AT2G07768,AT2G07768.1,0,val,558.0
AT2G07746,AT2G07746.1,0,train,
AT2G07748,AT2G07748.1,0,train,
AT2G07669,AT2G07669.1,0,train,399.0
AT2G07681,AT2G07681.1,0,test,9.0
AT2G07772,AT2G07772.1,0,train,207.0
AT2G07753,AT2G07753.1,0,train,
AT2G07774,AT2G07774.1,0,test,454.0
AT2G07687,AT2G07687.1,0,test,187.0
AT2G07755,AT2G07755.1,0,train,
AT2G07792,AT2G07792.1,0,train,
AT2G07689,AT2G07689.1,0,train,330.0
AT2G07691,AT2G07691.1,0,train,625.0
AT2G07692,AT2G07692.1,0,train,622.0
AT2G07695,AT2G07695.1,0,train,1127.0
AT2G07785,AT2G07785.1,0,train,406.0
AT2G07599,AT2G07599.2,0,test,1255.0
AT2G07696,AT2G07696.1,0,train,667.0
AT2G07798,AT2G07798.1,0,train,1031.0
AT2G07698,AT2G07698.1,0,train,843.0
AT2G07667,AT2G07667.1,0,train,366.0
AT2G07793,AT2G07793.1,0,train,
AT2G07701,AT2G07701.1,0,test,412.0
AT2G07702,AT2G07702.1,0,val,611.0
AT2G07705,AT2G07705.1,0,train,27.0
AT2G07706,AT2G07706.1,0,train,702.0
AT2G07794,AT2G07794.1,0,train,
AT2G07707,AT2G07707.1,0,train,567.0
AT2G07708,AT2G07708.1,0,train,684.0
AT2G07713,AT2G07713.1,0,val,434.0
AT2G07714,AT2G07714.1,0,test,137.0
AT2G07715,AT2G07715.1,0,val,1210.0
AT2G07718,AT2G07718.1,0,train,1025.0
AT2G07719,AT2G07719.1,0,train,550.0
AT2G07721,AT2G07721.1,0,train,616.0
AT2G07722,AT2G07722.1,0,train,669.0
AT2G07815,AT2G07815.1,0,train,1103.0
AT2G07756,AT2G07756.1,0,train,
AT2G07724,AT2G07724.1,0,train,388.0
AT2G07725,AT2G07725.1,0,train,242.0
AT2G07727,AT2G07727.1,0,train,1207.0
AT2G07757,AT2G07757.1,0,train,
AT2G07728,AT2G07728.1,0,train,1080.0
AT2G07732,AT2G07732.1,0,train,447.0
AT2G07734,AT2G07734.1,0,train,1266.0
AT2G07825,AT2G07825.1,0,train,464.0
AT2G07827,AT2G07827.2,0,train,208.0
AT2G07830,AT2G07830.1,0,val,482.0
AT2G07787,AT2G07787.1,0,train,411.0
AT2G07806,AT2G07806.2,0,train,321.0
AT2G07738,AT2G07738.1,0,train,501.0
AT2G07795,AT2G07795.1,0,train,396.0
AT2G07759,AT2G07759.1,0,train,
AT2G07761,AT2G07761.1,0,train,
AT2G07763,AT2G07763.1,0,train,
AT2G07739,AT2G07739.1,0,val,172.0
AT2G07764,AT2G07764.1,0,train,
AT2G07765,AT2G07765.1,0,train,
AT2G07835,AT2G07835.1,0,train,634.0
AT2G07741,AT2G07741.1,0,test,1163.0
AT2G07766,AT2G07766.1,0,train,
AT2G11271,AT2G11271.1,0,train,485.0
AT2G11778,AT2G11778.1,0,train,486.0
AT2G12461,AT2G12461.1,0,train,96.0
AT2G12905,AT2G12905.1,0,train,467.0
AT2G13540,AT2G13540.1,1,test,854.0
AT2G14750,AT2G14750.1,1,val,1092.0
AT2G16586,AT2G16586.1,0,val,480.0
AT2G16790,AT2G16790.3,0,train,149.0
AT2G17700,AT2G17700.1,1,train,841.0
AT2G17790,AT2G17790.1,1,val,851.0
AT2G17870,AT2G17870.1,1,test,21.0
AT2G18050,AT2G18050.1,0,val,607.0
AT2G18245,AT2G18245.1,0,train,1221.0
AT2G18410,AT2G18410.2,1,val,1018.0
AT2G18890,AT2G18890.1,0,test,1205.0
AT2G18969,AT2G18969.1,0,test,582.0
AT2G18980,AT2G18980.1,0,val,15.0
AT2G19060,AT2G19060.1,0,test,23.0
AT2G19350,AT2G19350.1,0,test,402.0
AT2G19385,AT2G19385.1,1,val,1094.0
AT2G19520,AT2G19520.1,1,train,752.0
AT2G19572,AT2G19572.1,0,train,
AT2G20340,AT2G20340.1,1,train,695.0
AT2G20450,AT2G20450.1,1,train,627.0
AT2G20495,AT2G20495.3,0,train,1121.0
AT2G20550,AT2G20550.2,1,val,1079.0
AT2G20610,AT2G20610.1,1,train,837.0
AT2G20690,AT2G20690.1,1,train,236.0
AT2G20750,AT2G20750.2,1,train,374.0
AT2G21060,AT2G21060.1,1,test,21.0
AT2G21188,AT2G21188.1,0,train,
AT2G21270,AT2G21270.3,1,train,1245.0
AT2G21280,AT2G21280.2,1,test,1267.0
AT2G21860,AT2G21860.1,1,train,760.0
AT2G22475,AT2G22475.1,1,train,1108.0
AT2G22480,AT2G22480.1,1,train,742.0
AT2G22790,AT2G22790.1,0,val,1065.0
AT2G23360,AT2G23360.1,1,test,900.0
AT2G23600,AT2G23600.2,1,train,6.0
AT2G23610,AT2G23610.1,1,train,6.0
AT2G23670,AT2G23670.1,0,train,608.0
AT2G23930,AT2G23930.1,0,train,22.0
AT2G23970,AT2G23970.1,0,train,44.0
AT2G24395,AT2G24395.1,0,train,619.0
AT2G24592,AT2G24592.1,0,train,
AT2G24860,AT2G24860.1,0,train,655.0
AT2G25210,AT2G25210.1,0,train,115.0
AT2G25670,AT2G25670.2,1,train,1006.0
AT2G26060,AT2G26060.1,1,train,1241.0
AT2G26080,AT2G26080.1,1,val,912.0
AT2G26110,AT2G26110.1,1,train,1016.0
AT2G26210,AT2G26210.4,1,train,233.0
AT2G26340,AT2G26340.2,1,train,159.0
AT2G26430,AT2G26430.3,1,train,1290.0
AT2G26460,AT2G26460.1,1,train,919.0
AT2G26990,AT2G26990.1,1,val,773.0
AT2G27040,AT2G27040.1,1,train,902.0
AT2G27285,AT2G27285.1,1,val,1060.0
AT2G27389,AT2G27389.1,0,train,248.0
AT2G27930,AT2G27930.5,0,train,230.0
AT2G27960,AT2G27960.1,1,train,525.0
AT2G28290,AT2G28290.5,1,test,893.0
AT2G28390,AT2G28390.1,1,test,976.0
AT2G28430,AT2G28430.1,1,train,533.0
AT2G28510,AT2G28510.1,0,val,1083.0
AT2G28950,AT2G28950.1,1,train,0.0
AT2G29200,AT2G29200.1,1,val,119.0
AT2G29320,AT2G29320.2,1,val,213.0
AT2G29540,AT2G29540.3,0,train,670.0
AT2G29560,AT2G29560.1,1,train,819.0
AT2G29700,AT2G29700.1,1,train,657.0
AT2G29995,AT2G29995.1,0,train,460.0
AT2G30020,AT2G30020.1,0,train,1219.0
AT2G30050,AT2G30050.1,1,train,122.0
AT2G30150,AT2G30150.2,1,train,830.0
AT2G30390,AT2G30390.2,1,val,763.0
AT2G30410,AT2G30410.1,1,train,442.0
AT2G30620,AT2G30620.1,1,train,114.0
AT2G30695,AT2G30695.2,0,train,178.0
AT2G30860,AT2G30860.1,1,train,327.0
AT2G31040,AT2G31040.1,1,train,1226.0
AT2G31380,AT2G31380.1,0,train,291.0
AT2G31610,AT2G31610.1,1,train,232.0
AT2G31710,AT2G31710.1,0,train,414.0
AT2G31725,AT2G31725.1,1,train,664.0
AT2G31730,AT2G31730.1,0,test,562.0
AT2G31790,AT2G31790.1,1,train,12.0
AT2G32060,AT2G32060.2,1,test,656.0
AT2G32200,AT2G32200.2,0,train,397.0
AT2G32240,AT2G32240.1,1,train,896.0
AT2G32460,AT2G32460.1,0,val,720.0
AT2G32500,AT2G32500.1,1,val,350.0
AT2G32520,AT2G32520.2,1,train,1010.0
AT2G32650,AT2G32650.2,0,train,673.0
AT2G32700,AT2G32700.7,1,val,859.0
AT2G32810,AT2G32810.1,1,test,906.0
AT2G32840,AT2G32840.1,0,val,1247.0
AT2G33120,AT2G33120.2,1,val,254.0
AT2G33250,AT2G33250.1,0,train,1109.0
AT2G33255,AT2G33255.1,1,train,295.0
AT2G33380,AT2G33380.1,1,train,311.0
AT2G33410,AT2G33410.1,1,train,1216.0
AT2G33480,AT2G33480.1,0,train,150.0
AT2G33800,AT2G33800.1,1,train,1122.0
AT2G33830,AT2G33830.2,1,train,381.0
AT2G34070,AT2G34070.1,1,train,1156.0
AT2G34460,AT2G34460.1,1,train,1101.0
AT2G34470,AT2G34470.2,1,train,1089.0
AT2G34480,AT2G34480.2,1,train,364.0
AT2G34600,AT2G34600.1,0,test,668.0
AT2G34620,AT2G34620.1,0,val,1125.0
AT2G35230,AT2G35230.1,1,test,1214.0
AT2G35240,AT2G35240.1,1,train,307.0
AT2G35290,AT2G35290.1,0,train,420.0
AT2G35300,AT2G35300.1,0,train,506.0
AT2G35370,AT2G35370.1,1,train,592.0
AT2G35390,AT2G35390.4,1,train,1238.0
AT2G35530,AT2G35530.1,1,train,1186.0
AT2G35605,AT2G35605.1,1,train,390.0
AT2G35690,AT2G35690.1,1,val,960.0
AT2G35750,AT2G35750.1,0,test,494.0
AT2G35810,AT2G35810.1,1,train,117.0
AT2G35820,AT2G35820.2,1,train,117.0
AT2G35859,AT2G35859.1,0,train,
AT2G35860,AT2G35860.1,1,train,780.0
AT2G35940,AT2G35940.3,1,test,972.0
AT2G36230,AT2G36230.1,1,val,1118.0
AT2G36480,AT2G36480.1,1,train,914.0
AT2G36870,AT2G36870.1,1,train,107.0
AT2G36880,AT2G36880.1,1,train,68.0
AT2G36885,AT2G36885.1,0,val,257.0
AT2G36895,AT2G36895.3,0,train,373.0
AT2G37030,AT2G37030.1,0,train,429.0
AT2G37040,AT2G37040.1,1,train,11.0
AT2G37080,AT2G37080.2,1,test,925.0
AT2G37130,AT2G37130.1,0,train,30.0
AT2G37240,AT2G37240.1,0,val,346.0
AT2G37330,AT2G37330.1,0,val,206.0
AT2G37470,AT2G37470.1,1,train,82.0
AT2G37540,AT2G37540.1,1,test,1051.0
AT2G37680,AT2G37680.2,1,train,298.0
AT2G37750,AT2G37750.1,0,train,515.0
AT2G38025,AT2G38025.1,0,train,315.0
AT2G38410,AT2G38410.1,1,train,958.0
AT2G38465,AT2G38465.1,0,train,524.0
AT2G38860,AT2G38860.2,1,train,69.0
AT2G39050,AT2G39050.1,0,train,1003.0
AT2G39080,AT2G39080.1,1,val,1232.0
AT2G39650,AT2G39650.1,0,train,1128.0
AT2G39700,AT2G39700.1,1,train,0.0
AT2G39940,AT2G39940.1,1,train,933.0
AT2G40140,AT2G40140.1,1,train,928.0
AT2G40270,AT2G40270.1,0,train,719.0
AT2G40430,AT2G40430.2,1,train,776.0
AT2G40630,AT2G40630.3,1,test,1159.0
AT2G40805,at2g40805,0,train,
AT2G40880,AT2G40880.1,1,train,637.0
AT2G41020,AT2G41020.2,1,train,1152.0
AT2G41090,AT2G41090.1,1,train,10.0
AT2G41100,AT2G41100.1,1,train,10.0
AT2G41380,AT2G41380.1,1,val,223.0
AT2G41430,AT2G41430.4,1,train,545.0
AT2G41680,AT2G41680.1,1,train,733.0
AT2G41760,AT2G41760.1,0,val,348.0
AT2G41780,AT2G41780.1,0,train,635.0
AT2G41850,AT2G41850.1,0,train,801.0
AT2G41870,AT2G41870.1,1,test,210.0
AT2G41900,AT2G41900.1,1,train,108.0
AT2G41990,AT2G41990.1,0,test,1139.0
AT2G42220,AT2G42220.1,1,train,313.0
AT2G42390,AT2G42390.1,0,train,347.0
AT2G42690,AT2G42690.1,1,train,1201.0
AT2G42780,AT2G42780.1,0,train,1142.0
AT2G42790,AT2G42790.1,1,train,751.0
AT2G42880,AT2G42880.1,1,test,41.0
AT2G42900,AT2G42900.1,0,train,1090.0
AT2G43030,AT2G43030.1,1,test,243.0
AT2G43100,AT2G43100.1,1,train,110.0
AT2G43510,AT2G43510.1,0,test,503.0
AT2G43640,AT2G43640.1,1,train,423.0
AT2G43750,AT2G43750.1,1,test,76.0
AT2G43780,AT2G43780.4,0,train,498.0
AT2G43940,AT2G43940.1,0,test,277.0
AT2G43945,AT2G43945.1,1,train,104.0
AT2G44130,AT2G44130.1,0,train,1189.0
AT2G44200,AT2G44200.1,1,train,696.0
AT2G44290,AT2G44290.1,0,train,156.0
AT2G44650,AT2G44650.1,1,train,86.0
AT2G44760,AT2G44760.1,1,test,705.0
AT2G44920,AT2G44920.2,0,train,272.0
AT2G45060,AT2G45060.1,1,train,200.0
AT2G45140,AT2G45140.1,1,train,290.0
AT2G45220,AT2G45220.1,1,val,8.0
AT2G45260,AT2G45260.1,1,train,792.0
AT2G45300,AT2G45300.2,1,train,762.0
AT2G45470,AT2G45470.1,1,train,25.0
AT2G45540,AT2G45540.2,1,val,890.0
AT2G46090,AT2G46090.1,1,train,1264.0
AT2G46225,AT2G46225.2,1,val,1033.0
AT2G46230,AT2G46230.2,1,train,194.0
AT2G46650,AT2G46650.1,1,test,620.0
AT2G46910,AT2G46910.1,1,train,1072.0
AT2G47380,AT2G47380.2,1,val,111.0
AT2G47485,AT2G47485.1,0,test,99.0
AT2G47710,AT2G47710.1,1,train,549.0
AT2G47910,AT2G47910.1,1,train,351.0
AT4G00026,AT4G00026.1,0,test,221.0
AT4G00100,AT4G00100.1,1,test,661.0
AT4G00230,AT4G00230.1,1,test,873.0
AT4G00342,AT4G00342.1,0,val,492.0
AT4G00430,AT4G00430.2,1,train,105.0
AT4G00570,AT4G00570.1,1,train,979.0
AT4G00620,AT4G00620.1,0,val,1294.0
AT4G00860,AT4G00860.1,1,val,523.0
AT4G01070,AT4G01070.1,1,train,815.0
AT4G01090,AT4G01090.1,1,train,861.0
AT4G01480,AT4G01480.1,1,train,369.0
AT4G02080,AT4G02080.1,1,train,144.0
AT4G02530,AT4G02530.2,1,train,177.0
AT4G02980,AT4G02980.1,0,train,135.0
AT4G03150,AT4G03150.1,1,train,241.0
AT4G03400,AT4G03400.1,1,train,934.0
AT4G03610,AT4G03610.4,0,train,1007.0
AT4G04610,AT4G04610.1,1,val,13.0
AT4G04614,AT4G04614.2,1,train,587.0
AT4G05000,AT4G05000.3,1,test,335.0
AT4G05440,AT4G05440.1,0,train,1050.0
AT4G05450,AT4G05450.1,0,train,136.0
AT4G07390,AT4G07390.1,0,test,40.0
AT4G08345,AT4G08345.1,0,train,
AT4G08540,AT4G08540.1,1,train,806.0
AT4G09040,AT4G09040.1,1,test,1119.0
AT4G09620,AT4G09620.2,1,test,333.0
AT4G09650,AT4G09650.1,1,val,302.0
AT4G09720,AT4G09720.3,0,test,370.0
AT4G09840,AT4G09840.2,0,train,413.0
AT4G10120,AT4G10120.3,1,test,911.0
AT4G10300,AT4G10300.1,1,train,628.0
AT4G10610,AT4G10610.1,1,train,1045.0
AT4G10680,AT4G10680.1,0,train,190.0
AT4G10970,AT4G10970.6,1,train,1076.0
AT4G11280,AT4G11280.1,0,train,690.0
AT4G11640,AT4G11640.1,1,train,1034.0
AT4G11790,AT4G11790.1,1,test,767.0
AT4G11860,AT4G11860.1,1,test,971.0
AT4G12290,AT4G12290.1,0,train,872.0
AT4G12390,AT4G12390.1,1,train,169.0
AT4G12440,AT4G12440.3,0,test,73.0
AT4G12545,AT4G12545.1,0,val,5.0
AT4G12550,AT4G12550.1,0,val,5.0
AT4G12730,AT4G12730.1,1,train,25.0
AT4G13100,AT4G13100.2,0,train,161.0
AT4G13390,AT4G13390.1,0,train,786.0
AT4G13460,AT4G13460.2,1,train,45.0
AT4G13670,AT4G13670.2,1,train,1106.0
AT4G13770,AT4G13770.1,1,test,29.0
AT4G13850,AT4G13850.1,1,test,20.0
AT4G13940,AT4G13940.1,1,train,708.0
AT4G14000,AT4G14000.1,1,train,1134.0
AT4G14030,AT4G14030.1,1,train,721.0
AT4G14145,AT4G14145.1,0,test,621.0
AT4G14160,AT4G14160.1,1,train,846.0
AT4G14340,AT4G14340.2,1,train,7.0
AT4G14342,AT4G14342.2,1,train,401.0
AT4G14440,AT4G14440.1,1,test,288.0
AT4G14520,AT4G14520.4,0,train,186.0
AT4G14680,AT4G14680.2,1,train,18.0
AT4G14819,AT4G14819.1,0,val,418.0
AT4G14990,AT4G14990.1,1,train,103.0
AT4G15230,AT4G15230.1,0,val,113.0
AT4G15390,AT4G15390.1,0,train,782.0
AT4G15545,AT4G15545.1,1,test,1248.0
AT4G15560,AT4G15560.1,1,train,864.0
AT4G15620,AT4G15620.1,0,train,63.0
AT4G15630,AT4G15630.1,0,train,63.0
AT4G15700,AT4G15700.1,0,val,43.0
AT4G15790,AT4G15790.2,0,train,216.0
AT4G15820,AT4G15820.1,1,test,831.0
AT4G15880,AT4G15880.1,1,train,722.0
AT4G16146,AT4G16146.1,0,test,85.0
AT4G16265,AT4G16265.2,0,val,613.0
AT4G16442,AT4G16442.1,0,test,192.0
AT4G16566,AT4G16566.1,1,test,574.0
AT4G16720,AT4G16720.1,1,val,182.0
AT4G16790,AT4G16790.1,1,val,803.0
AT4G16950,AT4G16950.1,1,train,895.0
AT4G17050,AT4G17050.1,1,train,1113.0
AT4G17140,AT4G17140.1,1,train,892.0
AT4G17650,AT4G17650.1,1,train,253.0
AT4G18030,AT4G18030.1,1,val,991.0
AT4G18372,AT4G18372.1,0,train,443.0
AT4G18593,AT4G18593.2,0,test,680.0
AT4G19100,AT4G19100.1,1,val,329.0
AT4G19170,AT4G19170.1,1,train,935.0
AT4G19230,AT4G19230.2,0,val,80.0
AT4G19710,AT4G19710.2,1,train,899.0
AT4G19840,AT4G19840.1,1,val,263.0
AT4G19985,AT4G19985.4,0,train,227.0
AT4G20720,AT4G20720.2,1,val,984.0
AT4G20980,AT4G20980.2,1,train,927.0
AT4G21190,AT4G21190.1,0,train,1014.0
AT4G21320,AT4G21320.1,1,train,1081.0
AT4G21470,AT4G21470.1,1,val,1180.0
AT4G21490,AT4G21490.1,0,test,924.0
AT4G21865,AT4G21865.1,0,train,561.0
AT4G21960,AT4G21960.1,1,train,30.0
AT4G21990,AT4G21990.1,1,val,13.0
AT4G22150,AT4G22150.1,1,val,1123.0
AT4G22310,AT4G22310.1,0,train,382.0
AT4G22570,AT4G22570.2,1,test,73.0
AT4G22610,AT4G22610.1,0,train,435.0
AT4G23510,AT4G23510.1,0,train,988.0
AT4G23560,AT4G23560.1,0,train,84.0
AT4G24350,AT4G24350.3,1,train,268.0
AT4G24440,AT4G24440.1,1,train,410.0
AT4G24510,AT4G24510.1,1,train,1198.0
AT4G24570,AT4G24570.1,0,train,1026.0
AT4G24750,AT4G24750.1,0,train,1136.0
AT4G24780,AT4G24780.1,1,val,58.0
AT4G24800,AT4G24800.3,1,train,868.0
AT4G25140,AT4G25140.1,0,val,577.0
AT4G25470,AT4G25470.1,0,train,326.0
AT4G25490,AT4G25490.1,0,test,55.0
AT4G25550,AT4G25550.1,1,train,185.0
AT4G25820,AT4G25820.1,0,train,107.0
AT4G25840,AT4G25840.1,1,train,1114.0
AT4G26240,AT4G26240.1,0,test,134.0
AT4G26555,AT4G26555.1,1,train,165.0
AT4G26720,AT4G26720.1,1,train,42.0
AT4G26870,AT4G26870.1,1,train,734.0
AT4G27070,AT4G27070.1,1,train,812.0
AT4G27380,AT4G27380.1,0,train,563.0
AT4G27652,AT4G27652.1,0,train,118.0
AT4G27654,AT4G27654.1,0,val,466.0
AT4G27657,AT4G27657.1,0,train,118.0
AT4G27690,AT4G27690.1,1,train,125.0
AT4G27765,at4g27765,0,train,
AT4G28440,AT4G28440.1,1,test,559.0
AT4G28706,AT4G28706.4,1,test,769.0
AT4G28730,AT4G28730.2,1,train,683.0
AT4G28860,AT4G28860.1,1,train,7.0
AT4G28990,AT4G28990.2,1,train,1220.0
AT4G29410,AT4G29410.1,1,train,681.0
AT4G29490,AT4G29490.1,1,train,717.0
AT4G29720,AT4G29720.1,1,val,728.0
AT4G29780,AT4G29780.1,0,train,737.0
AT4G29800,AT4G29800.2,0,train,758.0
AT4G29830,AT4G29830.1,1,train,1052.0
AT4G30100,AT4G30100.1,1,train,889.0
AT4G30140,AT4G30140.1,0,test,23.0
AT4G30160,AT4G30160.2,1,test,913.0
AT4G30170,AT4G30170.1,0,val,15.0
AT4G30310,AT4G30310.2,1,val,950.0
AT4G30530,AT4G30530.1,1,train,44.0
AT4G31120,AT4G31120.2,1,train,922.0
AT4G31500,AT4G31500.1,1,test,29.0
AT4G31530,AT4G31530.2,0,train,1246.0
AT4G31877,at4g31877,0,train,
AT4G32285,AT4G32285.2,1,val,985.0
AT4G32320,AT4G32320.1,1,train,1036.0
AT4G32340,AT4G32340.1,0,train,289.0
AT4G32470,AT4G32470.1,1,val,428.0
AT4G32590,AT4G32590.5,1,val,638.0
AT4G33080,AT4G33080.1,1,test,755.0
AT4G33310,AT4G33310.1,0,train,526.0
AT4G33350,AT4G33350.1,1,val,132.0
AT4G33500,AT4G33500.1,1,test,876.0
AT4G33540,AT4G33540.1,1,train,1286.0
AT4G33670,AT4G33670.1,1,train,1059.0
AT4G34050,AT4G34050.3,1,train,1084.0
AT4G34200,AT4G34200.1,1,train,980.0
AT4G34215,AT4G34215.2,1,train,328.0
AT4G34270,AT4G34270.1,1,train,1135.0
AT4G34410,AT4G34410.1,0,train,138.0
AT4G34412,AT4G34412.1,1,val,581.0
AT4G34570,AT4G34570.1,0,train,940.0
AT4G34700,AT4G34700.1,1,train,449.0
AT4G34860,AT4G34860.1,0,train,38.0
AT4G34920,AT4G34920.1,1,val,1004.0
AT4G34980,AT4G34980.1,1,train,847.0
AT4G35260,AT4G35260.1,1,train,1279.0
AT4G35310,AT4G35310.1,1,train,49.0
AT4G35410,AT4G35410.2,1,val,552.0
AT4G36020,AT4G36020.1,1,test,21.0
AT4G36880,AT4G36880.1,0,test,16.0
AT4G36910,AT4G36910.1,1,train,308.0
AT4G36940,AT4G36940.1,1,train,944.0
AT4G37000,AT4G37000.1,1,val,1056.0
AT4G37095,AT4G37095.1,0,train,79.0
AT4G37120,AT4G37120.1,1,train,736.0
AT4G37200,AT4G37200.1,1,train,337.0
AT4G37210,AT4G37210.1,1,train,697.0
AT4G37220,AT4G37220.1,0,train,183.0
AT4G37409,AT4G37409.1,0,train,645.0
AT4G37445,AT4G37445.1,0,train,551.0
AT4G37483,AT4G37483.1,0,train,469.0
AT4G37925,AT4G37925.1,1,train,371.0
AT4G38495,AT4G38495.1,0,val,430.0
AT4G38740,AT4G38740.1,1,test,3.0
AT4G38910,AT4G38910.2,0,train,1071.0
AT4G39690,AT4G39690.1,1,train,962.0
AT4G39800,AT4G39800.1,1,val,753.0
AT4G40070,AT4G40070.1,0,train,1053.0
AT4G40090,AT4G40090.1,0,train,676.0
