geneID,transcript_id,class,condition,qc_fail,mrna_length,fA,fU,fG,fC,au_content,gc_content,di_AA,di_AU,di_AG,di_AC,di_UA,di_UU,di_UG,di_UC,di_GA,di_GU,di_GG,di_GC,di_CA,di_CU,di_CG,di_CC,utr5_length,utr3_length,cds_length,utr5_fraction,utr3_fraction,cds_fraction,utr3_au_content,rrach_count,rrach_per_kb,aaach_count,aaach_per_kb,mfe,mfe_per_nt,frac_paired,n_stemloops,n_stemloops_per_kb,long_3utr,ptc_proxy,bioemu_tier,bioemu_status,feature_source,rmsf_mean,rmsf_std,rmsf_max,rmsf_nterm50,rmsf_cterm50,rg_mean,rg_std,rg_cv,contact_density,packing_density,sasa_per_residue,pass_rate,n_residues,idr_percent,mean_disorder,max_disorder_window,n_idr_regions,longest_idr_region,isoform_source,event_type,cluster_id,split,numt_decision,numt_reason
AT2G07771,AT2G07771.2,0,depleted,False,771,0.2334630350194552,0.3372243839169909,0.1945525291828793,0.2347600518806744,0.5706874189364461,0.4293125810635538,0.0753246753246753,0.074025974025974,0.0298701298701298,0.0532467532467532,0.0636363636363636,0.1194805194805194,0.0636363636363636,0.0909090909090909,0.0402597402597402,0.0571428571428571,0.0597402597402597,0.0376623376623376,0.0532467532467532,0.087012987012987,0.0415584415584415,0.0532467532467532,0,154,768,0.0,0.1997405966277561,0.9961089494163424,0.5714,10,12.97016861219196,4,5.188067444876784,-174.5,-0.2263294422827496,0.5292,8.0,10.376134889753567,0,0,1.0,completed,bioemu,6.493,4.338,27.9793,5.8696,12.5559,23.0404,2.3119,0.1003,9.0,30.1044,26.0586,0.9,256.0,2.34,0.2057,0.3209,1.0,6.0,canonical_fallback,,9.0,test,EXCLUDE,NUMT_contaminant (CSV)
AT2G07773,AT2G07773.1,0,depleted,False,1770,0.2745762711864407,0.3028248587570621,0.235593220338983,0.1870056497175141,0.5774011299435028,0.4225988700564971,0.0915771622385528,0.075183719615602,0.0667043527416619,0.0412662521198417,0.0565291124929338,0.1147540983606557,0.0672696438665912,0.0644431882419446,0.0780101752402487,0.0559638213680045,0.0616167326172979,0.040135669869983,0.0486150367439231,0.0570944036178632,0.040135669869983,0.0407009609949123,604,344,819,0.3412429378531073,0.1943502824858757,0.4627118644067796,0.561,15,8.474576271186441,5,2.824858757062147,-518.4,-0.2928813559322034,0.6508,29.0,16.384180790960453,0,0,3.0,completed,bioemu,23.7084,5.76,48.5109,28.8914,21.4136,36.9577,9.7883,0.2649,7.7436,28.5727,62.8721,0.66,273.0,39.56,0.4701,0.9664,7.0,65.0,canonical_fallback,,9.0,test,EXCLUDE,NUMT_contaminant (CSV)
AT2G07776,AT2G07776.2,0,depleted,False,883,0.2672706681766704,0.261608154020385,0.2298980747451868,0.2412231030577576,0.5288788221970555,0.4711211778029445,0.0691609977324263,0.0759637188208616,0.0873015873015873,0.0351473922902494,0.0544217687074829,0.0600907029478458,0.0476190476190476,0.0997732426303854,0.0884353741496598,0.0351473922902494,0.0612244897959183,0.0442176870748299,0.0555555555555555,0.0895691609977324,0.0340136054421768,0.0623582766439909,535,18,327,0.6058890147225368,0.0203850509626274,0.3703284258210645,0.3889,9,10.192525481313703,3,3.3975084937712343,-283.2,-0.3207248018120045,0.6138,16.0,18.12004530011325,0,0,3.0,completed,bioemu,15.9581,3.3748,28.1846,14.8033,17.2508,24.45,5.185,0.2121,6.9174,28.5582,68.9196,0.71,109.0,34.86,0.4099,0.6725,4.0,29.0,canonical_fallback,,398.0,train,EXCLUDE,NUMT_contaminant (CSV)
AT2G07749,AT2G07749.1,0,depleted,False,2355,0.251380042462845,0.2666666666666666,0.2475583864118896,0.2343949044585987,0.5180467091295117,0.4819532908704883,0.0641461342395921,0.0577740016992353,0.0756159728122344,0.0539507221750212,0.0509770603228547,0.0853865760407816,0.0675446049277825,0.0628717077315208,0.070518266779949,0.0573491928632115,0.0594732370433305,0.0598980458793542,0.0654205607476635,0.0662701784197111,0.0450297366185216,0.0577740016992353,231,1383,738,0.0980891719745223,0.5872611464968153,0.3133757961783439,0.4982,26,11.040339702760084,8,3.397027600849257,-762.9,-0.3239490445859873,0.6531,35.0,14.8619957537155,1,0,1.0,completed,bioemu,4.437,2.523,14.3492,3.09,7.8865,24.6269,1.7096,0.0694,8.9024,28.344,30.9808,0.81,246.0,6.91,0.1951,0.6733,1.0,17.0,canonical_fallback,,379.0,train,EXCLUDE,NUMT_contaminant (CSV)
AT2G07777,AT2G07777.1,0,depleted,False,2150,0.2516279069767442,0.2804651162790698,0.2441860465116279,0.2237209302325581,0.532093023255814,0.467906976744186,0.068869241507678,0.0609585853885528,0.0800372266170311,0.0418799441600744,0.0590972545369939,0.0865518845974872,0.0544439274080967,0.0805025593299209,0.0651465798045602,0.057235923685435,0.0697999069334574,0.0521172638436482,0.0581665891112145,0.0758492322010237,0.0400186133085155,0.0493252675663099,0,1361,786,0.0,0.6330232558139535,0.3655813953488372,0.5459,16,7.441860465116279,4,1.8604651162790693,-689.7,-0.3207906976744186,0.6428,42.0,19.53488372093023,1,0,3.0,completed,bioemu,22.6937,4.5929,33.9964,26.1801,19.0326,39.4536,10.1869,0.2582,7.8397,29.0735,74.6589,0.78,262.0,30.15,0.4164,0.9032,3.0,63.0,canonical_fallback,,167.0,train,EXCLUDE,NUMT_contaminant (CSV)
AT2G07671,AT2G07671.1,0,depleted,False,776,0.2783505154639175,0.2899484536082474,0.2280927835051546,0.2036082474226804,0.5682989690721649,0.431701030927835,0.0967741935483871,0.0851612903225806,0.0658064516129032,0.0309677419354838,0.0503225806451612,0.0929032258064516,0.0632258064516129,0.0838709677419354,0.0761290322580645,0.0503225806451612,0.0541935483870967,0.0464516129032258,0.0554838709677419,0.0619354838709677,0.0451612903225806,0.0412903225806451,228,290,255,0.2938144329896907,0.3737113402061855,0.3286082474226804,0.5552,4,5.154639175257731,1,1.2886597938144329,-209.2,-0.2695876288659793,0.6314,15.0,19.329896907216494,0,0,2.0,completed,bioemu,2.9448,1.9026,11.7438,2.7929,2.73,21.3395,1.0585,0.0496,8.6118,30.988,67.3226,0.9,85.0,21.18,0.3558,0.5295,3.0,14.0,canonical_fallback,,532.0,train,EXCLUDE,NUMT_contaminant (CSV)
AT2G07779,AT2G07779.1,0,depleted,False,1452,0.2761707988980716,0.2541322314049586,0.2389807162534435,0.2307162534435261,0.5303030303030303,0.4696969696969697,0.0861474844934527,0.0592694693314955,0.0758097863542384,0.0551343900758097,0.0447966919365954,0.0827015851137146,0.0558235699517574,0.0702963473466574,0.0813232253618194,0.0516884906960716,0.0675396278428669,0.0385940730530668,0.0640937284631288,0.0606478290833907,0.0392832529290144,0.0668504479669193,763,413,273,0.5254820936639119,0.284435261707989,0.1880165289256198,0.5375,26,17.90633608815427,6,4.132231404958678,-446.3,-0.3073691460055096,0.6253,32.0,22.03856749311295,0,0,2.0,completed,bioemu,14.2236,3.7542,26.5226,13.5647,14.7442,24.0607,5.1294,0.2132,8.2857,29.4178,79.944,0.8,91.0,17.58,0.2954,0.6451,1.0,16.0,canonical_fallback,,496.0,train,EXCLUDE,NUMT_contaminant (CSV)
AT2G07743,AT2G07743.1,0,depleted,True,74,0.1756756756756756,0.1891891891891892,0.3378378378378378,0.2972972972972973,0.3648648648648648,0.6351351351351351,0.0410958904109589,0.0273972602739726,0.0958904109589041,0.0136986301369863,0.0136986301369863,0.0410958904109589,0.0410958904109589,0.0958904109589041,0.0547945205479452,0.0958904109589041,0.0958904109589041,0.0821917808219178,0.0684931506849315,0.0273972602739726,0.0958904109589041,0.1095890410958904,0,50,0,0.0,0.6756756756756757,0.0,0.28,0,0.0,0,0.0,-29.8,-0.4027027027027027,0.6486,1.0,13.513513513513514,0,0,,,,,,,,,,,,,,,,,,,,,,canonical_fallback,,,train,EXCLUDE,NUMT_contaminant (CSV)
AT2G07672,AT2G07672.1,0,depleted,False,1320,0.2628787878787879,0.2909090909090909,0.2166666666666666,0.2295454545454545,0.5537878787878788,0.4462121212121212,0.0833965125094768,0.0583775587566338,0.0614101592115238,0.0598938589840788,0.0553449583017437,0.1076573161485974,0.0576194086429113,0.070507960576194,0.0598938589840788,0.0598938589840788,0.0545868081880212,0.0416982562547384,0.0636846095526914,0.0652009097801364,0.0432145564821834,0.0576194086429113,376,464,477,0.2848484848484848,0.3515151515151515,0.3613636363636364,0.5905,18,13.636363636363637,5,3.787878787878788,-375.5,-0.284469696969697,0.6409,27.0,20.454545454545453,0,0,2.0,completed,bioemu,18.9102,6.0616,38.9436,14.9181,26.2252,33.4196,10.2032,0.3053,7.3585,26.4515,88.2703,0.6,159.0,16.35,0.2954,0.5713,3.0,19.0,canonical_fallback,,540.0,train,EXCLUDE,NUMT_contaminant (CSV)
AT2G07684,AT2G07684.1,0,depleted,False,111,0.2972972972972973,0.1801801801801801,0.3063063063063063,0.2162162162162162,0.4774774774774775,0.5225225225225225,0.0818181818181818,0.0454545454545454,0.1181818181818181,0.0545454545454545,0.0272727272727272,0.0454545454545454,0.0545454545454545,0.0545454545454545,0.1272727272727272,0.0363636363636363,0.1,0.0363636363636363,0.0545454545454545,0.0545454545454545,0.0363636363636363,0.0727272727272727,0,50,108,0.0,0.4504504504504504,0.972972972972973,0.44,2,18.01801801801802,0,0.0,-28.5,-0.2567567567567567,0.6126,3.0,27.027027027027028,0,0,3.0,completed,bioemu,8.8813,2.718,17.9989,8.8813,8.8813,14.7115,3.8854,0.2641,5.6667,20.5,75.5476,0.94,36.0,100.0,0.8143,0.8399,1.0,36.0,canonical_fallback,,483.0,test,EXCLUDE,NUMT_contaminant (CSV)
AT2G07673,AT2G07673.1,0,depleted,False,701,0.3423680456490727,0.202567760342368,0.2054208273894436,0.2496433666191155,0.5449358059914408,0.4550641940085592,0.1114285714285714,0.0457142857142857,0.1028571428571428,0.0828571428571428,0.0657142857142857,0.0457142857142857,0.0328571428571428,0.0585714285714285,0.0685714285714285,0.0342857142857142,0.04,0.0614285714285714,0.0971428571428571,0.0771428571428571,0.03,0.0457142857142857,158,222,318,0.2253922967189729,0.3166904422253923,0.4536376604850214,0.509,14,19.97146932952925,4,5.706134094151213,-158.9,-0.2266761768901569,0.5107,17.0,24.251069900142657,0,0,3.0,completed,bioemu,14.315,2.8649,24.2058,15.312,13.6996,23.098,5.2222,0.2261,8.8491,28.945,63.2486,0.7,106.0,64.15,0.6618,0.966,2.0,66.0,canonical_fallback,,387.0,train,EXCLUDE,NUMT_contaminant (CSV)
AT2G07751,AT2G07751.1,0,depleted,False,357,0.2184873949579832,0.3977591036414565,0.1932773109243697,0.1904761904761904,0.6162464985994398,0.3837535014005602,0.0561797752808988,0.095505617977528,0.0365168539325842,0.0280898876404494,0.0617977528089887,0.1797752808988764,0.0758426966292134,0.0814606741573033,0.0646067415730337,0.0561797752808988,0.0505617977528089,0.0224719101123595,0.0337078651685393,0.0674157303370786,0.0308988764044943,0.0589887640449438,0,71,354,0.0,0.1988795518207282,0.9915966386554622,0.6197,0,0.0,0,0.0,-76.1,-0.2131652661064425,0.5826,8.0,22.408963585434176,0,0,2.0,completed,bioemu,6.9323,1.7401,12.0382,7.4244,7.0111,25.2589,2.493,0.0987,7.1017,27.4247,67.9446,0.9,118.0,21.19,0.3702,0.5883,4.0,12.0,canonical_fallback,,425.0,train,EXCLUDE,NUMT_contaminant (CSV)
AT2G07675,AT2G07675.1,0,depleted,False,378,0.3386243386243386,0.2169312169312169,0.2486772486772486,0.1957671957671957,0.5555555555555556,0.4444444444444444,0.1273209549071618,0.0875331564986737,0.0769230769230769,0.0450928381962864,0.0557029177718832,0.0557029177718832,0.0503978779840848,0.0557029177718832,0.0928381962864721,0.0583554376657824,0.0583554376657824,0.039787798408488,0.0610079575596817,0.0159151193633952,0.0636604774535809,0.0557029177718832,0,75,375,0.0,0.1984126984126984,0.992063492063492,0.5867,6,15.873015873015872,3,7.936507936507937,-85.0,-0.2248677248677248,0.5185,6.0,15.873015873015872,0,0,3.0,completed,bioemu,6.0997,2.4302,14.9169,6.6269,6.6057,19.6234,1.9572,0.0997,8.976,26.584,38.7124,0.82,125.0,100.0,0.8951,0.9396,1.0,125.0,canonical_fallback,,636.0,train,EXCLUDE,NUMT_contaminant (CSV)
AT2G07676,AT2G07676.1,0,depleted,False,357,0.2717086834733893,0.3389355742296919,0.226890756302521,0.1624649859943977,0.6106442577030813,0.3893557422969187,0.0617977528089887,0.0898876404494382,0.0814606741573033,0.0393258426966292,0.0730337078651685,0.148876404494382,0.0505617977528089,0.0674157303370786,0.0870786516853932,0.0393258426966292,0.0561797752808988,0.0421348314606741,0.047752808988764,0.0617977528089887,0.0393258426966292,0.0140449438202247,0,71,354,0.0,0.1988795518207282,0.9915966386554622,0.6479,2,5.602240896358544,0,0.0,-86.4,-0.2420168067226891,0.577,7.0,19.607843137254903,0,0,1.0,completed,bioemu,12.0342,2.6994,19.3679,12.4068,11.4138,15.2763,1.2303,0.0805,8.3729,26.6003,24.8523,0.28,118.0,0.0,0.1777,0.2115,0.0,0.0,canonical_fallback,,450.0,val,EXCLUDE,NUMT_contaminant (CSV)
AT2G07768,AT2G07768.1,0,depleted,False,465,0.2150537634408602,0.3139784946236559,0.2344086021505376,0.2365591397849462,0.5290322580645161,0.4709677419354838,0.0517241379310344,0.0689655172413793,0.0452586206896551,0.0474137931034482,0.0581896551724137,0.1099137931034482,0.0689655172413793,0.0775862068965517,0.0581896551724137,0.0625,0.0603448275862069,0.0538793103448275,0.0452586206896551,0.0732758620689655,0.0603448275862069,0.0581896551724137,0,93,462,0.0,0.2,0.9935483870967742,0.4839,5,10.75268817204301,0,0.0,-122.7,-0.2638709677419354,0.5763,10.0,21.50537634408602,0,0,1.0,completed,bioemu,11.1704,4.6743,30.0361,14.6739,9.565,30.209,2.8973,0.0959,8.8831,30.9856,74.4666,0.75,154.0,5.84,0.2704,0.4071,2.0,7.0,canonical_fallback,,558.0,val,EXCLUDE,NUMT_contaminant (CSV)
AT2G07746,AT2G07746.1,0,depleted,True,72,0.2361111111111111,0.2777777777777778,0.2777777777777778,0.2083333333333333,0.5138888888888888,0.4861111111111111,0.0704225352112676,0.0422535211267605,0.0845070422535211,0.0422535211267605,0.0704225352112676,0.1126760563380281,0.056338028169014,0.0422535211267605,0.028169014084507,0.0845070422535211,0.0985915492957746,0.056338028169014,0.0704225352112676,0.028169014084507,0.0422535211267605,0.0704225352112676,0,50,0,0.0,0.6944444444444444,0.0,0.5,0,0.0,0,0.0,-23.1,-0.3208333333333333,0.6389,3.0,41.66666666666667,0,0,,,,,,,,,,,,,,,,,,,,,,canonical_fallback,,,train,EXCLUDE,NUMT_contaminant (CSV)
AT2G07748,AT2G07748.1,0,depleted,True,74,0.2432432432432432,0.2567567567567567,0.2567567567567567,0.2432432432432432,0.5,0.5,0.0958904109589041,0.0273972602739726,0.0821917808219178,0.0410958904109589,0.0547945205479452,0.0547945205479452,0.0410958904109589,0.1095890410958904,0.0273972602739726,0.1232876712328767,0.0547945205479452,0.0410958904109589,0.0684931506849315,0.0547945205479452,0.0684931506849315,0.0547945205479452,0,50,0,0.0,0.6756756756756757,0.0,0.5,1,13.513513513513514,1,13.513513513513514,-24.5,-0.3310810810810811,0.5676,3.0,40.54054054054054,0,0,,,,,,,,,,,,,,,,,,,,,,canonical_fallback,,,train,EXCLUDE,NUMT_contaminant (CSV)
AT2G07669,AT2G07669.1,0,depleted,False,767,0.196870925684485,0.3155149934810952,0.272490221642764,0.2151238591916558,0.5123859191655802,0.4876140808344198,0.0443864229765013,0.0509138381201044,0.0757180156657963,0.0248041775456919,0.0639686684073107,0.0809399477806788,0.0939947780678851,0.0770234986945169,0.052219321148825,0.097911227154047,0.0652741514360313,0.0574412532637075,0.0352480417754569,0.0861618798955613,0.0378590078328981,0.0561357702349869,437,153,327,0.5697522816166884,0.1994784876140808,0.4263363754889178,0.5294,3,3.9113428943937416,0,0.0,-244.1,-0.3182529335071707,0.6754,11.0,14.341590612777054,0,0,1.0,completed,bioemu,9.9929,2.4285,16.4207,8.7186,11.2174,13.4796,0.6014,0.0446,8.367,24.7065,20.9478,0.16,109.0,0.0,0.1408,0.1839,0.0,0.0,canonical_fallback,,399.0,train,EXCLUDE,NUMT_contaminant (CSV)
AT2G07681,AT2G07681.1,0,depleted,False,2314,0.2739844425237683,0.280466724286949,0.2234226447709593,0.2221261884183232,0.5544511668107174,0.4455488331892826,0.0864677907479463,0.0739299610894941,0.0674448767833981,0.0462602680501513,0.0583657587548638,0.088629485516645,0.0540423692174664,0.0791180285343709,0.0687418936446173,0.046692607003891,0.0622568093385214,0.0458279290964115,0.0605274535235624,0.0713359273670557,0.0397751837440553,0.0505836575875486,67,36,2208,0.0289541918755401,0.0155574762316335,0.95419187554019,0.4444,24,10.371650821089023,8,3.457216940363008,-649.5,-0.2806828003457217,0.605,43.0,18.58254105445117,0,0,2.0,completed,bioemu,33.618,9.8338,53.4568,47.2809,42.9086,43.8363,9.1701,0.2092,8.5109,28.4682,32.8095,1.0,736.0,28.53,0.3843,0.8655,20.0,78.0,canonical_fallback,,9.0,test,EXCLUDE,NUMT_contaminant (CSV)
AT2G07772,AT2G07772.1,0,depleted,False,540,0.2518518518518518,0.2703703703703703,0.3,0.1777777777777777,0.5222222222222223,0.4777777777777778,0.0834879406307977,0.0482374768089053,0.098330241187384,0.0222634508348794,0.0482374768089053,0.085343228200371,0.072356215213358,0.0649350649350649,0.0871985157699443,0.0686456400742115,0.1020408163265306,0.0408163265306122,0.0315398886827458,0.0686456400742115,0.0278293135435992,0.0500927643784786,0,108,537,0.0,0.2,0.9944444444444444,0.5648,4,7.4074074074074066,0,0.0,-182.0,-0.337037037037037,0.6333,7.0,12.962962962962962,0,0,2.0,completed,bioemu,10.7748,5.1033,26.3933,15.4957,9.0256,16.9522,2.764,0.163,8.6592,25.36,20.1748,0.1,179.0,24.02,0.3167,0.8698,3.0,36.0,canonical_fallback,,207.0,train,EXCLUDE,NUMT_contaminant (CSV)
AT2G07753,AT2G07753.1,0,depleted,True,75,0.2666666666666666,0.2666666666666666,0.24,0.2266666666666666,0.5333333333333333,0.4666666666666667,0.0945945945945946,0.027027027027027,0.0945945945945946,0.054054054054054,0.027027027027027,0.0675675675675675,0.081081081081081,0.0945945945945946,0.0405405405405405,0.1081081081081081,0.054054054054054,0.0405405405405405,0.0945945945945946,0.0675675675675675,0.0135135135135135,0.0405405405405405,0,50,0,0.0,0.6666666666666666,0.0,0.54,1,13.333333333333334,0,0.0,-21.4,-0.2853333333333333,0.6133,3.0,40.0,0,0,,,,,,,,,,,,,,,,,,,,,,canonical_fallback,,,train,EXCLUDE,NUMT_contaminant (CSV)
AT2G07774,AT2G07774.1,0,depleted,False,591,0.3164128595600677,0.2284263959390862,0.2318104906937394,0.2233502538071066,0.544839255499154,0.455160744500846,0.1101694915254237,0.0711864406779661,0.0881355932203389,0.047457627118644,0.0423728813559322,0.0542372881355932,0.0491525423728813,0.0813559322033898,0.0881355932203389,0.0389830508474576,0.047457627118644,0.0576271186440678,0.0762711864406779,0.0627118644067796,0.047457627118644,0.0372881355932203,77,163,348,0.1302876480541455,0.2758037225042301,0.5888324873096447,0.4969,3,5.076142131979696,0,0.0,-152.5,-0.2580372250423012,0.5516,13.0,21.99661590524535,0,0,1.0,completed,bioemu,13.5989,2.8449,23.6186,12.78,15.2206,18.2718,4.7734,0.2612,7.8966,25.847,36.1672,0.41,116.0,0.0,0.1811,0.2501,0.0,0.0,canonical_fallback,,454.0,test,EXCLUDE,NUMT_contaminant (CSV)
AT2G07687,AT2G07687.1,0,depleted,False,998,0.2474949899799599,0.3366733466933868,0.2164328657314629,0.1993987975951903,0.5841683366733467,0.4158316633266533,0.0601805416248746,0.0912738214643931,0.0551654964894684,0.0401203610832497,0.0722166499498495,0.1263791374122367,0.0621865596790371,0.0762286860581745,0.0561685055165496,0.0501504513540621,0.070210631895687,0.0401203610832497,0.0581745235707121,0.0692076228686058,0.029087261785356,0.0431293881644934,0,200,795,0.0,0.2004008016032064,0.7965931863727455,0.62,5,5.01002004008016,0,0.0,-258.9,-0.2594188376753507,0.6172,16.0,16.03206412825651,0,0,2.0,completed,bioemu,1.9006,1.4589,14.2422,3.7202,1.3007,21.8524,0.4245,0.0194,9.3208,30.8884,22.6445,0.98,265.0,14.34,0.2852,0.7181,5.0,25.0,canonical_fallback,,187.0,test,EXCLUDE,NUMT_contaminant (CSV)
AT2G07755,AT2G07755.1,0,depleted,True,73,0.273972602739726,0.2876712328767123,0.2328767123287671,0.2054794520547945,0.5616438356164384,0.4383561643835616,0.0416666666666666,0.0694444444444444,0.0972222222222222,0.0555555555555555,0.0972222222222222,0.0833333333333333,0.0277777777777777,0.0833333333333333,0.0555555555555555,0.0833333333333333,0.0555555555555555,0.0416666666666666,0.0694444444444444,0.0555555555555555,0.0555555555555555,0.0277777777777777,0,50,0,0.0,0.684931506849315,0.0,0.58,0,0.0,0,0.0,-23.5,-0.3219178082191781,0.7123,2.0,27.39726027397261,0,0,,,,,,,,,,,,,,,,,,,,,,canonical_fallback,,,train,EXCLUDE,NUMT_contaminant (CSV)
AT2G07792,AT2G07792.1,0,depleted,True,75,0.24,0.28,0.2666666666666666,0.2133333333333333,0.52,0.48,0.0945945945945946,0.027027027027027,0.081081081081081,0.027027027027027,0.0405405405405405,0.081081081081081,0.0675675675675675,0.0945945945945946,0.0675675675675675,0.0945945945945946,0.0675675675675675,0.0405405405405405,0.0405405405405405,0.081081081081081,0.0405405405405405,0.054054054054054,0,50,0,0.0,0.6666666666666666,0.0,0.58,1,13.333333333333334,0,0.0,-24.4,-0.3253333333333333,0.5867,2.0,26.666666666666668,0,0,,,,,,,,,,,,,,,,,,,,,,canonical_fallback,,,train,EXCLUDE,NUMT_contaminant (CSV)
AT2G07689,AT2G07689.1,0,depleted,False,645,0.2403100775193798,0.3147286821705426,0.2186046511627907,0.2263565891472868,0.5550387596899224,0.4449612403100775,0.0574534161490683,0.0838509316770186,0.0527950310559006,0.046583850931677,0.0822981366459627,0.1102484472049689,0.0590062111801242,0.0636645962732919,0.0388198757763975,0.0543478260869565,0.0636645962732919,0.0605590062111801,0.0605590062111801,0.0667701863354037,0.0434782608695652,0.0559006211180124,0,129,642,0.0,0.2,0.9953488372093025,0.4419,6,9.30232558139535,1,1.550387596899225,-189.7,-0.2941085271317829,0.6419,15.0,23.25581395348837,0,0,2.0,completed,bioemu,2.4245,2.7604,20.7498,1.6718,4.961,18.332,0.6347,0.0346,9.6822,30.8705,19.734,0.84,214.0,12.15,0.2825,0.6041,2.0,14.0,canonical_fallback,,330.0,train,EXCLUDE,NUMT_contaminant (CSV)
AT2G07691,AT2G07691.1,0,depleted,False,578,0.2612456747404844,0.2941176470588235,0.231833910034602,0.2128027681660899,0.5553633217993079,0.444636678200692,0.0693240901213171,0.07105719237435,0.0693240901213171,0.0519930675909878,0.0623916811091854,0.0918544194107452,0.0779896013864818,0.0623916811091854,0.07105719237435,0.048526863084922,0.0606585788561525,0.0519930675909878,0.0571923743500866,0.0831889081455806,0.024263431542461,0.046793760831889,0,167,408,0.0,0.2889273356401384,0.7058823529411765,0.5269,5,8.650519031141869,1,1.7301038062283738,-198.6,-0.343598615916955,0.6747,11.0,19.031141868512112,0,0,2.0,completed,bioemu,10.0372,5.4245,29.1092,6.4519,15.7091,22.3624,3.8267,0.1711,9.1176,29.0564,46.2072,0.6,136.0,16.18,0.2846,0.5556,3.0,16.0,canonical_fallback,,625.0,train,EXCLUDE,NUMT_contaminant (CSV)
AT2G07692,AT2G07692.1,0,depleted,False,839,0.2836710369487485,0.2860548271752086,0.2169249106078665,0.2133492252681764,0.5697258641239571,0.4302741358760429,0.0775656324582338,0.0644391408114558,0.0883054892601432,0.0525059665871121,0.0680190930787589,0.1038186157517899,0.0548926014319809,0.0596658711217183,0.0859188544152744,0.0393794749403341,0.0453460620525059,0.0465393794749403,0.0525059665871121,0.0787589498806682,0.0286396181384248,0.0536992840095465,428,167,408,0.5101311084624554,0.1990464839094159,0.4862932061978546,0.6108,15,17.878426698450536,3,3.575685339690108,-214.5,-0.2556615017878427,0.615,13.0,15.494636471990466,0,0,1.0,completed,bioemu,12.3202,2.5654,19.674,12.5352,11.6311,15.7195,1.5012,0.0955,7.8529,24.3501,22.8322,0.1,136.0,8.09,0.2727,0.467,3.0,8.0,canonical_fallback,,622.0,train,EXCLUDE,NUMT_contaminant (CSV)
AT2G07695,AT2G07695.1,0,depleted,False,1898,0.2644889357218124,0.2808219178082192,0.2270811380400421,0.2276080084299262,0.5453108535300316,0.4546891464699684,0.0801265155508697,0.0716921454928835,0.0648392198207696,0.0474433315761729,0.0537691091196626,0.1070110701107011,0.0527148128624143,0.0674749604638903,0.0706378492356352,0.0363732208750658,0.0674749604638903,0.0527148128624143,0.0595677385345282,0.0658935160780179,0.0421718502899314,0.0600948866631523,1022,379,873,0.5384615384615384,0.1996838777660695,0.4599578503688092,0.533,23,12.118018967334036,4,2.107481559536354,-599.7,-0.3159641728134879,0.6491,36.0,18.967334035827182,0,0,2.0,completed,bioemu,14.4006,4.3553,37.0374,17.2796,13.5188,35.1069,6.2759,0.1788,7.7595,28.3037,53.2234,0.72,291.0,16.49,0.3036,0.8234,7.0,21.0,canonical_fallback,,1127.0,train,EXCLUDE,NUMT_contaminant (CSV)
AT2G07785,AT2G07785.1,0,depleted,False,902,0.2605321507760532,0.3059866962305986,0.2305986696230598,0.2028824833702882,0.5665188470066519,0.4334811529933481,0.0865704772475027,0.0710321864594894,0.0632630410654827,0.0399556048834628,0.0776914539400665,0.1009988901220865,0.0610432852386237,0.0665926748057713,0.0499445061043285,0.0654827968923418,0.0688124306326304,0.0466148723640399,0.0466148723640399,0.0677025527192008,0.0377358490566037,0.0499445061043285,111,491,297,0.1230598669623059,0.5443458980044346,0.3292682926829268,0.5295,9,9.977827050997782,2,2.217294900221729,-262.9,-0.2914634146341463,0.6541,17.0,18.8470066518847,0,0,1.0,completed,bioemu,4.7358,2.3906,15.9639,5.2594,4.17,19.3341,2.0383,0.1054,7.7374,27.4321,47.4487,0.87,99.0,8.08,0.255,0.3647,2.0,5.0,canonical_fallback,,406.0,train,EXCLUDE,NUMT_contaminant (CSV)
AT2G07599,AT2G07599.2,0,depleted,False,1232,0.299512987012987,0.2224025974025974,0.2394480519480519,0.2386363636363636,0.5219155844155844,0.4780844155844156,0.0958570268074736,0.0544272948822095,0.0885458976441917,0.0609260763606823,0.0487408610885458,0.0576766856214459,0.0495532087733549,0.066612510154346,0.0885458976441917,0.041429731925264,0.0601137286758732,0.0495532087733549,0.066612510154346,0.0690495532087733,0.041429731925264,0.0609260763606823,139,52,1038,0.1128246753246753,0.0422077922077922,0.8425324675324676,0.6154,19,15.422077922077923,4,3.2467532467532467,-365.5,-0.2966720779220779,0.6088,26.0,21.103896103896105,0,0,3.0,completed,bioemu,20.7005,2.9073,27.441,18.5717,22.5824,23.6354,7.0385,0.2978,10.1329,29.3981,20.289,1.0,346.0,40.46,0.4644,0.7733,6.0,127.0,canonical_fallback,,1255.0,test,EXCLUDE,NUMT_contaminant (CSV)
AT2G07696,AT2G07696.1,0,depleted,False,1179,0.3129770992366412,0.2629346904156064,0.2485156912637828,0.1755725190839694,0.5759117896522477,0.4240882103477523,0.1120543293718166,0.0730050933786078,0.0874363327674023,0.0407470288624787,0.0602716468590831,0.0882852292020373,0.0594227504244482,0.0551782682512733,0.0916808149405772,0.0492359932088285,0.0679117147707979,0.0398981324278438,0.0492359932088285,0.0517826825127334,0.0339558573853989,0.0398981324278438,442,290,444,0.3748939779474131,0.2459711620016963,0.376590330788804,0.5862,19,16.11535199321459,8,6.785411365564037,-338.2,-0.2868532654792197,0.6175,23.0,19.508057675996607,0,0,1.0,completed,bioemu,1.7133,1.2023,7.2606,2.9564,1.0514,17.4231,0.6022,0.0346,8.9865,30.0876,25.775,0.98,148.0,0.0,0.159,0.2398,0.0,0.0,canonical_fallback,,667.0,train,EXCLUDE,NUMT_contaminant (CSV)
AT2G07798,AT2G07798.1,0,depleted,False,1480,0.2581081081081081,0.2682432432432432,0.2513513513513513,0.2222972972972973,0.5263513513513514,0.4736486486486486,0.0804597701149425,0.0527383367139959,0.0824881676808654,0.0425963488843813,0.0547667342799188,0.0824881676808654,0.0622041920216362,0.0689655172413793,0.0764029749830966,0.0500338066260987,0.066260987153482,0.0588235294117647,0.0466531440162271,0.0831643002028397,0.0398918187964841,0.0520622041920216,416,128,933,0.2810810810810811,0.0864864864864864,0.6304054054054054,0.6172,17,11.486486486486486,6,4.054054054054054,-472.6,-0.3193243243243243,0.6662,27.0,18.24324324324324,0,0,1.0,completed,bioemu,0.0,0.0,0.0,0.0,0.0,20.6402,0.0,0.0,10.2894,28.2335,17.2138,0.01,311.0,8.04,0.3179,0.499,7.0,10.0,canonical_fallback,,1031.0,train,EXCLUDE,NUMT_contaminant (CSV)
AT2G07698,AT2G07698.1,0,depleted,False,2444,0.2708674304418985,0.2643207855973813,0.2467266775777414,0.2180851063829787,0.5351882160392799,0.4648117839607201,0.0912812116250511,0.0724519033974621,0.0597625869832173,0.0474826033565288,0.0532132623823168,0.0790012279983626,0.0695865738845681,0.062218583708555,0.0757265656979124,0.0470732705689725,0.0687679083094555,0.0552599263200982,0.0507572656569791,0.0654932460090053,0.0487106017191977,0.0532132623823168,11,99,2331,0.0045008183306055,0.04050736497545,0.9537643207855974,0.5758,36,14.729950900163669,16,6.546644844517185,-746.2,-0.3053191489361702,0.608,44.0,18.00327332242226,0,0,2.0,completed,bioemu,28.4051,15.4806,74.3053,51.7559,21.3616,52.7251,9.1004,0.1726,9.0142,29.4171,44.9597,0.2,777.0,19.69,0.3334,0.9708,6.0,129.0,canonical_fallback,,843.0,train,EXCLUDE,NUMT_contaminant (CSV)
AT2G07667,AT2G07667.1,0,depleted,False,657,0.2191780821917808,0.2937595129375951,0.2359208523592085,0.2511415525114155,0.512937595129376,0.487062404870624,0.0579268292682926,0.0518292682926829,0.0685975609756097,0.0396341463414634,0.0533536585365853,0.0914634146341463,0.0625,0.086890243902439,0.0503048780487804,0.0518292682926829,0.0625,0.0716463414634146,0.0564024390243902,0.0990853658536585,0.0426829268292682,0.0533536585365853,0,131,654,0.0,0.1993911719939117,0.9954337899543378,0.542,8,12.1765601217656,3,4.566210045662101,-189.4,-0.2882800608828006,0.5906,12.0,18.264840182648403,0,0,1.0,completed,bioemu,14.3844,3.357,27.8328,17.564,14.4964,17.073,1.6557,0.097,11.5046,30.5047,16.8025,1.0,218.0,5.5,0.2484,0.4868,2.0,9.0,canonical_fallback,,366.0,train,EXCLUDE,NUMT_contaminant (CSV)
AT2G07793,AT2G07793.1,0,depleted,True,87,0.2413793103448276,0.2528735632183908,0.2988505747126437,0.2068965517241379,0.4942528735632184,0.5057471264367817,0.0930232558139534,0.0697674418604651,0.0581395348837209,0.0232558139534883,0.0348837209302325,0.0581395348837209,0.0581395348837209,0.1046511627906976,0.1046511627906976,0.0697674418604651,0.1046511627906976,0.0116279069767441,0.0116279069767441,0.0581395348837209,0.0697674418604651,0.0697674418604651,0,50,0,0.0,0.5747126436781609,0.0,0.5,1,11.49425287356322,1,11.49425287356322,-29.6,-0.3402298850574712,0.6207,3.0,34.48275862068966,0,0,,,,,,,,,,,,,,,,,,,,,,canonical_fallback,,,train,EXCLUDE,NUMT_contaminant (CSV)
AT2G07701,AT2G07701.1,0,depleted,False,321,0.2429906542056074,0.3115264797507788,0.2087227414330218,0.2367601246105919,0.5545171339563862,0.4454828660436137,0.05,0.0625,0.071875,0.05625,0.08125,0.08125,0.071875,0.078125,0.05625,0.059375,0.05,0.04375,0.053125,0.109375,0.015625,0.059375,0,64,318,0.0,0.1993769470404984,0.9906542056074766,0.5156,4,12.461059190031152,0,0.0,-83.4,-0.2598130841121495,0.6355,6.0,18.69158878504673,0,0,3.0,completed,bioemu,12.0385,2.8423,21.3187,12.9857,11.4532,15.5517,2.4269,0.1561,7.9434,28.9032,28.6722,0.57,106.0,63.21,0.5711,0.8203,4.0,42.0,canonical_fallback,,412.0,test,EXCLUDE,NUMT_contaminant (CSV)
AT2G07705,AT2G07705.1,0,depleted,False,201,0.2786069651741293,0.2736318407960199,0.1990049751243781,0.2487562189054726,0.5522388059701493,0.4477611940298507,0.105,0.045,0.055,0.07,0.06,0.07,0.055,0.09,0.05,0.065,0.05,0.035,0.06,0.095,0.04,0.055,0,50,198,0.0,0.2487562189054726,0.9850746268656716,0.6,5,24.87562189054726,2,9.950248756218905,-49.8,-0.2477611940298507,0.5174,4.0,19.90049751243781,0,0,1.0,completed,bioemu,14.4582,2.6847,21.9075,13.8202,14.0933,18.9198,6.5619,0.3468,5.6364,21.3333,68.1552,0.76,66.0,0.0,0.2006,0.2371,0.0,0.0,canonical_fallback,,27.0,train,EXCLUDE,NUMT_contaminant (CSV)
AT2G07706,AT2G07706.1,0,depleted,False,2518,0.2736298649722001,0.2474185861795075,0.2664813343923749,0.2124702144559174,0.5210484511517077,0.4789515488482923,0.0834326579261025,0.0536352800953516,0.0997218911402463,0.0365514501390544,0.0552244735796583,0.079062375844259,0.0528406833531982,0.0603893524036551,0.0862137465236392,0.0492649980135081,0.0735001986491855,0.0576082638061183,0.0488676996424314,0.0655542312276519,0.0401271354787445,0.058005562177195,53,950,1512,0.0210484511517077,0.3772835583796664,0.6004765687053217,0.5568,26,10.325655281969818,7,2.7799841143764894,-822.8,-0.3267672756155679,0.645,41.0,16.282764098490865,0,0,3.0,completed,bioemu,30.3615,7.9052,59.7435,46.1071,36.694,35.1604,13.4168,0.3816,12.6548,33.3462,30.8238,1.0,504.0,46.03,0.4726,0.9176,8.0,99.0,canonical_fallback,,702.0,train,EXCLUDE,NUMT_contaminant (CSV)
AT2G07794,AT2G07794.1,0,depleted,True,81,0.2469135802469135,0.2962962962962963,0.2098765432098765,0.2469135802469135,0.5432098765432098,0.4567901234567901,0.0625,0.0625,0.05,0.075,0.1375,0.1,0.0375,0.025,0.025,0.075,0.0625,0.05,0.025,0.0625,0.05,0.1,0,50,0,0.0,0.6172839506172839,0.0,0.5,0,0.0,0,0.0,-16.8,-0.2074074074074074,0.5432,1.0,12.34567901234568,0,0,,,,,,,,,,,,,,,,,,,,,,canonical_fallback,,,train,EXCLUDE,NUMT_contaminant (CSV)
AT2G07707,AT2G07707.1,0,depleted,False,477,0.3081761006289308,0.2976939203354298,0.2159329140461215,0.1781970649895178,0.6058700209643606,0.3941299790356394,0.1029411764705882,0.0966386554621848,0.0567226890756302,0.0504201680672268,0.0714285714285714,0.0945378151260504,0.0672268907563025,0.065126050420168,0.0756302521008403,0.042016806722689,0.0714285714285714,0.0273109243697479,0.0567226890756302,0.065126050420168,0.0210084033613445,0.0357142857142857,0,95,474,0.0,0.1991614255765199,0.9937106918238994,0.6105,5,10.482180293501049,2,4.19287211740042,-115.5,-0.2421383647798742,0.6289,10.0,20.964360587002098,0,0,2.0,completed,bioemu,17.1196,5.8154,31.1886,16.3862,23.3902,33.2126,8.4071,0.2531,7.5316,30.0257,87.7321,0.82,158.0,20.25,0.317,0.808,3.0,25.0,canonical_fallback,,567.0,train,EXCLUDE,NUMT_contaminant (CSV)
AT2G07708,AT2G07708.1,0,depleted,False,1310,0.2725190839694656,0.2809160305343511,0.2312977099236641,0.2152671755725191,0.5534351145038168,0.4465648854961832,0.0878533231474407,0.0710466004583651,0.0695187165775401,0.0443086325439266,0.0664629488158899,0.0832696715049656,0.0618792971734148,0.0695187165775401,0.0687547746371275,0.0519480519480519,0.0595874713521772,0.0511841100076394,0.0496562261268143,0.0748663101604278,0.040488922841864,0.0496562261268143,500,384,423,0.3816793893129771,0.2931297709923664,0.3229007633587786,0.5938,16,12.213740458015266,5,3.81679389312977,-407.8,-0.3112977099236641,0.6427,23.0,17.557251908396946,0,0,2.0,completed,bioemu,12.7487,3.1222,22.4564,13.285,12.8224,24.4398,3.2604,0.1334,8.3972,30.4699,53.2334,0.52,141.0,23.4,0.3094,0.7617,2.0,25.0,canonical_fallback,,684.0,train,EXCLUDE,NUMT_contaminant (CSV)
AT2G07713,AT2G07713.1,0,depleted,False,369,0.2953929539295393,0.2222222222222222,0.2411924119241192,0.2411924119241192,0.5176151761517616,0.4823848238482385,0.1114130434782608,0.046195652173913,0.0896739130434782,0.046195652173913,0.0597826086956521,0.0652173913043478,0.0353260869565217,0.0625,0.0733695652173913,0.0597826086956521,0.0543478260869565,0.0543478260869565,0.0489130434782608,0.0516304347826086,0.0625,0.0788043478260869,0,73,366,0.0,0.1978319783197832,0.991869918699187,0.5205,4,10.840108401084011,2,5.420054200542006,-99.2,-0.2688346883468834,0.5637,7.0,18.97018970189702,0,0,1.0,completed,bioemu,14.6896,2.6477,24.2578,14.1653,15.5601,16.9852,5.9768,0.3519,7.7213,23.6418,29.7159,0.29,122.0,3.28,0.2122,0.3841,1.0,4.0,canonical_fallback,,434.0,val,EXCLUDE,NUMT_contaminant (CSV)
AT2G07718,AT2G07718.1,0,depleted,False,5799,0.2524573202276254,0.2740127608208312,0.230729436109674,0.2428004828418692,0.5264700810484566,0.4735299189515434,0.0753708175232839,0.0603656433252845,0.0691617799241117,0.0476026215936529,0.0526043463263194,0.084166954122111,0.0569161779924111,0.0803725422559503,0.0700241462573301,0.0474301483270093,0.0622628492583649,0.0508796136598827,0.0545015522593997,0.082097274922387,0.0422559503276992,0.0639875819248016,1578,3279,939,0.2721158820486291,0.5654423176409726,0.1619244697361614,0.5303,67,11.553716157958268,17,2.9315399206759785,,,,,,1,0,2.0,completed,bioemu,24.0591,4.4066,45.7585,26.2089,22.834,42.2889,12.0878,0.2858,7.1438,26.9444,71.7989,0.58,313.0,27.8,0.3736,0.9491,2.0,84.0,canonical_fallback,,1025.0,train,EXCLUDE,NUMT_contaminant (CSV)
AT2G07721,AT2G07721.1,0,depleted,False,854,0.2903981264637002,0.2669789227166276,0.2470725995316159,0.1955503512880562,0.5573770491803278,0.4426229508196721,0.0949589683470105,0.0597889800703399,0.0937866354044548,0.0422039859320046,0.0597889800703399,0.0844079718640093,0.0586166471277842,0.0644783118405627,0.0808909730363423,0.0457209847596717,0.0597889800703399,0.0597889800703399,0.0550996483001172,0.0773739742086752,0.0351699882766705,0.0281359906213364,285,170,396,0.3337236533957845,0.1990632318501171,0.4637002341920375,0.6059,13,15.22248243559719,3,3.51288056206089,-243.7,-0.2853629976580796,0.637,15.0,17.56440281030445,0,0,2.0,completed,bioemu,16.3272,4.1681,34.0774,19.0631,14.8056,27.2344,6.3007,0.2314,9.4545,32.6881,70.6107,0.6,132.0,28.79,0.4352,0.5472,6.0,12.0,canonical_fallback,,616.0,train,EXCLUDE,NUMT_contaminant (CSV)
AT2G07815,AT2G07815.1,0,depleted,False,1521,0.2669296515450362,0.2518080210387903,0.2550953320184089,0.2261669953977646,0.5187376725838264,0.4812623274161736,0.0921052631578947,0.0585526315789473,0.0828947368421052,0.0328947368421052,0.044078947368421,0.0743421052631578,0.0532894736842105,0.0802631578947368,0.0796052631578947,0.0552631578947368,0.0605263157894736,0.0598684210526315,0.0513157894736842,0.0638157894736842,0.0578947368421052,0.0532894736842105,650,31,837,0.4273504273504273,0.0203813280736357,0.5502958579881657,0.4516,10,6.574621959237344,4,2.629848783694938,-468.6,-0.308086785009862,0.6009,31.0,20.381328073635768,0,0,2.0,completed,bioemu,15.7276,6.4056,39.5161,24.9373,14.988,29.5759,2.2796,0.0771,8.7599,29.1589,39.3988,0.14,279.0,20.07,0.348,0.8373,4.0,34.0,canonical_fallback,,1103.0,train,EXCLUDE,NUMT_contaminant (CSV)
AT2G07756,AT2G07756.1,0,depleted,True,72,0.2361111111111111,0.25,0.2777777777777778,0.2361111111111111,0.4861111111111111,0.5138888888888888,0.0845070422535211,0.0422535211267605,0.1126760563380281,0.0,0.0704225352112676,0.0704225352112676,0.0422535211267605,0.056338028169014,0.0422535211267605,0.056338028169014,0.0845070422535211,0.0985915492957746,0.0422535211267605,0.0845070422535211,0.028169014084507,0.0845070422535211,0,50,0,0.0,0.6944444444444444,0.0,0.44,0,0.0,0,0.0,-27.3,-0.3791666666666666,0.6944,2.0,27.77777777777778,0,0,,,,,,,,,,,,,,,,,,,,,,canonical_fallback,,,train,EXCLUDE,NUMT_contaminant (CSV)
AT2G07724,AT2G07724.1,0,depleted,False,654,0.2507645259938837,0.2951070336391437,0.2629969418960244,0.191131498470948,0.5458715596330275,0.4541284403669725,0.0903522205206738,0.0581929555895865,0.0781010719754977,0.0229709035222052,0.0290964777947932,0.1056661562021439,0.0796324655436447,0.0811638591117917,0.0842266462480857,0.0719754977029096,0.0643185298621745,0.0428790199081163,0.0474732006125574,0.0597243491577335,0.0413476263399693,0.0428790199081163,330,130,321,0.5045871559633027,0.1987767584097859,0.4908256880733945,0.5538,3,4.587155963302752,1,1.529051987767584,-193.5,-0.2958715596330275,0.6453,13.0,19.8776758409786,0,0,1.0,completed,bioemu,19.4,4.3788,32.692,19.8803,19.8415,24.0313,11.5381,0.4801,6.5981,23.4026,67.8236,0.45,107.0,0.0,0.155,0.2168,0.0,0.0,canonical_fallback,,388.0,train,EXCLUDE,NUMT_contaminant (CSV)
AT2G07725,AT2G07725.1,0,depleted,False,1662,0.2671480144404332,0.3134777376654633,0.237063778580024,0.1823104693140794,0.5806257521058965,0.4193742478941035,0.0909090909090909,0.0770620108368452,0.0644190246839253,0.0349187236604455,0.0620108368452739,0.1029500301023479,0.074051776038531,0.0746538229981938,0.0704394942805538,0.069837447320891,0.0590006020469596,0.0379289584587597,0.0439494280553883,0.0632149307645996,0.0397350993377483,0.0349187236604455,1004,100,555,0.6040914560770156,0.0601684717208182,0.3339350180505415,0.62,11,6.618531889290012,3,1.8050541516245489,-449.0,-0.2701564380264741,0.651,28.0,16.84717208182912,0,0,1.0,completed,bioemu,10.5993,3.6387,20.9187,12.8156,9.8475,19.0669,3.4736,0.1822,8.2378,26.3242,24.6943,0.25,185.0,3.78,0.2335,0.444,1.0,7.0,canonical_fallback,,242.0,train,EXCLUDE,NUMT_contaminant (CSV)
AT2G07727,AT2G07727.1,0,depleted,False,3243,0.2904717853839038,0.2954054887449892,0.2109158186864014,0.2032069071847055,0.585877274128893,0.414122725871107,0.0959284392350401,0.0805058605798889,0.0690931523750771,0.0450339296730413,0.0731030228254164,0.1030228254164096,0.054287476866132,0.0650832819247378,0.0703269586674892,0.0465761875385564,0.055212831585441,0.0385564466378778,0.0512029611351017,0.0650832819247378,0.0323874151758174,0.054595928439235,1329,732,1179,0.4098057354301572,0.2257169287696577,0.3635522664199815,0.6311,28,8.633980881899475,6,1.8501387604070303,,,,,,0,0,2.0,completed,bioemu,3.1043,2.6447,18.6659,4.4222,5.4687,23.5439,0.7462,0.0317,9.6031,30.4804,17.7245,0.9,393.0,15.52,0.2944,0.7871,8.0,21.0,canonical_fallback,,1207.0,train,EXCLUDE,NUMT_contaminant (CSV)
AT2G07757,AT2G07757.1,0,depleted,True,87,0.1839080459770115,0.3103448275862069,0.3103448275862069,0.1954022988505747,0.4942528735632184,0.5057471264367817,0.0348837209302325,0.0465116279069767,0.0813953488372093,0.0232558139534883,0.0581395348837209,0.127906976744186,0.0697674418604651,0.0581395348837209,0.0813953488372093,0.0697674418604651,0.0930232558139534,0.0581395348837209,0.0116279069767441,0.0697674418604651,0.0581395348837209,0.0581395348837209,0,50,0,0.0,0.5747126436781609,0.0,0.52,1,11.49425287356322,0,0.0,-30.7,-0.3528735632183908,0.6207,4.0,45.97701149425288,0,0,,,,,,,,,,,,,,,,,,,,,,canonical_fallback,,,train,EXCLUDE,NUMT_contaminant (CSV)
AT2G07728,AT2G07728.1,0,depleted,False,861,0.2775842044134727,0.213704994192799,0.2857142857142857,0.2229965156794425,0.4912891986062718,0.5087108013937283,0.0930232558139534,0.0372093023255813,0.0953488372093023,0.0523255813953488,0.0383720930232558,0.0465116279069767,0.0686046511627907,0.0604651162790697,0.091860465116279,0.0511627906976744,0.0767441860465116,0.0651162790697674,0.0534883720930232,0.0790697674418604,0.0453488372093023,0.0453488372093023,0,172,858,0.0,0.1997677119628339,0.9965156794425089,0.5756,12,13.937282229965158,6,6.968641114982579,-285.1,-0.3311265969802555,0.5993,16.0,18.58304297328688,0,0,3.0,completed,bioemu,29.7527,9.4345,51.1261,19.4501,44.9125,42.6318,19.3039,0.4528,7.1608,24.8523,79.8568,0.04,286.0,47.2,0.429,0.6527,10.0,38.0,canonical_fallback,,1080.0,train,EXCLUDE,NUMT_contaminant (CSV)
AT2G07732,AT2G07732.1,0,depleted,False,740,0.2864864864864865,0.2783783783783783,0.2405405405405405,0.1945945945945946,0.5648648648648649,0.4351351351351351,0.0771312584573748,0.0798376184032476,0.0703653585926928,0.0581867388362652,0.0649526387009472,0.0920162381596752,0.0730717185385656,0.0487144790257104,0.0784844384303112,0.0514208389715832,0.0554803788903924,0.0554803788903924,0.0649526387009472,0.0554803788903924,0.0419485791610284,0.0324763193504736,125,264,348,0.1689189189189189,0.3567567567567568,0.4702702702702703,0.572,10,13.513513513513514,2,2.702702702702702,-204.6,-0.2764864864864865,0.6432,13.0,17.56756756756757,0,0,1.0,completed,bioemu,6.0975,2.2849,16.4502,7.1354,5.4256,14.4359,0.888,0.0615,9.4655,28.6327,22.5758,0.79,116.0,0.0,0.1442,0.1853,0.0,0.0,canonical_fallback,,447.0,train,EXCLUDE,NUMT_contaminant (CSV)
AT2G07734,AT2G07734.1,0,depleted,False,1388,0.3321325648414985,0.2716138328530259,0.1995677233429394,0.196685878962536,0.6037463976945245,0.3962536023054755,0.1189617880317231,0.0894015861571737,0.0749819754866618,0.0490266762797404,0.072819033886085,0.0886806056236481,0.0374909877433309,0.072819033886085,0.0829127613554434,0.0374909877433309,0.0511896178803172,0.0273972602739726,0.0569574621485219,0.0562364816149963,0.0360490266762797,0.0475847152126892,0,299,1086,0.0,0.2154178674351585,0.7824207492795389,0.5318,23,16.570605187319885,11,7.925072046109511,-335.5,-0.24171469740634,0.6023,23.0,16.570605187319885,0,0,1.0,completed,bioemu,32.7911,9.305,59.4921,42.1546,41.7826,48.1809,9.459,0.1963,7.0608,26.7684,80.5846,0.3,362.0,8.29,0.2023,0.7553,3.0,24.0,canonical_fallback,,1266.0,train,EXCLUDE,NUMT_contaminant (CSV)
AT2G07825,AT2G07825.1,0,depleted,False,383,0.2976501305483028,0.2924281984334204,0.2663185378590078,0.1436031331592689,0.5900783289817232,0.4099216710182767,0.0968586387434555,0.0732984293193717,0.1099476439790576,0.0157068062827225,0.0706806282722513,0.1020942408376963,0.0602094240837696,0.0602094240837696,0.0863874345549738,0.0785340314136125,0.0863874345549738,0.0157068062827225,0.0445026178010471,0.0366492146596858,0.0104712041884816,0.0523560209424083,66,119,195,0.1723237597911227,0.3107049608355091,0.5091383812010444,0.6471,2,5.221932114882507,1,2.610966057441253,-98.2,-0.2563968668407311,0.6266,6.0,15.66579634464752,0,0,1.0,completed,bioemu,10.5538,2.6791,19.1924,10.5406,9.676,13.7023,2.3061,0.1683,7.8154,26.4601,36.2982,0.68,65.0,0.0,0.1675,0.2364,0.0,0.0,canonical_fallback,,464.0,train,EXCLUDE,NUMT_contaminant (CSV)
AT2G07827,AT2G07827.2,0,depleted,False,540,0.2925925925925925,0.237037037037037,0.2611111111111111,0.2092592592592592,0.5296296296296297,0.4703703703703704,0.0964749536178107,0.0333951762523191,0.1076066790352504,0.0538033395176252,0.0649350649350649,0.0649350649350649,0.0556586270871985,0.0519480519480519,0.0797773654916512,0.0556586270871985,0.0649350649350649,0.0612244897959183,0.0500927643784786,0.0834879406307977,0.0333951762523191,0.0426716141001855,0,108,537,0.0,0.2,0.9944444444444444,0.5556,10,18.51851851851852,2,3.7037037037037033,-169.0,-0.3129629629629629,0.6074,11.0,20.37037037037037,0,0,2.0,completed,bioemu,10.181,3.7033,22.1742,9.5116,13.3018,18.1692,2.6996,0.1486,8.8268,26.712,23.1755,0.06,179.0,19.55,0.2769,0.6977,2.0,23.0,canonical_fallback,,208.0,train,EXCLUDE,NUMT_contaminant (CSV)
AT2G07830,AT2G07830.1,0,depleted,False,123,0.2601626016260163,0.2276422764227642,0.2439024390243902,0.2682926829268293,0.4878048780487805,0.5121951219512195,0.0655737704918032,0.0573770491803278,0.081967213114754,0.0491803278688524,0.0327868852459016,0.0573770491803278,0.081967213114754,0.0573770491803278,0.0655737704918032,0.0573770491803278,0.0327868852459016,0.0901639344262295,0.0901639344262295,0.0573770491803278,0.0491803278688524,0.0737704918032786,0,50,120,0.0,0.4065040650406504,0.975609756097561,0.4,0,0.0,0,0.0,-31.3,-0.2544715447154471,0.5366,3.0,24.390243902439025,0,0,1.0,completed,bioemu,7.3798,1.7911,12.9542,7.3798,7.3798,15.3199,2.6348,0.172,6.6,26.8945,73.7334,0.94,40.0,0.0,0.3287,0.3718,0.0,0.0,canonical_fallback,,482.0,val,EXCLUDE,NUMT_contaminant (CSV)
AT2G07787,AT2G07787.1,0,depleted,False,1309,0.2666157372039725,0.3055767761650114,0.2070282658517952,0.2207792207792207,0.5721925133689839,0.427807486631016,0.0825688073394495,0.0626911314984709,0.0779816513761468,0.0435779816513761,0.0688073394495412,0.106269113149847,0.0535168195718654,0.0764525993883792,0.0680428134556574,0.0466360856269113,0.0496941896024464,0.0428134556574923,0.0474006116207951,0.0902140672782874,0.0259938837920489,0.0573394495412844,619,372,315,0.4728800611153552,0.2841864018334606,0.2406417112299465,0.5672,15,11.45912910618793,3,2.291825821237586,-358.9,-0.2741787624140565,0.6127,27.0,20.62643239113828,0,0,1.0,completed,bioemu,11.372,2.5544,21.8702,12.5774,10.3671,14.8665,1.1223,0.0755,7.7333,24.6615,26.4509,0.29,105.0,0.0,0.2208,0.3232,0.0,0.0,canonical_fallback,,411.0,train,EXCLUDE,NUMT_contaminant (CSV)
AT2G07806,AT2G07806.2,0,depleted,False,891,0.2929292929292929,0.2592592592592592,0.2514029180695847,0.196408529741863,0.5521885521885522,0.4478114478114478,0.0910112359550561,0.0584269662921348,0.1011235955056179,0.0426966292134831,0.0595505617977528,0.0797752808988764,0.0617977528089887,0.0573033707865168,0.0921348314606741,0.0505617977528089,0.0561797752808988,0.0528089887640449,0.049438202247191,0.0707865168539325,0.0325842696629213,0.0438202247191011,0,249,639,0.0,0.2794612794612794,0.7171717171717171,0.5863,11,12.34567901234568,3,3.3670033670033668,-268.6,-0.3014590347923681,0.6375,14.0,15.712682379349046,0,0,1.0,completed,bioemu,0.0,0.0,0.0,0.0,0.0,18.4756,0.0,0.0,8.8826,24.7588,20.1386,0.01,213.0,1.41,0.2391,0.4059,1.0,3.0,canonical_fallback,,321.0,train,EXCLUDE,NUMT_contaminant (CSV)
AT2G07738,AT2G07738.1,0,depleted,False,448,0.2633928571428571,0.2879464285714285,0.2120535714285714,0.2366071428571428,0.5513392857142857,0.4486607142857143,0.0850111856823266,0.0715883668903803,0.058165548098434,0.0492170022371364,0.0492170022371364,0.0805369127516778,0.0671140939597315,0.0917225950782997,0.0604026845637583,0.0514541387024608,0.058165548098434,0.0425055928411633,0.0693512304250559,0.0850111856823266,0.0268456375838926,0.0536912751677852,86,95,264,0.1919642857142857,0.2120535714285714,0.5892857142857143,0.5263,5,11.160714285714285,1,2.232142857142857,-116.3,-0.2595982142857143,0.5402,10.0,22.32142857142857,0,0,3.0,completed,bioemu,13.2091,2.6531,22.9296,12.6494,13.5803,16.8218,4.9251,0.2928,5.9545,22.4378,40.4083,0.39,88.0,32.95,0.411,0.8146,1.0,29.0,canonical_fallback,,501.0,train,EXCLUDE,NUMT_contaminant (CSV)
AT2G07759,AT2G07759.1,0,depleted,True,88,0.25,0.2840909090909091,0.2840909090909091,0.1818181818181818,0.5340909090909091,0.4659090909090909,0.0689655172413793,0.1034482758620689,0.057471264367816,0.0229885057471264,0.0459770114942528,0.0919540229885057,0.0804597701149425,0.0689655172413793,0.0804597701149425,0.0459770114942528,0.1034482758620689,0.0459770114942528,0.057471264367816,0.0459770114942528,0.0344827586206896,0.0459770114942528,0,50,0,0.0,0.5681818181818182,0.0,0.58,0,0.0,0,0.0,-26.0,-0.2954545454545454,0.5909,4.0,45.45454545454546,0,0,,,,,,,,,,,,,,,,,,,,,,canonical_fallback,,,train,EXCLUDE,NUMT_contaminant (CSV)
AT2G07761,AT2G07761.1,0,depleted,True,75,0.2666666666666666,0.2666666666666666,0.24,0.2266666666666666,0.5333333333333333,0.4666666666666667,0.0945945945945946,0.027027027027027,0.0945945945945946,0.054054054054054,0.027027027027027,0.0675675675675675,0.081081081081081,0.0945945945945946,0.0405405405405405,0.1081081081081081,0.054054054054054,0.0405405405405405,0.0945945945945946,0.0675675675675675,0.0135135135135135,0.0405405405405405,0,50,0,0.0,0.6666666666666666,0.0,0.54,1,13.333333333333334,0,0.0,-21.4,-0.2853333333333333,0.6133,3.0,40.0,0,0,,,,,,,,,,,,,,,,,,,,,,canonical_fallback,,,train,EXCLUDE,NUMT_contaminant (CSV)
AT2G07763,AT2G07763.1,0,depleted,True,71,0.2535211267605634,0.2676056338028169,0.2535211267605634,0.2253521126760563,0.5211267605633803,0.4788732394366197,0.1,0.0857142857142857,0.0142857142857142,0.0571428571428571,0.0714285714285714,0.0285714285714285,0.0857142857142857,0.0714285714285714,0.0571428571428571,0.0714285714285714,0.0857142857142857,0.0428571428571428,0.0285714285714285,0.0857142857142857,0.0571428571428571,0.0571428571428571,0,50,0,0.0,0.704225352112676,0.0,0.48,1,14.084507042253522,0,0.0,-19.4,-0.2732394366197183,0.5352,2.0,28.169014084507044,0,0,,,,,,,,,,,,,,,,,,,,,,canonical_fallback,,,train,EXCLUDE,NUMT_contaminant (CSV)
AT2G07739,AT2G07739.1,0,depleted,False,888,0.2781531531531531,0.3558558558558558,0.1722972972972972,0.1936936936936936,0.634009009009009,0.3659909909909909,0.0822998872604284,0.1082299887260428,0.04847801578354,0.0394588500563697,0.0834272829763247,0.1296505073280721,0.0586245772266065,0.0845546786922209,0.0496054114994363,0.0586245772266065,0.0394588500563697,0.0236753100338218,0.0631341600901916,0.0597519729425028,0.0259301014656144,0.0450958286358511,288,177,597,0.3243243243243243,0.1993243243243243,0.6722972972972973,0.6667,10,11.26126126126126,2,2.2522522522522523,-227.2,-0.2558558558558558,0.6577,15.0,16.89189189189189,0,0,2.0,completed,bioemu,7.7645,2.8967,19.4935,8.4474,9.3507,22.1494,1.3607,0.0614,8.8241,31.2487,30.9801,0.68,199.0,10.55,0.274,0.4781,4.0,9.0,canonical_fallback,,172.0,val,EXCLUDE,NUMT_contaminant (CSV)
AT2G07764,AT2G07764.1,0,depleted,True,72,0.1944444444444444,0.2916666666666667,0.3194444444444444,0.1944444444444444,0.4861111111111111,0.5138888888888888,0.0422535211267605,0.028169014084507,0.0985915492957746,0.028169014084507,0.0704225352112676,0.056338028169014,0.0704225352112676,0.0985915492957746,0.0422535211267605,0.1126760563380281,0.1126760563380281,0.0422535211267605,0.0422535211267605,0.0845070422535211,0.0422535211267605,0.028169014084507,0,50,0,0.0,0.6944444444444444,0.0,0.48,0,0.0,0,0.0,-21.8,-0.3027777777777778,0.6667,3.0,41.66666666666667,0,0,,,,,,,,,,,,,,,,,,,,,,canonical_fallback,,,train,EXCLUDE,NUMT_contaminant (CSV)
AT2G07765,AT2G07765.1,0,depleted,True,83,0.2289156626506024,0.2650602409638554,0.2891566265060241,0.216867469879518,0.4939759036144578,0.5060240963855421,0.0853658536585365,0.024390243902439,0.0853658536585365,0.024390243902439,0.0365853658536585,0.073170731707317,0.073170731707317,0.0853658536585365,0.073170731707317,0.0975609756097561,0.073170731707317,0.048780487804878,0.0365853658536585,0.073170731707317,0.048780487804878,0.0609756097560975,0,50,0,0.0,0.6024096385542169,0.0,0.58,1,12.048192771084336,0,0.0,-30.2,-0.363855421686747,0.5783,3.0,36.14457831325301,0,0,,,,,,,,,,,,,,,,,,,,,,canonical_fallback,,,train,EXCLUDE,NUMT_contaminant (CSV)
AT2G07741,AT2G07741.1,0,depleted,False,1158,0.2435233160621761,0.3644214162348877,0.2020725388601036,0.1899827288428324,0.6079447322970639,0.3920552677029361,0.0648228176318063,0.0890233362143474,0.0501296456352636,0.0388936905790838,0.0726015557476231,0.1538461538461538,0.0734658599827139,0.0648228176318063,0.0553154710458081,0.0492653414001728,0.0509939498703543,0.0466724286949006,0.0501296456352636,0.0726015557476231,0.027657735522904,0.0397579948141745,0,231,1155,0.0,0.199481865284974,0.9974093264248703,0.6797,9,7.772020725388602,3,2.590673575129534,-286.5,-0.2474093264248704,0.5993,17.0,14.680483592400693,0,0,1.0,completed,bioemu,15.6544,8.8502,53.9492,32.8047,11.5234,34.656,4.4091,0.1272,8.4623,28.874,39.2017,0.58,385.0,3.38,0.2675,0.4992,4.0,8.0,canonical_fallback,,1163.0,test,EXCLUDE,NUMT_contaminant (CSV)
AT2G07766,AT2G07766.1,0,depleted,True,87,0.2413793103448276,0.2528735632183908,0.2988505747126437,0.2068965517241379,0.4942528735632184,0.5057471264367817,0.0930232558139534,0.0697674418604651,0.0581395348837209,0.0232558139534883,0.0348837209302325,0.0581395348837209,0.0581395348837209,0.1046511627906976,0.1046511627906976,0.0697674418604651,0.1046511627906976,0.0116279069767441,0.0116279069767441,0.0581395348837209,0.0697674418604651,0.0697674418604651,0,50,0,0.0,0.5747126436781609,0.0,0.5,1,11.49425287356322,1,11.49425287356322,-29.6,-0.3402298850574712,0.6207,3.0,34.48275862068966,0,0,,,,,,,,,,,,,,,,,,,,,,canonical_fallback,,,train,EXCLUDE,NUMT_contaminant (CSV)
