geneID,transcript_id,class,split,condition,bioemu_tier,prob_pos,pred_class,correct
AT1G01230,AT1G01230.1,0,val,depleted,2.0,0.44431524391634036,0,1
AT1G01300,AT1G01300.1,1,train,NS,2.0,0.8789315495651358,1,1
AT1G01450,AT1G01450.1,0,train,depleted,2.0,0.21864123980653724,0,1
AT1G01470,AT1G01470.1,0,train,depleted,1.0,0.25440941782975907,0,1
AT1G01510,AT1G01510.1,1,val,HS,2.0,0.827122899244294,1,1
AT1G01730,AT1G01730.1,0,train,depleted,3.0,0.2889201830623144,0,1
AT1G01910,AT1G01910.2,1,val,HS,1.0,0.8717886077813122,1,1
AT1G02100,AT1G02100.1,1,val,HS,2.0,0.7158947330921736,1,1
AT1G02130,AT1G02130.1,0,test,depleted,2.0,0.6270337252613647,1,0
AT1G02500,AT1G02500.1,1,train,HS,1.0,0.8552981851874595,1,1
AT1G02816,AT1G02816.1,0,test,depleted,1.0,0.3864357817419284,0,1
AT1G02930,AT1G02930.1,1,test,NS,1.0,0.6552644847015492,1,1
AT1G03130,AT1G03130.1,1,val,HS,3.0,0.5768223235643299,1,1
AT1G03330,AT1G03330.1,1,train,NS,1.0,0.740479338818608,1,1
AT1G03400,AT1G03400.2,1,train,NS,1.0,0.8246762188382222,1,1
AT1G03760,AT1G03760.1,1,val,NS,3.0,0.6403892600875389,1,1
AT1G04010,AT1G04010.1,0,train,depleted,1.0,0.39711042809050556,0,1
AT1G04070,AT1G04070.1,0,train,depleted,1.0,0.1547839841026319,0,1
AT1G04340,AT1G04340.1,0,train,depleted,2.0,0.23006508029234943,0,1
AT1G04350,AT1G04350.1,1,train,HS,1.0,0.8354671282744163,1,1
AT1G04530,AT1G04530.1,1,train,HS,2.0,0.8367731000655234,1,1
AT1G04870,AT1G04870.2,1,train,HS,1.0,0.8525678080014008,1,1
AT1G05210,AT1G05210.1,0,train,depleted,2.0,0.24450454543142738,0,1
AT1G05350,AT1G05350.1,1,train,NS,2.0,0.9634461835586273,1,1
AT1G05410,AT1G05410.1,0,train,depleted,2.0,0.364225221520516,0,1
AT1G05680,AT1G05680.1,0,train,depleted,1.0,0.3775929024814385,0,1
AT1G05790,AT1G05790.3,0,train,depleted,2.0,0.3719250768328566,0,1
AT1G05805,AT1G05805.1,1,train,HS,3.0,0.8867077165313683,1,1
AT1G06030,AT1G06030.1,0,train,depleted,1.0,0.2850856566642377,0,1
AT1G06160,AT1G06160.1,0,train,depleted,3.0,0.2311412938619573,0,1
AT1G06210,AT1G06210.1,1,val,NS,3.0,0.8389354896025073,1,1
AT1G06420,AT1G06420.1,0,train,depleted,3.0,0.25909910299172284,0,1
AT1G06760,AT1G06760.1,1,train,HS,3.0,0.7450012112455374,1,1
AT1G07040,AT1G07040.1,0,train,depleted,1.0,0.3593535569306692,0,1
AT1G07190,AT1G07190.1,0,train,depleted,1.0,0.06912937519816707,0,1
AT1G07250,AT1G07250.1,1,train,HS,1.0,0.8165235341510657,1,1
AT1G07590,AT1G07590.1,0,test,depleted,1.0,0.8039835290861899,1,0
AT1G07610,AT1G07610.1,0,train,depleted,1.0,0.1424116204027516,0,1
AT1G07620,AT1G07620.2,0,val,depleted,3.0,0.7241308517168363,1,0
AT1G07660,AT1G07660.1,1,train,NS,2.0,0.6871798592948811,1,1
AT1G07720,AT1G07720.2,0,train,depleted,1.0,0.32824923265327655,0,1
AT1G07960,AT1G07960.4,0,test,depleted,1.0,0.5345048739706094,1,0
AT1G08180,AT1G08180.1,0,train,depleted,3.0,0.11703296947292455,0,1
AT1G08250,AT1G08250.1,1,train,HS,3.0,0.8672037003961762,1,1
AT1G08370,AT1G08370.1,1,train,both,3.0,0.8531643491370305,1,1
AT1G08380,AT1G08380.1,1,train,HS,1.0,0.7787109126578562,1,1
AT1G08570,AT1G08570.1,1,train,NS,2.0,0.9091970234913623,1,1
AT1G09160,AT1G09160.1,1,train,NS,1.0,0.9320903434645954,1,1
AT1G09310,AT1G09310.1,1,train,HS,3.0,0.7681297235402796,1,1
AT1G09490,AT1G09490.1,0,train,depleted,1.0,0.3278976899322885,0,1
AT1G09590,AT1G09590.1,1,train,HS,3.0,0.7733370815894239,1,1
AT1G09795,AT1G09795.1,1,train,HS,1.0,0.9445345032495163,1,1
AT1G09950,AT1G09950.1,0,train,depleted,1.0,0.29895934347521386,0,1
AT1G10390,AT1G10390.1,0,test,depleted,3.0,0.8722821443607507,1,0
AT1G10470,AT1G10470.1,0,val,depleted,3.0,0.38736138506927437,0,1
AT1G10500,AT1G10500.1,0,train,depleted,1.0,0.280527762504326,0,1
AT1G10990,AT1G10990.2,0,train,depleted,3.0,0.17919953887877768,0,1
AT1G11240,AT1G11240.1,1,train,NS,3.0,0.8289970736793747,1,1
AT1G11320,AT1G11320.1,0,test,depleted,2.0,0.9077978218520153,1,0
AT1G11530,AT1G11530.1,1,train,HS,1.0,0.7386273498433057,1,1
AT1G11580,AT1G11580.2,1,val,HS,1.0,0.8330918998531168,1,1
AT1G11670,AT1G11670.1,0,train,depleted,1.0,0.2811380904530968,0,1
AT1G11800,AT1G11800.1,1,train,HS,1.0,0.9420991149080603,1,1
AT1G11870,AT1G11870.2,0,val,depleted,2.0,0.8981983702212263,1,0
AT1G12050,AT1G12050.1,1,train,HS,1.0,0.8455544343772562,1,1
AT1G12200,AT1G12200.2,1,train,both,1.0,0.8131717492741437,1,1
AT1G12350,AT1G12350.2,1,train,NS,1.0,0.8950128513336776,1,1
AT1G12400,AT1G12400.3,0,train,depleted,1.0,0.12808561165933266,0,1
AT1G12800,AT1G12800.1,1,train,HS,3.0,0.9692893282100145,1,1
AT1G12900,AT1G12900.5,1,test,HS,1.0,0.8322553358560927,1,1
AT1G12920,AT1G12920.1,1,train,HS,1.0,0.8724142309671371,1,1
AT1G13090,AT1G13090.1,1,train,HS,2.0,0.8067602135153987,1,1
AT1G13180,AT1G13180.1,1,val,HS,1.0,0.8169119925258306,1,1
AT1G13280,AT1G13280.1,1,train,HS,2.0,0.8390826930667994,1,1
AT1G13590,AT1G13590.1,0,train,depleted,3.0,0.13824987192229093,0,1
AT1G13690,AT1G13690.1,1,val,HS,3.0,0.44734378700058364,0,0
AT1G13930,AT1G13930.2,1,val,HS,3.0,0.4531790613282817,0,0
AT1G13950,AT1G13950.1,0,test,depleted,2.0,0.6272209964743614,1,0
AT1G14150,AT1G14150.1,1,train,HS,1.0,0.7692213705060976,1,1
AT1G14310,AT1G14310.1,0,train,depleted,1.0,0.3132727397420754,0,1
AT1G14380,AT1G14380.1,1,val,HS,3.0,0.9583177037269833,1,1
AT1G14410,AT1G14410.1,1,train,both,2.0,0.9197593327572104,1,1
AT1G14820,AT1G14820.3,0,train,depleted,1.0,0.37229568358083476,0,1
AT1G15010,AT1G15010.1,0,train,depleted,1.0,0.14506141221997632,0,1
AT1G15170,AT1G15170.1,0,train,depleted,1.0,0.27935574034558686,0,1
AT1G15290,AT1G15290.1,1,test,HS,3.0,0.9557329307994893,1,1
AT1G15710,AT1G15710.1,1,train,HS,2.0,0.8507674433650221,1,1
AT1G15825,AT1G15825.1,0,train,depleted,3.0,0.1803151116877398,0,1
AT1G15840,AT1G15840.1,0,test,depleted,3.0,0.3322347628099861,0,1
AT1G15880,AT1G15880.1,0,test,depleted,2.0,0.6118628745389435,1,0
AT1G15950,AT1G15950.1,1,train,HS,2.0,0.7896472858629132,1,1
AT1G16080,AT1G16080.1,1,train,HS,1.0,0.9311631127332549,1,1
AT1G16220,AT1G16220.1,0,val,depleted,2.0,0.91545475568416,1,0
AT1G16700,AT1G16700.1,1,train,HS,1.0,0.8945644820237812,1,1
AT1G16820,AT1G16820.1,0,train,depleted,1.0,0.10075413798451643,0,1
AT1G16916,AT1G16916.2,0,train,depleted,3.0,0.18109631074196222,0,1
AT1G17020,AT1G17020.1,0,train,depleted,1.0,0.3245111131426644,0,1
AT1G17210,AT1G17210.1,1,train,HS,3.0,0.992294865869363,1,1
AT1G17410,AT1G17410.1,0,train,depleted,1.0,0.1482468962957284,0,1
AT1G17640,AT1G17640.1,0,train,depleted,3.0,0.3104268532170428,0,1
AT1G18030,AT1G18030.1,0,train,depleted,2.0,0.26148859667425206,0,1
AT1G18170,AT1G18170.1,1,train,HS,3.0,0.7723455737247716,1,1
AT1G18190,AT1G18190.1,1,train,NS,3.0,0.88019744308441,1,1
AT1G18200,AT1G18200.1,0,test,depleted,1.0,0.41626575794344434,0,1
AT1G18300,AT1G18300.1,0,test,depleted,1.0,0.6538575686246911,1,0
AT1G18382,AT1G18382.1,0,train,depleted,,0.02270855719961745,0,1
AT1G18670,AT1G18670.2,1,val,HS,3.0,0.9055461708626312,1,1
AT1G19210,AT1G19210.1,0,val,depleted,3.0,0.33837990017972475,0,1
AT1G19220,AT1G19220.1,1,train,HS,3.0,0.9648193268615028,1,1
AT1G19240,AT1G19240.1,0,train,depleted,2.0,0.07882358786310736,0,1
AT1G19320,AT1G19320.1,0,train,depleted,1.0,0.14310925717293055,0,1
AT1G19370,AT1G19370.1,1,train,HS,2.0,0.8388316032709042,1,1
AT1G19570,AT1G19570.1,1,train,both,1.0,0.8394956948188504,1,1
AT1G19720,AT1G19720.1,1,train,HS,1.0,0.9016433087126684,1,1
AT1G19835,AT1G19835.3,1,train,both,3.0,0.9288378137745139,1,1
AT1G19920,AT1G19920.1,1,train,HS,1.0,0.888438943677157,1,1
AT1G20070,AT1G20070.1,1,train,HS,3.0,0.7257403937810435,1,1
AT1G20200,AT1G20200.1,1,train,HS,2.0,0.8822271032480181,1,1
AT1G20225,AT1G20225.1,0,train,depleted,1.0,0.17847830350280472,0,1
AT1G20810,AT1G20810.1,1,train,HS,3.0,0.90628111638332,1,1
AT1G20830,AT1G20830.1,0,train,depleted,3.0,0.373077511560505,0,1
AT1G21130,AT1G21130.1,1,val,HS,1.0,0.7963547780495721,1,1
AT1G21350,AT1G21350.5,1,train,HS,2.0,0.8797597084087218,1,1
AT1G21370,AT1G21370.1,1,train,NS,2.0,0.8373712956909115,1,1
AT1G21440,AT1G21440.1,1,train,both,1.0,0.8685729352906166,1,1
AT1G22140,AT1G22140.3,0,val,depleted,3.0,0.2309186944475704,0,1
AT1G22280,AT1G22280.3,1,train,HS,2.0,0.7807330053521498,1,1
AT1G22470,AT1G22470.1,0,train,depleted,1.0,0.16847348126444164,0,1
AT1G22920,AT1G22920.1,1,train,both,2.0,0.9010098912115896,1,1
AT1G22940,AT1G22940.1,1,test,NS,1.0,0.7693418692816383,1,1
AT1G23130,AT1G23130.1,0,train,depleted,1.0,0.2905987335859638,0,1
AT1G23740,AT1G23740.1,1,train,HS,1.0,0.7330446397071002,1,1
AT1G23800,AT1G23800.2,1,train,HS,1.0,0.9304468716083196,1,1
AT1G24100,AT1G24100.1,1,train,both,1.0,0.827357259065121,1,1
AT1G24490,AT1G24490.1,1,train,HS,3.0,0.955654095965905,1,1
AT1G25220,AT1G25220.2,1,train,NS,1.0,0.8881367833180638,1,1
AT1G26470,AT1G26470.1,0,train,depleted,3.0,0.20139435501490693,0,1
AT1G26550,AT1G26550.1,1,train,HS,3.0,0.7929309874040147,1,1
AT1G26640,AT1G26640.1,0,train,depleted,1.0,0.37641156746820337,0,1
AT1G26670,AT1G26670.1,1,val,HS,3.0,0.6136768344828155,1,1
AT1G26770,AT1G26770.2,1,train,HS,1.0,0.66196717621718,1,1
AT1G27060,AT1G27060.1,0,val,depleted,2.0,0.6528747701433057,1,0
AT1G27130,AT1G27130.1,1,train,HS,1.0,0.8551896628294725,1,1
AT1G27385,AT1G27385.4,1,train,NS,1.0,0.6616358787106803,1,1
AT1G27430,AT1G27430.1,1,train,HS,3.0,0.9729690061572938,1,1
AT1G27730,AT1G27730.1,0,test,depleted,3.0,0.5926852844843133,1,0
AT1G27900,AT1G27900.3,1,train,HS,1.0,0.9264929779979173,1,1
AT1G28135,AT1G28135.1,0,test,depleted,3.0,0.2082985052736072,0,1
AT1G28150,AT1G28150.2,0,train,depleted,2.0,0.15767052960127237,0,1
AT1G28230,AT1G28230.1,0,train,depleted,2.0,0.21404338730163414,0,1
AT1G28290,AT1G28290.1,1,train,both,3.0,0.8049886718604607,1,1
AT1G28370,AT1G28370.2,0,train,depleted,2.0,0.10935547891942281,0,1
AT1G28380,AT1G28380.1,1,test,HS,1.0,0.7726775265218875,1,1
AT1G28480,AT1G28480.1,0,train,depleted,2.0,0.16215519191790875,0,1
AT1G28540,AT1G28540.1,0,train,depleted,3.0,0.12347369200898434,0,1
AT1G28570,AT1G28570.1,1,train,NS,1.0,0.8347923095932513,1,1
AT1G28950,AT1G28950.1,0,train,depleted,,0.0027277970273331116,0,1
AT1G29090,AT1G29090.1,0,train,depleted,1.0,0.28067882217120466,0,1
AT1G29280,AT1G29280.1,0,train,depleted,3.0,0.24847310575458284,0,1
AT1G29400,AT1G29400.3,1,test,HS,3.0,0.8239895024571886,1,1
AT1G29465,AT1G29465.1,0,val,depleted,1.0,0.2581779423986655,0,1
AT1G29850,AT1G29850.3,1,train,HS,3.0,0.757760540501088,1,1
AT1G30110,AT1G30110.1,0,train,depleted,2.0,0.2975568504922959,0,1
AT1G30600,AT1G30600.1,1,test,NS,1.0,0.7711170228006122,1,1
AT1G30870,AT1G30870.1,0,train,depleted,1.0,0.29588008525182674,0,1
AT1G31160,AT1G31160.1,0,val,depleted,1.0,0.6383839986202525,1,0
AT1G31220,AT1G31220.1,1,train,NS,1.0,0.8618349550660074,1,1
AT1G31835,AT1G31835.2,0,train,depleted,3.0,0.11340275484333456,0,1
AT1G31970,AT1G31970.1,1,train,NS,2.0,0.9122385542180758,1,1
AT1G32130,AT1G32130.1,1,test,HS,3.0,0.8130663409581856,1,1
AT1G32220,AT1G32220.1,1,test,HS,1.0,0.6587256209337286,1,1
AT1G32310,AT1G32310.1,0,train,depleted,3.0,0.10549500379270195,0,1
AT1G32370,AT1G32370.2,0,train,depleted,3.0,0.1569784824516708,0,1
AT1G32440,AT1G32440.1,1,train,HS,1.0,0.9348285366081415,1,1
AT1G32550,AT1G32550.2,1,train,both,1.0,0.6404735147087579,1,1
AT1G33040,AT1G33040.1,0,train,depleted,3.0,0.2662592477847579,0,1
AT1G33050,AT1G33050.4,1,train,HS,3.0,0.953252719099957,1,1
AT1G33265,AT1G33265.1,0,train,depleted,1.0,0.26542927967283786,0,1
AT1G33520,AT1G33520.1,1,val,HS,3.0,0.7241880886571451,1,1
AT1G33760,AT1G33760.1,0,train,depleted,3.0,0.12544766975089636,0,1
AT1G33810,AT1G33810.1,1,train,HS,3.0,0.7605971194343358,1,1
AT1G35140,AT1G35140.1,0,train,depleted,1.0,0.19392838844349072,0,1
AT1G35420,AT1G35420.2,1,train,HS,1.0,0.8235591262946943,1,1
AT1G35780,AT1G35780.2,1,train,HS,3.0,0.7235054568243411,1,1
AT1G36370,AT1G36370.1,1,train,HS,2.0,0.9226275740521419,1,1
AT1G43710,AT1G43710.1,1,test,HS,2.0,0.7940503951169519,1,1
AT1G43800,AT1G43800.1,0,train,depleted,1.0,0.294265486262654,0,1
AT1G44790,AT1G44790.1,0,val,depleted,1.0,0.598902617866681,1,0
AT1G45145,AT1G45145.1,1,train,HS,1.0,0.8161803726000801,1,1
AT1G45170,AT1G45170.1,0,train,depleted,1.0,0.3044420313882684,0,1
AT1G45230,AT1G45230.1,1,test,HS,3.0,0.5056018054822727,1,1
AT1G45474,AT1G45474.2,1,train,HS,1.0,0.8119033218314298,1,1
AT1G47200,AT1G47200.1,1,train,HS,3.0,0.8217031696591569,1,1
AT1G48320,AT1G48320.1,1,train,both,1.0,0.7852828349645461,1,1
AT1G48550,AT1G48550.1,0,train,depleted,1.0,0.28842780862277856,0,1
AT1G48600,AT1G48600.2,1,train,both,1.0,0.9608441706552315,1,1
AT1G48620,AT1G48620.1,1,train,HS,3.0,0.9576429057131768,1,1
AT1G48830,AT1G48830.1,1,test,HS,1.0,0.7264987346632626,1,1
AT1G49310,AT1G49310.1,0,train,depleted,2.0,0.07603349665845399,0,1
AT1G49405,AT1G49405.1,0,train,depleted,2.0,0.2068624448161793,0,1
AT1G49430,AT1G49430.1,1,train,HS,1.0,0.8816934021642964,1,1
AT1G49600,AT1G49600.3,1,val,HS,3.0,0.9422470823472123,1,1
AT1G49650,AT1G49650.1,1,val,NS,1.0,0.6145658411502827,1,1
AT1G49750,AT1G49750.1,1,train,both,3.0,0.8295013060219504,1,1
AT1G49760,AT1G49760.1,1,test,HS,3.0,0.8359701930774112,1,1
AT1G50370,AT1G50370.1,1,train,both,1.0,0.8896104265863485,1,1
AT1G50430,AT1G50430.1,1,test,HS,1.0,0.5899881628387299,1,1
AT1G50450,AT1G50450.1,1,test,HS,1.0,0.5353840709826673,1,1
AT1G50900,AT1G50900.1,1,val,HS,1.0,0.6176312086021754,1,1
AT1G51140,AT1G51140.1,0,train,depleted,3.0,0.36536660959563416,0,1
AT1G51680,AT1G51680.1,1,train,HS,1.0,0.8921685491834938,1,1
AT1G51760,AT1G51760.1,1,train,HS,1.0,0.9256642923464109,1,1
AT1G52220,AT1G52220.1,1,test,HS,1.0,0.2996353775903885,0,0
AT1G52340,AT1G52340.1,1,val,both,1.0,0.5557471318327563,1,1
AT1G52670,AT1G52670.1,1,test,HS,2.0,0.77856462085137,1,1
AT1G52830,AT1G52830.1,0,train,depleted,1.0,0.21162599864509749,0,1
AT1G52905,AT1G52905.1,0,val,depleted,1.0,0.2329540589000528,0,1
AT1G53280,AT1G53280.1,1,test,NS,1.0,0.6737085685234316,1,1
AT1G53610,AT1G53610.1,0,val,depleted,3.0,0.05116604739864939,0,1
AT1G53970,AT1G53970.2,0,test,depleted,2.0,0.2547046786189013,0,1
AT1G54120,AT1G54120.1,0,test,depleted,1.0,0.2274742867128662,0,1
AT1G54290,AT1G54290.1,1,val,both,2.0,0.2085913413097065,0,0
AT1G54575,AT1G54575.2,0,train,depleted,3.0,0.15731773866600654,0,1
AT1G54580,AT1G54580.1,1,test,HS,1.0,0.4856400916055474,0,0
AT1G55210,AT1G55210.1,1,test,NS,1.0,0.3358189205895798,0,0
AT1G55260,AT1G55260.1,0,test,depleted,2.0,0.3449063943909901,0,1
AT1G55500,AT1G55500.4,1,train,both,3.0,0.9607691323782983,1,1
AT1G56500,AT1G56500.2,1,val,HS,1.0,0.8678117615165948,1,1
AT1G56660,AT1G56660.1,0,train,depleted,3.0,0.32955897447649446,0,1
AT1G56700,AT1G56700.1,1,train,HS,1.0,0.8463539704925321,1,1
AT1G58110,AT1G58110.2,1,train,HS,3.0,0.9144354563384344,1,1
AT1G58420,AT1G58420.1,0,test,depleted,3.0,0.3445726066971108,0,1
AT1G59600,AT1G59600.1,0,train,depleted,1.0,0.22611332766871253,0,1
AT1G60430,AT1G60430.2,1,train,HS,1.0,0.8371807665761768,1,1
AT1G60640,AT1G60640.2,1,train,NS,3.0,0.7624003000656246,1,1
AT1G60660,AT1G60660.1,0,train,depleted,3.0,0.13233211516882387,0,1
AT1G60730,AT1G60730.3,1,train,HS,1.0,0.7849817440430749,1,1
AT1G61340,AT1G61340.1,0,train,depleted,2.0,0.16018039177320495,0,1
AT1G61570,AT1G61570.1,0,val,depleted,2.0,0.35889014178321954,0,1
AT1G61920,AT1G61920.1,0,train,depleted,1.0,0.11657512090493959,0,1
AT1G62150,AT1G62150.1,0,train,depleted,1.0,0.3339268721825497,0,1
AT1G62180,AT1G62180.1,1,val,HS,2.0,0.873160539361616,1,1
AT1G62380,AT1G62380.1,1,val,HS,1.0,0.7553194321905181,1,1
AT1G62560,AT1G62560.2,1,train,NS,2.0,0.7628130336255455,1,1
AT1G62710,AT1G62710.1,0,train,depleted,1.0,0.2732821426575379,0,1
AT1G63000,AT1G63000.1,1,train,HS,1.0,0.8128272026126218,1,1
AT1G63130,AT1G63130.1,0,train,depleted,1.0,0.40007463952830735,0,1
AT1G63460,AT1G63460.1,1,train,NS,1.0,0.8633346718125968,1,1
AT1G63610,AT1G63610.2,1,val,HS,3.0,0.7911268305055272,1,1
AT1G63800,AT1G63800.1,0,train,depleted,3.0,0.1491700244164346,0,1
AT1G64065,AT1G64065.1,0,train,depleted,3.0,0.15702434837765322,0,1
AT1G64400,AT1G64400.1,1,train,HS,1.0,0.9417729297214343,1,1
AT1G64680,AT1G64680.2,1,val,HS,1.0,0.5939312975485216,1,1
AT1G65240,AT1G65240.1,0,train,depleted,1.0,0.3242884672424813,0,1
AT1G65346,AT1G65346.1,0,train,depleted,2.0,0.05342870426263176,0,1
AT1G65540,AT1G65540.3,1,train,HS,2.0,0.903751204425781,1,1
AT1G66400,AT1G66400.1,0,train,depleted,1.0,0.11677190223545846,0,1
AT1G66430,AT1G66430.1,1,train,HS,2.0,0.9006892218407052,1,1
AT1G66500,AT1G66500.1,0,train,depleted,3.0,0.24155680937352667,0,1
AT1G66530,AT1G66530.1,1,train,NS,1.0,0.8673437206818865,1,1
AT1G66820,AT1G66820.1,0,train,depleted,2.0,0.1109851978533537,0,1
AT1G67870,AT1G67870.1,1,train,HS,3.0,0.7451230192351056,1,1
AT1G68100,AT1G68100.1,1,test,HS,3.0,0.8063572987369076,1,1
AT1G68185,AT1G68185.2,1,train,NS,3.0,0.7852840732982238,1,1
AT1G68310,AT1G68310.1,0,train,depleted,2.0,0.20382137140225381,0,1
AT1G68660,AT1G68660.1,1,train,HS,1.0,0.7874971125616121,1,1
AT1G68680,AT1G68680.1,1,train,both,2.0,0.6068087579649362,1,1
AT1G68945,AT1G68945.1,0,train,depleted,1.0,0.10412717429401436,0,1
AT1G69010,AT1G69010.1,1,train,NS,3.0,0.8952007630965844,1,1
AT1G69370,AT1G69370.1,1,train,HS,1.0,0.8354802496576658,1,1
AT1G69510,AT1G69510.2,1,test,HS,3.0,0.5335442273693813,1,1
AT1G69530,AT1G69530.3,1,train,NS,1.0,0.7924607509342564,1,1
AT1G70440,AT1G70440.1,0,train,depleted,1.0,0.22255227213934203,0,1
AT1G70580,AT1G70580.1,1,val,both,1.0,0.8893937064388985,1,1
AT1G70710,AT1G70710.1,1,train,both,1.0,0.8678691014871514,1,1
AT1G70760,AT1G70760.1,0,train,depleted,2.0,0.2739798312912629,0,1
AT1G70790,AT1G70790.1,1,train,both,2.0,0.8361085214295353,1,1
AT1G70880,AT1G70880.1,0,train,depleted,2.0,0.3277433577349092,0,1
AT1G71040,AT1G71040.1,1,train,NS,1.0,0.8931725940951875,1,1
AT1G71740,AT1G71740.1,0,train,depleted,1.0,0.08862383869042066,0,1
AT1G71790,AT1G71790.1,1,test,both,1.0,0.6820526178920155,1,1
AT1G72010,AT1G72010.1,1,test,HS,3.0,0.7502591189077547,1,1
AT1G72550,AT1G72550.1,1,train,HS,1.0,0.9352811207563434,1,1
AT1G72610,AT1G72610.1,0,train,depleted,1.0,0.24555506207215344,0,1
AT1G72680,AT1G72680.1,1,test,HS,1.0,0.7266279371914728,1,1
AT1G72930,AT1G72930.1,1,train,NS,1.0,0.838954068326757,1,1
AT1G73060,AT1G73060.1,1,train,HS,1.0,0.8846569493417181,1,1
AT1G73220,AT1G73220.1,0,test,depleted,2.0,0.6639679190259646,1,0
AT1G73230,AT1G73230.1,1,train,HS,3.0,0.7963316758262966,1,1
AT1G73350,AT1G73350.5,1,train,NS,3.0,0.8344440773110801,1,1
AT1G73380,AT1G73380.1,0,train,depleted,1.0,0.30347248619430456,0,1
AT1G73540,AT1G73540.1,0,test,depleted,1.0,0.5329960411959288,1,0
AT1G73600,AT1G73600.2,1,train,NS,1.0,0.9120446354018888,1,1
AT1G73840,AT1G73840.1,1,train,NS,3.0,0.8431073903541368,1,1
AT1G73965,AT1G73965.1,0,train,depleted,3.0,0.05386669043988313,0,1
AT1G74060,AT1G74060.1,1,train,HS,3.0,0.850922572757386,1,1
AT1G74090,AT1G74090.1,1,train,both,2.0,0.8005713721301232,1,1
AT1G74100,AT1G74100.1,1,train,both,1.0,0.7988329973387523,1,1
AT1G74210,AT1G74210.1,0,train,depleted,1.0,0.30049164958049335,0,1
AT1G74280,AT1G74280.1,0,test,depleted,2.0,0.518180105482671,1,0
AT1G74450,AT1G74450.1,0,val,depleted,2.0,0.5336204566877321,1,0
AT1G74640,AT1G74640.1,1,train,NS,1.0,0.9580137270894933,1,1
AT1G74930,AT1G74930.1,0,val,depleted,3.0,0.4170426690146985,0,1
AT1G75100,AT1G75100.1,1,train,NS,3.0,0.9695775394752655,1,1
AT1G75190,AT1G75190.1,1,train,NS,3.0,0.6966708148055227,1,1
AT1G75830,AT1G75830.1,0,train,depleted,2.0,0.13391727648744545,0,1
AT1G76020,AT1G76020.1,0,train,depleted,1.0,0.20062620747811127,0,1
AT1G76150,AT1G76150.1,1,train,HS,1.0,0.9155640174408346,1,1
AT1G76185,AT1G76185.1,0,test,depleted,3.0,0.30202153637990103,0,1
AT1G76650,AT1G76650.1,0,train,depleted,3.0,0.13538180361529945,0,1
AT1G76680,AT1G76680.2,1,train,HS,1.0,0.8702344154691988,1,1
AT1G76860,AT1G76860.1,0,train,depleted,1.0,0.2982706504451294,0,1
AT1G76878,AT1G76878.1,0,train,depleted,,0.09249937292768497,0,1
AT1G76970,AT1G76970.2,0,val,depleted,3.0,0.782086006856023,1,0
AT1G77090,AT1G77090.1,0,val,depleted,1.0,0.6219022974853673,1,0
AT1G77120,AT1G77120.1,1,train,HS,1.0,0.9329485016898855,1,1
AT1G77122,AT1G77122.1,0,train,depleted,2.0,0.18775748628088987,0,1
AT1G77540,AT1G77540.1,0,test,depleted,2.0,0.3959793361220951,0,1
AT1G77610,AT1G77610.1,0,test,depleted,2.0,0.5838905622096954,1,0
AT1G77680,AT1G77680.1,1,train,NS,2.0,0.966482330468587,1,1
AT1G77750,AT1G77750.1,0,train,depleted,3.0,0.3372058896299442,0,1
AT1G77855,AT1G77855.1,0,train,depleted,1.0,0.2755644181679304,0,1
AT1G77930,AT1G77930.3,1,train,HS,1.0,0.831396776484702,1,1
AT1G78010,AT1G78010.1,1,train,HS,1.0,0.9246017932064247,1,1
AT1G78020,AT1G78020.1,1,train,HS,3.0,0.6985320264525678,1,1
AT1G78060,AT1G78060.1,1,train,HS,1.0,0.845186643599575,1,1
AT1G78140,AT1G78140.1,0,train,depleted,1.0,0.3272614366613737,0,1
AT1G78370,AT1G78370.1,1,train,both,1.0,0.9153889182296011,1,1
AT1G78580,AT1G78580.1,1,train,HS,2.0,0.9028312968347398,1,1
AT1G78620,AT1G78620.2,1,train,both,1.0,0.8550013491115749,1,1
AT1G78915,AT1G78915.3,0,train,depleted,3.0,0.3475764817875706,0,1
AT1G78995,AT1G78995.1,1,train,NS,2.0,0.7346621713842318,1,1
AT1G79170,AT1G79170.1,0,train,depleted,3.0,0.0647886371851725,0,1
AT1G79200,AT1G79200.1,1,val,both,3.0,0.4217330485198349,0,0
AT1G79210,AT1G79210.1,0,train,depleted,1.0,0.3525810602372086,0,1
AT1G79470,AT1G79470.1,1,train,NS,1.0,0.9121162254538354,1,1
AT1G79690,AT1G79690.1,1,train,HS,1.0,0.9118671272410339,1,1
AT1G80030,AT1G80030.2,1,train,HS,2.0,0.9263968392384121,1,1
AT1G80360,AT1G80360.3,1,train,HS,1.0,0.8783735298269281,1,1
AT1G80500,AT1G80500.2,1,train,NS,1.0,0.8519630489806786,1,1
AT1G80650,AT1G80650.3,1,train,HS,3.0,0.7633107449238833,1,1
AT1G80770,AT1G80770.6,1,train,HS,2.0,0.9232305427111168,1,1
AT1G80820,AT1G80820.1,0,train,depleted,1.0,0.29050540606610326,0,1
AT1G80910,AT1G80910.1,1,train,NS,2.0,0.9540758510535516,1,1
AT5G01210,AT5G01210.1,0,train,depleted,1.0,0.30515221428716405,0,1
AT5G01490,AT5G01490.1,0,train,depleted,2.0,0.23104073577707776,0,1
AT5G01650,AT5G01650.3,1,train,HS,1.0,0.7745945856928957,1,1
AT5G01870,AT5G01870.1,0,test,depleted,1.0,0.44400572669624916,0,1
AT5G01920,AT5G01920.1,1,test,HS,1.0,0.5936277105864627,1,1
AT5G02120,AT5G02120.1,1,train,HS,1.0,0.6594533123174297,1,1
AT5G02280,AT5G02280.1,1,val,NS,1.0,0.6484724365688389,1,1
AT5G02490,AT5G02490.1,1,train,NS,2.0,0.9428710162597678,1,1
AT5G02610,AT5G02610.2,1,train,HS,1.0,0.7677277445372744,1,1
AT5G02690,AT5G02690.1,0,train,depleted,1.0,0.13304668464324906,0,1
AT5G02710,AT5G02710.2,0,train,depleted,3.0,0.20021274806477238,0,1
AT5G03160,AT5G03160.1,0,train,depleted,2.0,0.36407864566915926,0,1
AT5G03210,AT5G03210.2,0,train,depleted,3.0,0.11424804110278115,0,1
AT5G03300,AT5G03300.1,1,train,HS,1.0,0.9243346634655261,1,1
AT5G03350,AT5G03350.1,1,train,NS,2.0,0.7705146318525262,1,1
AT5G03520,AT5G03520.1,1,test,HS,1.0,0.5480917089410837,1,1
AT5G03860,AT5G03860.1,0,train,depleted,1.0,0.3427109814606727,0,1
AT5G04230,AT5G04230.2,1,train,both,2.0,0.8235182311815799,1,1
AT5G04238,AT5G04238.1,0,train,depleted,3.0,0.021314743457383656,0,1
AT5G04520,AT5G04520.1,1,train,NS,1.0,0.741912402390854,1,1
AT5G04850,AT5G04850.2,1,train,HS,3.0,0.8648369324392746,1,1
AT5G04900,AT5G04900.1,1,train,NS,1.0,0.9432187465267053,1,1
AT5G04950,AT5G04950.1,0,val,depleted,1.0,0.6178010367502393,1,0
AT5G05000,AT5G05000.3,1,train,HS,1.0,0.8476664778065178,1,1
AT5G05230,AT5G05230.1,1,train,NS,3.0,0.8478663526667861,1,1
AT5G05290,AT5G05290.1,0,train,depleted,1.0,0.2870199195973632,0,1
AT5G05300,AT5G05300.1,0,train,depleted,1.0,0.06667575618534873,0,1
AT5G05330,AT5G05330.1,0,train,depleted,2.0,0.2000048007420884,0,1
AT5G05370,AT5G05370.1,0,train,depleted,1.0,0.1747638393188017,0,1
AT5G05410,AT5G05410.1,0,test,depleted,3.0,0.6394229881512244,1,0
AT5G05470,AT5G05470.1,1,train,NS,2.0,0.8190172692248089,1,1
AT5G05540,AT5G05540.1,0,val,depleted,2.0,0.7643822065552418,1,0
AT5G05610,AT5G05610.1,1,train,HS,2.0,0.8448110897655275,1,1
AT5G05730,AT5G05730.2,1,train,NS,1.0,0.9630665444229014,1,1
AT5G05770,AT5G05770.1,0,train,depleted,2.0,0.10369916734926342,0,1
AT5G06130,AT5G06130.2,1,train,HS,1.0,0.9365459588487656,1,1
AT5G06140,AT5G06140.1,1,train,HS,1.0,0.9000141146764894,1,1
AT5G06360,AT5G06360.1,1,train,HS,3.0,0.9167504638832074,1,1
AT5G06410,AT5G06410.1,0,test,depleted,1.0,0.7524075320508191,1,0
AT5G06640,AT5G06640.1,0,test,depleted,3.0,0.40388033117021627,0,1
AT5G06770,AT5G06770.1,1,train,HS,3.0,0.9135919665464562,1,1
AT5G07010,AT5G07010.1,1,train,both,1.0,0.8329190607226149,1,1
AT5G07030,AT5G07030.1,1,train,both,1.0,0.8492654067067005,1,1
AT5G07152,AT5G07152.1,0,train,depleted,,0.10912352434417955,0,1
AT5G07460,AT5G07460.1,1,test,HS,3.0,0.4980858161804655,0,0
AT5G07571,AT5G07571.1,0,train,depleted,2.0,0.094517772036743,0,1
AT5G07830,AT5G07830.1,1,train,HS,1.0,0.8436254595508959,1,1
AT5G08080,AT5G08080.3,1,train,NS,3.0,0.8375110463028175,1,1
AT5G08130,AT5G08130.8,1,train,HS,3.0,0.9203731631147238,1,1
AT5G08150,AT5G08150.1,0,train,depleted,3.0,0.16542451582227805,0,1
AT5G08180,AT5G08180.1,1,train,NS,1.0,0.7021919294342992,1,1
AT5G08200,AT5G08200.1,1,val,HS,3.0,0.667829647783171,1,1
AT5G08210,at5g08210,0,train,depleted,,0.019889025491692566,0,1
AT5G08390,AT5G08390.1,1,train,HS,3.0,0.9951392168713981,1,1
AT5G08590,AT5G08590.2,1,train,HS,2.0,0.8572782113885664,1,1
AT5G09230,AT5G09230.7,0,train,depleted,1.0,0.28135593996586605,0,1
AT5G09250,AT5G09250.2,1,train,NS,3.0,0.660126207632446,1,1
AT5G09585,AT5G09585.1,0,train,depleted,,0.004452008673143564,0,1
AT5G09650,AT5G09650.1,1,test,HS,1.0,0.7592369431038114,1,1
AT5G09830,AT5G09830.1,1,train,HS,3.0,0.7158240282545651,1,1
AT5G09900,AT5G09900.3,1,val,HS,2.0,0.7269438651264426,1,1
AT5G09995,AT5G09995.2,0,test,depleted,2.0,0.49973325544300357,0,1
AT5G10120,AT5G10120.1,0,val,depleted,3.0,0.5226074171260101,1,0
AT5G10130,AT5G10130.1,0,train,depleted,1.0,0.16540970051770953,0,1
AT5G10460,AT5G10460.1,0,train,depleted,1.0,0.27651993567496835,0,1
AT5G10630,AT5G10630.4,1,train,HS,2.0,0.9132702446129496,1,1
AT5G11340,AT5G11340.1,0,val,depleted,1.0,0.6681000358561028,1,0
AT5G11450,AT5G11450.2,1,train,HS,1.0,0.8954013114868209,1,1
AT5G11490,AT5G11490.2,1,train,HS,2.0,0.9595169783318499,1,1
AT5G11600,AT5G11600.1,0,train,depleted,3.0,0.2632084049220475,0,1
AT5G11840,AT5G11840.2,1,train,NS,3.0,0.8204568827488374,1,1
AT5G11950,AT5G11950.1,1,train,NS,2.0,0.8331423706480583,1,1
AT5G12150,AT5G12150.1,1,train,HS,3.0,0.9144370607331385,1,1
AT5G12200,AT5G12200.1,1,train,HS,1.0,0.9186134592536309,1,1
AT5G12250,AT5G12250.1,1,train,HS,2.0,0.9451588596813407,1,1
AT5G12850,AT5G12850.1,1,train,HS,3.0,0.8746390988892597,1,1
AT5G13050,AT5G13050.1,1,train,NS,1.0,0.9422855436316947,1,1
AT5G13370,AT5G13370.1,1,train,HS,1.0,0.9473926778867948,1,1
AT5G13550,AT5G13550.1,1,val,HS,2.0,0.6973632666505,1,1
AT5G13900,AT5G13900.1,0,train,depleted,1.0,0.1051805467023907,0,1
AT5G14105,AT5G14105.1,0,val,depleted,3.0,0.1872517392366053,0,1
AT5G14200,AT5G14200.3,1,test,both,1.0,0.8037742775982187,1,1
AT5G14250,AT5G14250.2,1,val,NS,1.0,0.828369284539917,1,1
AT5G14330,AT5G14330.1,0,train,depleted,3.0,0.1254400436369869,0,1
AT5G14600,AT5G14600.1,1,val,HS,2.0,0.5672760193961449,1,1
AT5G14750,AT5G14750.1,0,train,depleted,2.0,0.08317086185989855,0,1
AT5G14790,AT5G14790.1,1,val,HS,2.0,0.7565558605455172,1,1
AT5G14910,AT5G14910.1,1,val,HS,1.0,0.5082598937275707,1,1
AT5G14930,AT5G14930.2,1,train,HS,1.0,0.7945794931729838,1,1
AT5G15200,AT5G15200.1,1,train,HS,2.0,0.8167961370894405,1,1
AT5G15390,AT5G15390.2,1,val,NS,1.0,0.7922684969198893,1,1
AT5G15530,AT5G15530.1,1,train,HS,3.0,0.8538901345674164,1,1
AT5G15750,AT5G15750.1,0,val,depleted,1.0,0.3917489425934675,0,1
AT5G15802,AT5G15802.1,1,train,NS,1.0,0.7152170608243427,1,1
AT5G15960,AT5G15960.1,1,train,HS,3.0,0.5177037203436624,1,1
AT5G16050,AT5G16050.2,1,train,NS,2.0,0.8657767746456608,1,1
AT5G16120,AT5G16120.4,1,train,HS,1.0,0.797493122749877,1,1
AT5G16290,AT5G16290.1,1,train,HS,1.0,0.9777792069512233,1,1
AT5G16360,AT5G16360.1,0,train,depleted,1.0,0.2628417689105121,0,1
AT5G16440,AT5G16440.1,1,val,NS,1.0,0.6999518012497004,1,1
AT5G16730,AT5G16730.1,1,val,HS,3.0,0.8308867033869602,1,1
AT5G16810,AT5G16810.1,1,train,HS,1.0,0.7776807249911307,1,1
AT5G17290,AT5G17290.1,0,train,depleted,1.0,0.32599037112557266,0,1
AT5G17350,AT5G17350.1,0,test,depleted,1.0,0.28276260628265054,0,1
AT5G17820,AT5G17820.2,0,val,depleted,1.0,0.3197049000588776,0,1
AT5G17870,AT5G17870.2,1,train,HS,3.0,0.7488155226230256,1,1
AT5G17920,AT5G17920.1,1,test,HS,1.0,0.7428242283936689,1,1
AT5G17990,AT5G17990.1,1,train,HS,1.0,0.9503047284966226,1,1
AT5G18100,AT5G18100.1,1,train,HS,2.0,0.7231146994258388,1,1
AT5G18250,AT5G18250.1,0,val,depleted,2.0,0.3849289158329847,0,1
AT5G18600,AT5G18600.1,0,val,depleted,1.0,0.5348324209771238,1,0
AT5G18610,AT5G18610.2,1,test,HS,3.0,0.78021906891628,1,1
AT5G19050,AT5G19050.1,1,train,HS,2.0,0.8396809031852656,1,1
AT5G19140,AT5G19140.1,1,test,HS,1.0,0.7888668428738251,1,1
AT5G19420,AT5G19420.2,1,train,NS,3.0,0.995872902905313,1,1
AT5G19480,AT5G19480.3,1,train,both,3.0,0.8594358041311407,1,1
AT5G19510,AT5G19510.1,1,train,HS,3.0,0.8364742345023956,1,1
AT5G19690,AT5G19690.1,1,train,HS,2.0,0.8498465817202355,1,1
AT5G19940,AT5G19940.1,1,test,HS,1.0,0.835162746855595,1,1
AT5G19950,AT5G19950.1,1,train,HS,3.0,0.8713096534806285,1,1
AT5G19990,AT5G19990.1,1,train,HS,2.0,0.9418424632904485,1,1
AT5G20040,AT5G20040.3,0,train,depleted,1.0,0.37739564772373024,0,1
AT5G20070,AT5G20070.1,1,train,HS,1.0,0.9142405884479512,1,1
AT5G20500,AT5G20500.1,1,train,HS,1.0,0.7973963908093041,1,1
AT5G20570,AT5G20570.2,1,train,HS,2.0,0.7561902399220932,1,1
AT5G20790,AT5G20790.1,0,train,depleted,2.0,0.19523573858729087,0,1
AT5G20935,AT5G20935.1,0,test,depleted,1.0,0.33040135848274005,0,1
AT5G21274,AT5G21274.1,1,train,HS,1.0,0.8095762590164306,1,1
AT5G21430,AT5G21430.1,1,train,HS,3.0,0.8096174729760102,1,1
AT5G21920,AT5G21920.1,0,train,depleted,2.0,0.25357414531103717,0,1
AT5G22040,AT5G22040.2,1,train,HS,3.0,0.8844068278929742,1,1
AT5G22250,AT5G22250.1,0,test,depleted,1.0,0.5237554110329252,1,0
AT5G22330,AT5G22330.1,1,train,HS,1.0,0.950362521911831,1,1
AT5G22510,AT5G22510.1,1,train,HS,1.0,0.9738596819893801,1,1
AT5G22790,AT5G22790.1,1,train,HS,2.0,0.9350438078126706,1,1
AT5G22830,AT5G22830.1,1,train,HS,2.0,0.9118377876966371,1,1
AT5G22880,AT5G22880.1,1,train,both,3.0,0.7647656654429008,1,1
AT5G23010,AT5G23010.3,1,train,both,1.0,0.9207543223823476,1,1
AT5G23050,AT5G23050.1,1,train,both,1.0,0.9150683422128018,1,1
AT5G23200,AT5G23200.1,1,train,NS,3.0,0.9104930857974437,1,1
AT5G23330,AT5G23330.1,1,train,HS,1.0,0.7568156833774505,1,1
AT5G23400,AT5G23400.1,1,train,NS,1.0,0.8266099905242368,1,1
AT5G23580,AT5G23580.1,1,train,NS,1.0,0.9030382284782457,1,1
AT5G23840,AT5G23840.1,0,test,depleted,2.0,0.4246706916861202,0,1
AT5G23860,AT5G23860.1,1,train,HS,2.0,0.8824988395252903,1,1
AT5G24020,AT5G24020.1,1,train,HS,1.0,0.8418789644995968,1,1
AT5G24210,AT5G24210.2,1,val,NS,2.0,0.5747878994226281,1,1
AT5G24314,AT5G24314.2,1,train,HS,1.0,0.6947284590182874,1,1
AT5G24400,AT5G24400.1,1,train,HS,1.0,0.89456316681952,1,1
AT5G24850,AT5G24850.1,1,train,NS,1.0,0.910113347720424,1,1
AT5G25890,AT5G25890.1,0,train,depleted,3.0,0.20480261532294533,0,1
AT5G25940,AT5G25940.1,1,train,HS,2.0,0.5534851021896522,1,1
AT5G26360,AT5G26360.1,1,train,HS,1.0,0.929254277635689,1,1
AT5G26742,AT5G26742.2,1,test,HS,2.0,0.960425765174564,1,1
AT5G26751,AT5G26751.1,1,val,HS,2.0,0.7036622794170342,1,1
AT5G27030,AT5G27030.2,1,train,HS,2.0,0.9664730114663396,1,1
AT5G27120,AT5G27120.1,1,train,NS,2.0,0.8705079652854384,1,1
AT5G27400,AT5G27400.1,0,train,depleted,1.0,0.32973914932448306,0,1
AT5G27450,AT5G27450.2,1,train,HS,1.0,0.8671287070009609,1,1
AT5G27560,AT5G27560.3,1,train,HS,2.0,0.9245337313842695,1,1
AT5G27700,AT5G27700.1,1,test,HS,2.0,0.4275607506579582,0,0
AT5G27770,AT5G27770.1,1,train,HS,1.0,0.7344914560127367,1,1
AT5G28050,AT5G28050.3,1,train,HS,1.0,0.7780517785387526,1,1
AT5G28500,AT5G28500.1,1,train,HS,2.0,0.8286980306350284,1,1
AT5G28840,AT5G28840.1,1,train,HS,1.0,0.8391946822652803,1,1
AT5G30490,AT5G30490.2,1,train,HS,3.0,0.8278041542886989,1,1
AT5G35700,AT5G35700.1,1,test,HS,2.0,0.7925031789012476,1,1
AT5G35980,AT5G35980.2,1,test,HS,3.0,0.850781032046723,1,1
AT5G36130,AT5G36130.1,0,train,depleted,1.0,0.19890441791975097,0,1
AT5G36170,AT5G36170.1,1,train,HS,1.0,0.9056233318120681,1,1
AT5G36210,AT5G36210.1,1,test,HS,1.0,0.7465421202083465,1,1
AT5G37475,AT5G37475.2,1,val,HS,3.0,0.6143898969441707,1,1
AT5G37770,AT5G37770.1,0,train,depleted,1.0,0.20536491504560733,0,1
AT5G38000,AT5G38000.1,0,train,depleted,1.0,0.29480858017058703,0,1
AT5G38060,AT5G38060.1,1,train,NS,1.0,0.6846087638069439,1,1
AT5G38110,AT5G38110.1,0,train,depleted,3.0,0.24774124099769385,0,1
AT5G38520,AT5G38520.2,1,train,HS,1.0,0.903795051994039,1,1
AT5G38720,AT5G38720.2,1,train,NS,3.0,0.7011491278575066,1,1
AT5G39210,AT5G39210.1,0,train,depleted,1.0,0.13472312580110607,0,1
AT5G39320,AT5G39320.1,1,val,HS,1.0,0.8267932713342926,1,1
AT5G39410,AT5G39410.1,1,train,HS,2.0,0.8836371704713005,1,1
AT5G39730,AT5G39730.1,1,train,NS,3.0,0.7548748171155448,1,1
AT5G39785,AT5G39785.4,0,train,depleted,2.0,0.2788351312764324,0,1
AT5G39850,AT5G39850.1,1,train,HS,2.0,0.7664756909778891,1,1
AT5G40180,AT5G40180.1,0,train,depleted,1.0,0.16223179482940595,0,1
AT5G40330,AT5G40330.1,0,train,depleted,1.0,0.23791061343398612,0,1
AT5G41210,AT5G41210.1,1,train,HS,1.0,0.8735353982325128,1,1
AT5G41330,AT5G41330.1,1,train,NS,1.0,0.8693512484499722,1,1
AT5G42050,AT5G42050.1,1,train,HS,3.0,0.8230637211996614,1,1
AT5G42070,AT5G42070.1,1,train,HS,3.0,0.7584619847546693,1,1
AT5G42100,AT5G42100.1,1,train,HS,2.0,0.8040256180690816,1,1
AT5G42765,AT5G42765.1,1,train,HS,1.0,0.7718224937514393,1,1
AT5G42900,AT5G42900.2,0,train,depleted,3.0,0.23942204981418172,0,1
AT5G42950,AT5G42950.1,1,test,HS,3.0,0.9406174394117697,1,1
AT5G42990,AT5G42990.1,1,train,both,2.0,0.7625001740883662,1,1
AT5G43050,AT5G43050.1,0,train,depleted,1.0,0.14522893858411495,0,1
AT5G43140,AT5G43140.1,0,test,depleted,1.0,0.6241963132257097,1,0
AT5G43270,AT5G43270.1,0,train,depleted,3.0,0.2579779729539362,0,1
AT5G43280,AT5G43280.2,1,test,HS,1.0,0.5223114405308088,1,1
AT5G43350,AT5G43350.1,0,test,depleted,1.0,0.5406531162035805,1,0
AT5G43370,AT5G43370.1,0,test,depleted,1.0,0.5076517885774948,1,0
AT5G43403,AT5G43403.1,0,train,depleted,,0.0626125651991921,0,1
AT5G43580,AT5G43580.1,0,train,depleted,2.0,0.08364276893279494,0,1
AT5G43600,AT5G43600.1,1,train,HS,1.0,0.9030494852826416,1,1
AT5G43620,AT5G43620.1,0,train,depleted,3.0,0.2506061882578772,0,1
AT5G43830,AT5G43830.1,1,test,HS,2.0,0.7204404960670437,1,1
AT5G43850,AT5G43850.1,1,train,HS,1.0,0.7847391261611898,1,1
AT5G43970,AT5G43970.1,1,train,HS,3.0,0.6653694261592956,1,1
AT5G44070,AT5G44070.1,1,test,HS,1.0,0.9040995946271531,1,1
AT5G44200,AT5G44200.2,1,train,HS,3.0,0.8300010923101991,1,1
AT5G44450,AT5G44450.2,1,train,HS,2.0,0.749275411545735,1,1
AT5G45070,AT5G45070.1,0,train,depleted,1.0,0.26191185695328195,0,1
AT5G45340,AT5G45340.1,0,val,depleted,1.0,0.4857494263455646,0,1
AT5G45775,AT5G45775.2,1,train,HS,1.0,0.8648020578476646,1,1
AT5G46020,AT5G46020.1,1,test,HS,3.0,0.5313669360873208,1,1
AT5G46110,AT5G46110.4,1,val,HS,2.0,0.644559302710504,1,1
AT5G46890,AT5G46890.1,0,val,depleted,2.0,0.1884663428470797,0,1
AT5G46960,AT5G46960.1,0,train,depleted,1.0,0.1880053673287362,0,1
AT5G47010,AT5G47010.1,1,train,HS,3.0,0.9914771966964306,1,1
AT5G47190,AT5G47190.1,1,train,HS,3.0,0.8510791112243087,1,1
AT5G47435,AT5G47435.2,1,train,NS,1.0,0.8870529070144701,1,1
AT5G47550,AT5G47550.1,0,train,depleted,2.0,0.1416713016731733,0,1
AT5G47590,AT5G47590.1,0,train,depleted,1.0,0.325344619491465,0,1
AT5G47630,AT5G47630.2,1,train,HS,1.0,0.6744929036902277,1,1
AT5G47650,AT5G47650.2,1,train,HS,2.0,0.8255445969642414,1,1
AT5G47710,AT5G47710.1,1,train,HS,1.0,0.8873503026081474,1,1
AT5G47770,AT5G47770.1,1,test,HS,1.0,0.7784801884762855,1,1
AT5G47930,AT5G47930.1,1,train,both,1.0,0.7007700584500569,1,1
AT5G47960,AT5G47960.1,0,test,depleted,1.0,0.5251834454845677,1,0
AT5G47990,AT5G47990.1,0,train,depleted,1.0,0.39419956704994813,0,1
AT5G48020,AT5G48020.1,1,train,HS,2.0,0.8947061591788481,1,1
AT5G48220,AT5G48220.1,1,test,HS,2.0,0.8540688208140667,1,1
AT5G48290,AT5G48290.3,0,val,depleted,3.0,0.6119177930978137,1,0
AT5G48370,AT5G48370.1,1,test,HS,1.0,0.6768478270090362,1,1
AT5G48680,AT5G48680.1,1,test,NS,3.0,0.6938531032945753,1,1
AT5G48870,AT5G48870.1,1,train,NS,2.0,0.7328630429776838,1,1
AT5G48880,AT5G48880.2,1,train,NS,1.0,0.8886894697290962,1,1
AT5G48930,AT5G48930.1,1,val,both,1.0,0.731058302770659,1,1
AT5G49170,AT5G49170.1,0,train,depleted,1.0,0.17207775776694054,0,1
AT5G49210,AT5G49210.1,0,train,depleted,1.0,0.29221335565466955,0,1
AT5G49220,AT5G49220.1,1,val,NS,3.0,0.794829116971792,1,1
AT5G49510,AT5G49510.1,1,train,both,2.0,0.8073239513424239,1,1
AT5G50370,AT5G50370.1,0,test,depleted,1.0,0.6586454057692926,1,0
AT5G50460,AT5G50460.1,1,val,NS,3.0,0.45142939931840614,0,0
AT5G50760,AT5G50760.1,0,train,depleted,3.0,0.1478887813759881,0,1
AT5G50810,AT5G50810.1,0,val,depleted,1.0,0.4598327200690928,0,1
AT5G50950,AT5G50950.1,1,train,NS,2.0,0.9748816908890319,1,1
AT5G50950,AT5G50950.1,1,train,NS,2.0,0.9748816908890319,1,1
AT5G50950,AT5G50950.1,1,train,NS,2.0,0.9748816908890319,1,1
AT5G50950,AT5G50950.1,1,train,NS,2.0,0.9748816908890319,1,1
AT5G51120,AT5G51120.2,1,train,HS,3.0,0.8273539837677354,1,1
AT5G51190,AT5G51190.1,0,train,depleted,2.0,0.33630300421753384,0,1
AT5G51550,AT5G51550.1,1,train,both,1.0,0.781922333495961,1,1
AT5G51580,AT5G51580.1,0,val,depleted,1.0,0.5259148374760553,1,0
AT5G51830,AT5G51830.1,1,train,NS,1.0,0.8945742564072855,1,1
AT5G52020,AT5G52020.1,0,test,depleted,3.0,0.4693195709724115,0,1
AT5G52100,AT5G52100.1,1,val,HS,1.0,0.685014661267692,1,1
AT5G52380,AT5G52380.1,1,train,NS,3.0,0.7923469261915145,1,1
AT5G52440,AT5G52440.1,1,train,NS,3.0,0.8333158407849082,1,1
AT5G52580,AT5G52580.2,1,train,HS,3.0,0.9297076213426634,1,1
AT5G52650,AT5G52650.1,1,train,HS,3.0,0.8190252430666274,1,1
AT5G52810,AT5G52810.1,1,train,NS,1.0,0.8842353369057812,1,1
AT5G52820,AT5G52820.1,1,val,both,2.0,0.8069040775710561,1,1
AT5G53045,AT5G53045.1,0,train,depleted,1.0,0.2469343331211442,0,1
AT5G53120,AT5G53120.3,1,test,NS,1.0,0.6714529342325475,1,1
AT5G53310,AT5G53310.1,1,train,NS,3.0,0.8051666683643794,1,1
AT5G53330,AT5G53330.1,1,test,HS,3.0,0.586985807351558,1,1
AT5G53530,AT5G53530.1,1,train,HS,1.0,0.8801559028517588,1,1
AT5G53580,AT5G53580.1,1,test,HS,1.0,0.6623288065699329,1,1
AT5G53740,AT5G53740.1,0,train,depleted,3.0,0.1596379970544763,0,1
AT5G54095,AT5G54095.1,0,train,depleted,3.0,0.29134112798242345,0,1
AT5G54110,AT5G54110.2,1,train,HS,3.0,0.7626276941479373,1,1
AT5G54270,AT5G54270.1,1,train,HS,1.0,0.8936608805615475,1,1
AT5G54300,AT5G54300.1,1,train,HS,3.0,0.7525219196605782,1,1
AT5G54440,AT5G54440.1,1,train,HS,1.0,0.96578083149973,1,1
AT5G54490,AT5G54490.1,0,val,depleted,2.0,0.315042913645815,0,1
AT5G54750,AT5G54750.2,1,train,HS,1.0,0.8380683658562119,1,1
AT5G55110,AT5G55110.1,0,train,depleted,2.0,0.1302421103926008,0,1
AT5G55160,AT5G55160.2,1,train,HS,2.0,0.7857099839652704,1,1
AT5G55370,AT5G55370.1,0,train,depleted,1.0,0.1943384756370601,0,1
AT5G55670,AT5G55670.1,1,val,HS,3.0,0.7801644835978517,1,1
AT5G55730,AT5G55730.1,1,train,HS,2.0,0.8985849536136853,1,1
AT5G56020,AT5G56020.1,1,val,HS,3.0,0.5972494342563228,1,1
AT5G56140,AT5G56140.1,1,train,HS,3.0,0.923703714634073,1,1
AT5G56600,AT5G56600.1,1,train,both,1.0,0.6089222570298125,1,1
AT5G56900,AT5G56900.2,1,val,NS,2.0,0.8994836943296608,1,1
AT5G57000,AT5G57000.1,0,train,depleted,3.0,0.2634033551585498,0,1
AT5G57015,AT5G57015.1,1,train,NS,3.0,0.8816083521108566,1,1
AT5G57120,AT5G57120.1,0,train,depleted,3.0,0.2634923782074942,0,1
AT5G57300,AT5G57300.2,0,train,depleted,1.0,0.2705445826471707,0,1
AT5G57350,AT5G57350.1,1,train,HS,1.0,0.9334997098257147,1,1
AT5G57960,AT5G57960.2,1,train,HS,1.0,0.9448932490701957,1,1
AT5G58005,AT5G58005.2,1,val,NS,2.0,0.19561926267730484,0,0
AT5G58230,AT5G58230.1,0,train,depleted,1.0,0.43922468331725806,0,1
AT5G58240,AT5G58240.1,1,train,HS,1.0,0.762162944550729,1,1
AT5G58490,AT5G58490.1,1,train,HS,1.0,0.7975388840029105,1,1
AT5G58710,AT5G58710.1,1,test,NS,1.0,0.5257138473799037,1,1
AT5G59210,AT5G59210.1,1,train,NS,3.0,0.8870532800837164,1,1
AT5G59380,AT5G59380.1,0,train,depleted,3.0,0.25639548631385917,0,1
AT5G59470,AT5G59470.1,0,test,depleted,1.0,0.3300272639748792,0,1
AT5G59890,AT5G59890.1,1,val,HS,1.0,0.7705644631557732,1,1
AT5G60210,AT5G60210.5,1,train,HS,3.0,0.9064859252124153,1,1
AT5G60590,AT5G60590.2,0,train,depleted,1.0,0.2996601680178429,0,1
AT5G60660,AT5G60660.1,0,train,depleted,2.0,0.2149016651014605,0,1
AT5G60840,AT5G60840.1,1,test,HS,3.0,0.5806561560057358,1,1
AT5G60980,AT5G60980.3,1,train,HS,3.0,0.9070459051532289,1,1
AT5G61030,AT5G61030.1,1,test,NS,3.0,0.6629831159064626,1,1
AT5G61060,AT5G61060.2,1,train,HS,1.0,0.9378693531585464,1,1
AT5G61220,AT5G61220.2,0,val,depleted,1.0,0.40329576643591936,0,1
AT5G61310,AT5G61310.2,0,val,depleted,1.0,0.48508853265656937,0,1
AT5G61455,AT5G61455.1,0,train,depleted,,0.035666730325344606,0,1
AT5G61760,AT5G61760.2,1,train,HS,2.0,0.8114744413732407,1,1
AT5G62560,AT5G62560.1,1,test,HS,3.0,0.6251076824256361,1,1
AT5G62690,AT5G62690.1,1,train,HS,2.0,0.9274215534113388,1,1
AT5G62930,AT5G62930.2,1,train,HS,1.0,0.7798690045053224,1,1
AT5G63120,AT5G63120.4,1,train,HS,3.0,0.9238541673594817,1,1
AT5G63130,AT5G63130.2,0,train,depleted,3.0,0.1492539622802235,0,1
AT5G63180,AT5G63180.1,1,val,HS,2.0,0.6320764113098636,1,1
AT5G63280,AT5G63280.1,0,train,depleted,2.0,0.25436532680281254,0,1
AT5G63480,AT5G63480.1,0,train,depleted,3.0,0.20441669548013974,0,1
AT5G63600,AT5G63600.2,0,train,depleted,2.0,0.282917189636153,0,1
AT5G63620,AT5G63620.3,1,train,HS,1.0,0.9367722676869613,1,1
AT5G63660,AT5G63660.1,0,val,depleted,2.0,0.2480023565982083,0,1
AT5G63670,AT5G63670.1,0,train,depleted,1.0,0.2721066621413682,0,1
AT5G63980,AT5G63980.1,1,train,both,1.0,0.7321186736039018,1,1
AT5G64140,AT5G64140.1,1,train,HS,3.0,0.7502565360371709,1,1
AT5G64160,AT5G64160.1,1,train,HS,3.0,0.7848652705700437,1,1
AT5G64220,AT5G64220.2,1,test,HS,2.0,0.9921061050753694,1,1
AT5G64310,AT5G64310.1,0,test,depleted,3.0,0.2783792347708228,0,1
AT5G64350,AT5G64350.1,1,train,HS,3.0,0.791914543461365,1,1
AT5G64370,AT5G64370.1,1,train,HS,1.0,0.8935155579230564,1,1
AT5G64460,AT5G64460.8,1,train,HS,1.0,0.9824330921953235,1,1
AT5G64460,AT5G64460.8,1,train,HS,1.0,0.9824330921953235,1,1
AT5G64460,AT5G64460.8,1,train,HS,1.0,0.9824330921953235,1,1
AT5G64460,AT5G64460.8,1,train,HS,1.0,0.9824330921953235,1,1
AT5G64480,AT5G64480.2,1,train,NS,1.0,0.686856483285595,1,1
AT5G64570,AT5G64570.2,1,train,HS,1.0,0.8601778473046673,1,1
AT5G64610,AT5G64610.1,1,val,both,2.0,0.7021309790765391,1,1
AT5G64650,AT5G64650.1,0,test,depleted,3.0,0.4276786148525303,0,1
AT5G64680,AT5G64680.3,1,train,NS,3.0,0.7310615667705629,1,1
AT5G64816,AT5G64816.3,0,train,depleted,1.0,0.18637873952653722,0,1
AT5G64940,AT5G64940.1,1,train,HS,2.0,0.955368140511122,1,1
AT5G65010,AT5G65010.2,1,train,HS,1.0,0.9268361871694409,1,1
AT5G65207,AT5G65207.1,0,train,depleted,1.0,0.05706534331502165,0,1
AT5G65270,AT5G65270.1,1,test,HS,2.0,0.5742926407019583,1,1
AT5G65430,AT5G65430.3,1,train,HS,1.0,0.8188864048981509,1,1
AT5G65609,AT5G65609.1,0,train,depleted,3.0,0.03564909181297313,0,1
AT5G65780,AT5G65780.2,1,train,NS,3.0,0.8609525103432919,1,1
AT5G65770,AT5G65770.2,0,train,depleted,3.0,0.3056589232879793,0,1
AT5G66607,AT5G66607.1,0,train,depleted,3.0,0.08740089178889887,0,1
AT5G66930,AT5G66930.3,0,test,depleted,2.0,0.3761767482659578,0,1
AT5G67380,AT5G67380.1,1,train,HS,1.0,0.8913422236330951,1,1
AT5G67430,AT5G67430.1,0,val,depleted,1.0,0.6431017057007682,1,0
AT5G67490,AT5G67490.1,1,val,HS,3.0,0.3362381891233009,0,0
AT5G67560,AT5G67560.1,1,train,HS,1.0,0.8706171400377839,1,1
AT3G01050,AT3G01050.3,0,train,depleted,1.0,0.2644709563795776,0,1
AT3G01120,AT3G01120.1,1,train,both,1.0,0.8987990534933971,1,1
AT3G01180,AT3G01180.1,1,test,HS,2.0,0.9089166443591296,1,1
AT3G01210,AT3G01210.1,0,val,depleted,1.0,0.5690457506121441,1,0
AT3G01290,AT3G01290.1,1,train,HS,1.0,0.8852326766986487,1,1
AT3G01316,AT3G01316.1,0,train,depleted,,0.04217134438261241,0,1
AT3G01340,AT3G01340.1,1,train,HS,1.0,0.8381133402413966,1,1
AT3G01440,AT3G01440.1,1,test,NS,1.0,0.3898821944538363,0,0
AT3G01470,AT3G01470.1,0,val,depleted,3.0,0.5594306775559089,1,0
AT3G01590,AT3G01590.1,1,train,HS,1.0,0.8887820087701679,1,1
AT3G01670,AT3G01670.2,1,train,both,2.0,0.8645142767880182,1,1
AT3G02190,AT3G02190.1,1,train,NS,1.0,0.5718429795580904,1,1
AT3G02220,AT3G02220.1,1,train,NS,3.0,0.8055783631896394,1,1
AT3G02480,AT3G02480.1,0,train,depleted,3.0,0.1447915765445966,0,1
AT3G02630,AT3G02630.1,1,train,HS,1.0,0.9153611528598051,1,1
AT3G02660,AT3G02660.2,1,val,HS,1.0,0.6593750174648491,1,1
AT3G02840,AT3G02840.1,0,train,depleted,1.0,0.2069033399285257,0,1
AT3G02860,AT3G02860.2,1,train,HS,3.0,0.8107095056968763,1,1
AT3G02875,AT3G02875.3,1,train,NS,1.0,0.8701711113929431,1,1
AT3G03010,AT3G03010.2,0,train,depleted,1.0,0.20168986853745277,0,1
AT3G03180,AT3G03180.3,0,test,depleted,1.0,0.20751721337184753,0,1
AT3G03280,AT3G03280.1,0,test,depleted,2.0,0.26901393166273274,0,1
AT3G03640,AT3G03640.1,0,train,depleted,1.0,0.3477214689302623,0,1
AT3G03780,AT3G03780.3,1,test,both,1.0,0.7727290634499495,1,1
AT3G03830,AT3G03830.1,0,test,depleted,1.0,0.32299459429965915,0,1
AT3G04060,AT3G04060.1,0,train,depleted,3.0,0.2528571843237613,0,1
AT3G04760,AT3G04760.1,1,train,HS,2.0,0.91644476560295,1,1
AT3G04770,AT3G04770.1,1,val,NS,1.0,0.8039478070975062,1,1
AT3G04920,AT3G04920.2,1,train,HS,1.0,0.8138397718552314,1,1
AT3G04940,AT3G04940.1,1,test,NS,1.0,0.768267509822392,1,1
AT3G05020,AT3G05020.1,1,test,HS,1.0,0.5247047595078889,1,1
AT3G05060,AT3G05060.1,0,train,depleted,2.0,0.4606361862977481,0,1
AT3G05180,AT3G05180.1,1,test,HS,1.0,0.4162491876965193,0,0
AT3G05270,AT3G05270.3,1,test,HS,3.0,0.8136980059569193,1,1
AT3G05520,AT3G05520.2,1,train,HS,1.0,0.8624512525396715,1,1
AT3G05560,AT3G05560.3,1,train,HS,1.0,0.8348021672886533,1,1
AT3G06110,AT3G06110.2,1,val,both,1.0,0.6192406574734873,1,1
AT3G06200,AT3G06200.1,1,train,NS,2.0,0.9118827998598784,1,1
AT3G06410,AT3G06410.1,1,train,HS,3.0,0.9162761497581945,1,1
AT3G06980,AT3G06980.1,1,train,HS,3.0,0.9542389648330644,1,1
AT3G07050,AT3G07050.1,1,train,NS,3.0,0.9628692506376779,1,1
AT3G07090,AT3G07090.1,1,test,NS,3.0,0.5808965169647978,1,1
AT3G07300,AT3G07300.3,1,train,HS,2.0,0.8870258415017511,1,1
AT3G07390,AT3G07390.1,1,train,HS,3.0,0.7678968837151965,1,1
AT3G07690,AT3G07690.1,1,train,HS,1.0,0.8366228545239759,1,1
AT3G07720,AT3G07720.1,0,train,depleted,1.0,0.2777239251494554,0,1
AT3G07810,AT3G07810.2,1,train,HS,3.0,0.8981037560958623,1,1
AT3G07950,AT3G07950.1,0,train,depleted,2.0,0.2631559690100734,0,1
AT3G08010,AT3G08010.1,1,val,HS,2.0,0.5850869763693971,1,1
AT3G08030,AT3G08030.1,1,val,HS,1.0,0.7754603828890042,1,1
AT3G08670,AT3G08670.1,1,train,HS,3.0,0.9399688389992977,1,1
AT3G08780,AT3G08780.2,1,train,HS,1.0,0.8313250678122863,1,1
AT3G09490,AT3G09490.1,0,train,depleted,1.0,0.29533284665801,0,1
AT3G09500,AT3G09500.1,1,train,HS,1.0,0.8368825871200067,1,1
AT3G09540,AT3G09540.1,0,val,depleted,2.0,0.6810220842079607,1,0
AT3G09925,AT3G09925.1,0,test,depleted,1.0,0.2810897167296498,0,1
AT3G09980,AT3G09980.1,1,train,NS,3.0,0.7461811520628217,1,1
AT3G10070,AT3G10070.1,1,train,both,3.0,0.8972982962099597,1,1
AT3G10330,AT3G10330.1,1,test,HS,2.0,0.6575118733787462,1,1
AT3G10340,AT3G10340.1,1,train,both,1.0,0.8813806690814601,1,1
AT3G10940,AT3G10940.1,1,train,HS,1.0,0.8700601204056138,1,1
AT3G11200,AT3G11200.1,1,train,HS,3.0,0.7909207952249034,1,1
AT3G11270,AT3G11270.1,0,train,depleted,1.0,0.288203074442082,0,1
AT3G11500,AT3G11500.2,1,train,HS,2.0,0.7690411845928458,1,1
AT3G11510,AT3G11510.1,1,train,HS,3.0,0.8352333568249919,1,1
AT3G11600,AT3G11600.1,0,train,depleted,3.0,0.22129824204166895,0,1
AT3G11930,AT3G11930.3,1,train,both,3.0,0.7885601416006326,1,1
AT3G11945,AT3G11945.2,1,train,NS,1.0,0.8043153433434711,1,1
AT3G12250,AT3G12250.4,0,train,depleted,3.0,0.18791902524512227,0,1
AT3G12685,AT3G12685.1,1,train,NS,1.0,0.711331194356398,1,1
AT3G13060,AT3G13060.1,1,train,HS,3.0,0.9669979893867263,1,1
AT3G13275,AT3G13275.1,0,test,depleted,3.0,0.14994227611887312,0,1
AT3G13710,AT3G13710.1,0,train,depleted,3.0,0.1582772394540859,0,1
AT3G13800,AT3G13800.1,0,train,depleted,1.0,0.34817161166967253,0,1
AT3G13860,AT3G13860.1,1,train,NS,1.0,0.9109010518470873,1,1
AT3G14010,AT3G14010.5,1,train,HS,3.0,0.9750909780644605,1,1
AT3G14415,AT3G14415.2,1,val,HS,1.0,0.8037300467800294,1,1
AT3G14680,AT3G14680.1,0,train,depleted,1.0,0.3798981317320548,0,1
AT3G14930,AT3G14930.2,1,train,HS,1.0,0.9667921162326985,1,1
AT3G14940,AT3G14940.1,0,train,depleted,1.0,0.4266064627025013,0,1
AT3G14990,AT3G14990.1,1,test,both,1.0,0.797237882980188,1,1
AT3G15090,AT3G15090.1,0,train,depleted,1.0,0.33855718974699367,0,1
AT3G15180,AT3G15180.2,1,train,HS,1.0,0.9094356902130629,1,1
AT3G15220,AT3G15220.1,1,val,HS,3.0,0.8479814968254155,1,1
AT3G15260,AT3G15260.1,1,train,NS,1.0,0.9029791315459462,1,1
AT3G15290,AT3G15290.1,1,train,both,1.0,0.8522510437558122,1,1
AT3G15500,AT3G15500.1,0,val,depleted,3.0,0.4456374900597168,0,1
AT3G15610,AT3G15610.1,1,train,both,2.0,0.8603278832301404,1,1
AT3G15660,AT3G15660.1,1,train,NS,3.0,0.7690506355105804,1,1
AT3G15810,AT3G15810.1,1,train,HS,1.0,0.7375704556461117,1,1
AT3G16020,AT3G16020.1,0,train,depleted,1.0,0.09740944239688852,0,1
AT3G16190,AT3G16190.1,1,test,HS,1.0,0.5701520347317277,1,1
AT3G16270,AT3G16270.2,1,train,HS,3.0,0.9771220229554598,1,1
AT3G16470,AT3G16470.1,1,train,HS,1.0,0.9178657809658313,1,1
AT3G16670,AT3G16670.1,0,train,depleted,1.0,0.13923729288012335,0,1
AT3G16750,AT3G16750.2,0,test,depleted,3.0,0.4740898804334006,0,1
AT3G16950,AT3G16950.2,1,train,HS,2.0,0.9577118035460366,1,1
AT3G17520,AT3G17520.1,0,train,depleted,3.0,0.293157547623703,0,1
AT3G17668,AT3G17668.1,0,train,depleted,2.0,0.18722945520167628,0,1
AT3G17790,AT3G17790.1,1,val,HS,1.0,0.6579007060843772,1,1
AT3G17860,AT3G17860.1,0,train,depleted,3.0,0.36156261451646915,0,1
AT3G18190,AT3G18190.1,1,train,HS,1.0,0.9106470404283783,1,1
AT3G18280,AT3G18280.2,1,test,NS,2.0,0.21368230985204997,0,0
AT3G18500,AT3G18500.3,1,train,NS,2.0,0.857596102498001,1,1
AT3G18760,AT3G18760.1,0,test,depleted,2.0,0.3542510437558123,0,1
AT3G18870,AT3G18870.1,0,train,depleted,1.0,0.1881549868477454,0,1
AT3G19220,AT3G19220.1,0,test,depleted,2.0,0.5033923766658512,1,0
AT3G19290,AT3G19290.3,1,train,HS,3.0,0.922942166260563,1,1
AT3G19330,AT3G19330.1,0,train,depleted,2.0,0.32186611182881697,0,1
AT3G19390,AT3G19390.1,0,test,depleted,1.0,0.8551077257364788,1,0
AT3G19660,AT3G19660.1,0,val,depleted,1.0,0.3407214409101401,0,1
AT3G19720,AT3G19720.1,1,train,HS,1.0,0.9226769135170426,1,1
AT3G19770,AT3G19770.1,1,train,HS,3.0,0.966576871804874,1,1
AT3G19900,AT3G19900.2,1,train,NS,2.0,0.7087234665100326,1,1
AT3G20362,AT3G20362.1,0,train,depleted,1.0,0.03957493346298601,0,1
AT3G20810,AT3G20810.5,1,train,NS,1.0,0.8395554062534545,1,1
AT3G21090,AT3G21090.1,1,train,HS,2.0,0.9198913763394857,1,1
AT3G21200,AT3G21200.1,1,test,HS,1.0,0.743333129665163,1,1
AT3G21230,AT3G21230.4,1,train,NS,1.0,0.8520787187238815,1,1
AT3G21352,AT3G21352.1,0,val,depleted,2.0,0.1460316931959457,0,1
AT3G21720,AT3G21720.1,0,train,depleted,2.0,0.31217559606155143,0,1
AT3G21790,AT3G21790.1,0,train,depleted,1.0,0.2576891846129178,0,1
AT3G22231,AT3G22231.1,1,test,NS,3.0,0.18428827121840333,0,0
AT3G22270,AT3G22270.1,1,train,HS,3.0,0.9747458685237894,1,1
AT3G22330,AT3G22330.1,1,test,NS,2.0,0.8243900614342368,1,1
AT3G22570,AT3G22570.1,0,train,depleted,1.0,0.18812087578849201,0,1
AT3G22660,AT3G22660.1,1,train,NS,3.0,0.7416678587123932,1,1
AT3G22890,AT3G22890.1,1,train,both,1.0,0.9234162133290647,1,1
AT3G23440,AT3G23440.1,0,train,depleted,3.0,0.10972240348496624,0,1
AT3G23540,AT3G23540.1,1,train,HS,3.0,0.9410607488053673,1,1
AT3G23570,AT3G23570.2,1,test,NS,2.0,0.7417566795348538,1,1
AT3G23640,AT3G23640.3,1,train,HS,1.0,0.9291541654152413,1,1
AT3G23760,AT3G23760.1,0,train,depleted,1.0,0.17713210559877338,0,1
AT3G23890,AT3G23890.1,1,val,NS,2.0,0.9809948883375398,1,1
AT3G24010,AT3G24010.1,0,val,depleted,3.0,0.6573521249370509,1,0
AT3G24030,AT3G24030.1,0,val,depleted,1.0,0.43456377000514046,0,1
AT3G24100,AT3G24100.1,1,test,HS,3.0,0.3719337703752601,0,0
AT3G24820,AT3G24820.1,0,val,depleted,3.0,0.5754861999228624,1,0
AT3G25110,AT3G25110.1,1,val,NS,2.0,0.8875001355721547,1,1
AT3G25580,AT3G25580.1,1,train,NS,2.0,0.799586998754599,1,1
AT3G25700,AT3G25700.1,1,train,HS,1.0,0.8155044976150579,1,1
AT3G25760,AT3G25760.1,1,train,NS,3.0,0.8040482075893378,1,1
AT3G25930,AT3G25930.1,0,train,depleted,1.0,0.24737196662861913,0,1
AT3G26400,AT3G26400.1,1,train,HS,3.0,0.8987620181445777,1,1
AT3G26420,AT3G26420.1,1,train,HS,3.0,0.8675900393504349,1,1
AT3G26600,AT3G26600.1,1,train,HS,1.0,0.8165985275459222,1,1
AT3G26618,AT3G26618.1,1,train,HS,1.0,0.8596088363136959,1,1
AT3G26740,AT3G26740.1,1,train,HS,1.0,0.6304601042235635,1,1
AT3G27027,AT3G27027.1,0,val,depleted,3.0,0.37288777111553456,0,1
AT3G27270,AT3G27270.2,0,train,depleted,2.0,0.2601989341319857,0,1
AT3G27310,AT3G27310.1,1,test,NS,3.0,0.6966856999111135,1,1
AT3G27460,AT3G27460.4,0,train,depleted,3.0,0.25531190654063735,0,1
AT3G28370,AT3G28370.5,0,train,depleted,3.0,0.19499880188214608,0,1
AT3G28550,AT3G28550.1,0,test,depleted,3.0,0.5640341145678199,1,0
AT3G28860,AT3G28860.1,1,train,HS,1.0,0.9138889544222377,1,1
AT3G28920,AT3G28920.1,1,train,HS,3.0,0.7877720476867069,1,1
AT3G29633,AT3G29633.1,0,train,depleted,3.0,0.19511846924480483,0,1
AT3G32930,AT3G32930.1,1,train,HS,1.0,0.9375975084302295,1,1
AT3G42170,AT3G42170.1,1,train,HS,2.0,0.9389423443614235,1,1
AT3G42790,AT3G42790.1,1,train,HS,3.0,0.9121934554779736,1,1
AT3G43240,AT3G43240.1,1,val,both,2.0,0.7766104612023025,1,1
AT3G43270,AT3G43270.1,1,val,HS,1.0,0.6701400951490638,1,1
AT3G43850,AT3G43850.1,0,train,depleted,3.0,0.2097663744439639,0,1
AT3G43960,AT3G43960.1,0,test,depleted,1.0,0.47429519513742474,0,1
AT3G44260,AT3G44260.1,0,test,depleted,1.0,0.5804347185937253,1,0
AT3G44320,AT3G44320.1,0,train,depleted,2.0,0.2106143708587701,0,1
AT3G44326,AT3G44326.1,0,train,depleted,2.0,0.19424188492266634,0,1
AT3G44370,AT3G44370.1,0,val,depleted,1.0,0.6863113991419977,1,0
AT3G44620,AT3G44620.2,1,test,HS,1.0,0.6921788607563888,1,1
AT3G44680,AT3G44680.1,0,train,depleted,2.0,0.2780580690848532,0,1
AT3G44720,AT3G44720.1,1,train,both,1.0,0.8839663741329624,1,1
AT3G45020,AT3G45020.2,0,test,depleted,2.0,0.46997173154428074,0,1
AT3G45640,AT3G45640.1,1,test,HS,1.0,0.6964997518863584,1,1
AT3G46040,AT3G46040.1,1,test,HS,1.0,0.7547311173665856,1,1
AT3G46090,AT3G46090.1,0,train,depleted,1.0,0.1968088545634556,0,1
AT3G46100,AT3G46100.1,1,train,NS,1.0,0.9140825914264444,1,1
AT3G46510,AT3G46510.1,1,train,HS,2.0,0.9150102062784247,1,1
AT3G46540,AT3G46540.1,1,val,NS,3.0,0.5956350312394245,1,1
AT3G46560,AT3G46560.1,0,train,depleted,2.0,0.22349326303730765,0,1
AT3G46870,AT3G46870.2,0,test,depleted,1.0,0.6964345767049646,1,0
AT3G47120,AT3G47120.1,0,train,depleted,3.0,0.3013385281503263,0,1
AT3G47347,AT3G47347.1,0,train,depleted,,0.027243535785892184,0,1
AT3G47620,AT3G47620.1,1,train,NS,3.0,0.876179829543928,1,1
AT3G47675,AT3G47675.1,0,train,depleted,3.0,0.11422562474256315,0,1
AT3G47820,AT3G47820.1,1,test,HS,3.0,0.702084584846741,1,1
AT3G47836,AT3G47836.1,0,train,depleted,3.0,0.08050283299426599,0,1
AT3G47980,AT3G47980.1,0,train,depleted,1.0,0.19973476187119166,0,1
AT3G48030,AT3G48030.1,0,train,depleted,2.0,0.12600164699414526,0,1
AT3G48115,AT3G48115.2,0,train,depleted,,0.03426314044609697,0,1
AT3G48330,AT3G48330.4,1,train,HS,1.0,0.8168479876510416,1,1
AT3G48520,AT3G48520.1,0,test,depleted,1.0,0.6856349958321307,1,0
AT3G48720,AT3G48720.1,1,val,HS,1.0,0.6937322569688351,1,1
AT3G48930,AT3G48930.1,1,val,HS,2.0,0.7382750985149896,1,1
AT3G49100,AT3G49100.2,1,val,HS,2.0,0.46018114695323203,0,0
AT3G49550,AT3G49550.1,0,train,depleted,3.0,0.2467908348545264,0,1
AT3G49850,AT3G49850.2,0,train,depleted,3.0,0.3770135207562204,0,1
AT3G49910,AT3G49910.1,1,train,HS,3.0,0.783864941554259,1,1
AT3G49990,AT3G49990.1,1,train,HS,3.0,0.8596272431903458,1,1
AT3G50440,AT3G50440.1,1,train,NS,1.0,0.70591509848839,1,1
AT3G50825,AT3G50825.1,0,train,depleted,,0.04245708154113545,0,1
AT3G50920,AT3G50920.1,0,test,depleted,1.0,0.5416319370897212,1,0
AT3G50930,AT3G50930.1,1,train,HS,2.0,0.8472140114075843,1,1
AT3G50970,AT3G50970.1,1,train,both,3.0,0.7120339934628014,1,1
AT3G51420,AT3G51420.1,1,train,HS,1.0,0.8104834517738778,1,1
AT3G51660,AT3G51660.1,1,train,both,1.0,0.7385643004484871,1,1
AT3G51860,AT3G51860.2,0,train,depleted,2.0,0.2866049626593502,0,1
AT3G51970,AT3G51970.1,0,train,depleted,2.0,0.2160837129526869,0,1
AT3G52040,AT3G52040.1,1,val,NS,3.0,0.3828961027958593,0,0
AT3G52072,AT3G52072.2,0,train,depleted,,0.0872419684002799,0,1
AT3G52070,AT3G52070.1,0,train,depleted,3.0,0.15604380165765933,0,1
AT3G52100,AT3G52100.1,1,test,HS,3.0,0.4242261753493623,0,0
AT3G52130,AT3G52130.1,0,train,depleted,1.0,0.10896523931342905,0,1
AT3G52190,AT3G52190.1,0,train,depleted,2.0,0.3481634459280211,0,1
AT3G52430,AT3G52430.1,1,test,NS,1.0,0.7584045383027286,1,1
AT3G52500,AT3G52500.1,1,train,HS,1.0,0.8353479003019092,1,1
AT3G52561,AT3G52561.1,0,test,depleted,3.0,0.19411126196992182,0,1
AT3G52565,AT3G52565.1,0,train,depleted,,0.003028159392782532,0,1
AT3G52580,AT3G52580.1,1,train,HS,3.0,0.86044210746132,1,1
AT3G52590,AT3G52590.1,1,test,HS,1.0,0.4839822174532561,0,0
AT3G52720,AT3G52720.4,1,train,both,2.0,0.7283731503765898,1,1
AT3G52920,AT3G52920.1,1,train,NS,3.0,0.8043288612350677,1,1
AT3G53020,AT3G53020.1,1,train,HS,3.0,0.7945665384684552,1,1
AT3G53040,AT3G53040.1,0,val,depleted,3.0,0.5477052306361787,1,0
AT3G53120,AT3G53120.1,1,train,both,2.0,0.7990810894839858,1,1
AT3G53220,AT3G53220.1,0,train,depleted,2.0,0.2523800509599111,0,1
AT3G53480,AT3G53480.1,0,val,depleted,1.0,0.8622341234314544,1,0
AT3G53490,AT3G53490.1,0,train,depleted,2.0,0.280376468754107,0,1
AT3G53560,AT3G53560.2,1,train,NS,1.0,0.8724255997603393,1,1
AT3G54230,AT3G54230.2,1,train,HS,3.0,0.9981672038161588,1,1
AT3G54230,AT3G54230.2,1,train,HS,3.0,0.9981672038161588,1,1
AT3G54230,AT3G54230.2,1,train,HS,3.0,0.9981672038161588,1,1
AT3G54230,AT3G54230.2,1,train,HS,3.0,0.9981672038161588,1,1
AT3G54400,AT3G54400.1,1,train,both,1.0,0.8608348128785895,1,1
AT3G54470,AT3G54470.1,1,train,HS,1.0,0.8844264256057865,1,1
AT3G54540,AT3G54540.1,1,test,HS,3.0,0.9202521098631898,1,1
AT3G54560,AT3G54560.1,1,val,NS,2.0,0.6570912631200703,1,1
AT3G54580,AT3G54580.1,0,test,depleted,3.0,0.5766230300367795,1,0
AT3G54590,AT3G54590.3,0,test,depleted,3.0,0.36646059538780074,0,1
AT3G54600,AT3G54600.1,1,train,NS,1.0,0.8711997465755732,1,1
AT3G54900,AT3G54900.1,1,train,HS,1.0,0.7745606765872302,1,1
AT3G54940,AT3G54940.2,0,test,depleted,1.0,0.44879528701831983,0,1
AT3G55005,AT3G55005.1,1,train,HS,3.0,0.9088740465029262,1,1
AT3G55010,AT3G55010.2,1,train,NS,1.0,0.823409052483146,1,1
AT3G55120,AT3G55120.1,0,val,depleted,2.0,0.46760548602120006,0,1
AT3G55250,AT3G55250.1,1,train,HS,1.0,0.7434553497533205,1,1
AT3G55280,AT3G55280.1,1,test,HS,2.0,0.3688880252370221,0,0
AT3G55330,AT3G55330.1,1,train,HS,1.0,0.76432973716066,1,1
AT3G55485,AT3G55485.1,0,train,depleted,,0.03268947314905539,0,1
AT3G55610,AT3G55610.1,1,train,HS,1.0,0.9785555404014513,1,1
AT3G55970,AT3G55970.1,1,train,HS,2.0,0.6954824524562304,1,1
AT3G56020,AT3G56020.1,0,train,depleted,1.0,0.12419697033036196,0,1
AT3G56070,AT3G56070.1,0,test,depleted,2.0,0.7931576634349128,1,0
AT3G56210,AT3G56210.5,0,train,depleted,1.0,0.2266969136854068,0,1
AT3G56240,AT3G56240.1,1,train,both,3.0,0.6286594760524489,1,1
AT3G56460,AT3G56460.1,1,train,HS,2.0,0.8584560951492295,1,1
AT3G56490,AT3G56490.1,0,val,depleted,1.0,0.5586441330386356,1,0
AT3G56740,AT3G56740.1,0,train,depleted,3.0,0.26789051095704697,0,1
AT3G56820,AT3G56820.1,0,test,depleted,2.0,0.5413353902484664,1,0
AT3G57050,AT3G57050.1,1,train,HS,1.0,0.9446525959233215,1,1
AT3G57090,AT3G57090.2,0,train,depleted,1.0,0.2753127286961691,0,1
AT3G57870,AT3G57870.1,1,train,HS,2.0,0.8627968415072151,1,1
AT3G58000,AT3G58000.1,0,train,depleted,3.0,0.1685387446474794,0,1
AT3G58193,AT3G58193.1,0,train,depleted,,0.012452969579501406,0,1
AT3G58600,AT3G58600.1,1,val,HS,3.0,0.7751822390334799,1,1
AT3G58720,AT3G58720.3,0,train,depleted,3.0,0.24931406253725924,0,1
AT3G58990,AT3G58990.1,1,train,NS,1.0,0.8529854279611544,1,1
AT3G59068,AT3G59068.1,0,train,depleted,,0.029673217249277843,0,1
AT3G59340,AT3G59340.2,0,val,depleted,2.0,0.49465108933392465,0,1
AT3G59400,AT3G59400.1,1,train,both,2.0,0.816998391158477,1,1
AT3G59540,AT3G59540.1,1,test,HS,1.0,0.656371186047732,1,1
AT3G59600,AT3G59600.1,1,train,NS,1.0,0.8413438898809829,1,1
AT3G59840,AT3G59840.1,1,train,HS,3.0,0.6533693278949958,1,1
AT3G59870,AT3G59870.1,1,train,both,3.0,0.8021713417256147,1,1
AT3G60210,AT3G60210.1,1,train,NS,1.0,0.8287340057059578,1,1
AT3G60250,AT3G60250.1,1,val,HS,3.0,0.7278279056750501,1,1
AT3G60370,AT3G60370.2,1,train,HS,1.0,0.8900950349204982,1,1
AT3G60450,AT3G60450.2,1,train,both,1.0,0.8501005771448001,1,1
AT3G60910,AT3G60910.1,1,train,HS,1.0,0.885151902495778,1,1
AT3G61140,AT3G61140.1,1,val,HS,1.0,0.7590537318849748,1,1
AT3G61190,AT3G61190.2,0,train,depleted,1.0,0.16655756499967236,0,1
AT3G61370,AT3G61370.2,1,train,NS,3.0,0.7049558976989929,1,1
AT3G61710,AT3G61710.1,1,test,HS,3.0,0.9263604039585085,1,1
AT3G61930,AT3G61930.1,0,train,depleted,3.0,0.07312424381129513,0,1
AT3G61962,AT3G61962.1,0,train,depleted,1.0,0.047017278703278195,0,1
AT3G62250,AT3G62250.1,1,test,HS,1.0,0.40960756479383476,0,0
AT3G62260,AT3G62260.2,0,train,depleted,1.0,0.30715835755035353,0,1
AT3G62270,AT3G62270.1,0,train,depleted,1.0,0.3380900754405619,0,1
AT3G62310,AT3G62310.2,1,train,HS,1.0,0.9375437047333701,1,1
AT3G62410,AT3G62410.1,1,train,HS,3.0,0.7511122970515329,1,1
AT3G62650,AT3G62650.2,1,test,HS,2.0,0.26746443263598796,0,0
AT3G62680,AT3G62680.1,0,train,depleted,3.0,0.22594173123780836,0,1
AT3G62810,AT3G62810.1,0,train,depleted,2.0,0.21464772550038436,0,1
AT3G62820,AT3G62820.1,1,test,HS,1.0,0.357444082474187,0,0
AT3G62920,AT3G62920.1,0,train,depleted,1.0,0.15372999244994007,0,1
AT3G63052,AT3G63052.1,0,train,depleted,2.0,0.11445224265744326,0,1
AT3G63080,AT3G63080.1,1,train,HS,1.0,0.8434076742207522,1,1
AT3G63130,AT3G63130.1,1,train,HS,2.0,0.9141987619383436,1,1
AT3G63170,AT3G63170.1,1,test,HS,1.0,0.6363012003294867,1,1
AT3G63250,AT3G63250.1,1,train,HS,1.0,0.9113091488645275,1,1
AT2G01300,AT2G01300.1,0,train,depleted,1.0,0.07506102100935313,0,1
AT2G01400,AT2G01400.1,0,train,depleted,3.0,0.24384454487278373,0,1
AT2G01430,AT2G01430.1,0,train,depleted,3.0,0.15651336050349163,0,1
AT2G01530,AT2G01530.1,0,test,depleted,1.0,0.6091359969448784,1,0
AT2G01640,AT2G01640.1,0,train,depleted,3.0,0.2169041471848463,0,1
AT2G01650,AT2G01650.2,1,test,HS,3.0,0.7091749073667962,1,1
AT2G01870,AT2G01870.1,1,train,NS,3.0,0.7045088618296689,1,1
AT2G02570,AT2G02570.2,1,train,HS,3.0,0.8126488768349656,1,1
AT2G02990,AT2G02990.1,0,train,depleted,1.0,0.20152052034472898,0,1
AT2G03020,AT2G03020.1,0,train,depleted,2.0,0.25843652958213603,0,1
AT2G03070,AT2G03070.1,1,train,HS,3.0,0.9311683475945054,1,1
AT2G03440,AT2G03440.1,1,val,HS,3.0,0.5420552075669455,1,1
AT2G03510,AT2G03510.1,1,train,HS,2.0,0.8807653798387797,1,1
AT2G03810,AT2G03810.4,0,train,depleted,3.0,0.2852679757609465,0,1
AT2G03870,AT2G03870.2,1,train,both,1.0,0.8122148892466456,1,1
AT2G04039,AT2G04039.2,1,train,HS,1.0,0.703291718126325,1,1
AT2G04050,AT2G04050.1,0,train,depleted,1.0,0.2705595230631569,0,1
AT2G04550,AT2G04550.1,0,train,depleted,2.0,0.3252772299179582,0,1
AT2G04690,AT2G04690.5,1,val,HS,2.0,0.34125280915548645,0,0
AT2G04700,AT2G04700.1,1,train,both,1.0,0.682626928043503,1,1
AT2G04880,AT2G04880.1,1,train,HS,3.0,0.9415419592513893,1,1
AT2G05070,AT2G05070.1,1,train,HS,2.0,0.8419160163801728,1,1
AT2G05100,AT2G05100.2,1,train,HS,3.0,0.6927195537771305,1,1
AT2G05765,AT2G05765.1,0,train,depleted,,0.021982116823913978,0,1
AT2G05812,AT2G05812.2,0,train,depleted,,0.06288680284836834,0,1
AT2G05830,AT2G05830.1,1,train,NS,1.0,0.9181722571376018,1,1
AT2G05990,AT2G05990.1,1,train,HS,1.0,0.9427676696925844,1,1
AT2G06050,AT2G06050.1,1,train,HS,1.0,0.7948588440464819,1,1
AT2G06210,AT2G06210.1,1,train,HS,,0.43874025058389643,0,0
AT2G06255,AT2G06255.1,0,train,depleted,2.0,0.18747412464061441,0,1
AT2G06530,AT2G06530.1,0,val,depleted,3.0,0.6340522758474805,1,0
AT2G07180,AT2G07180.1,1,test,HS,2.0,0.9490393079098526,1,1
AT2G07771,AT2G07771.2,0,test,depleted,1.0,0.22555267251210792,0,1
AT2G07773,AT2G07773.1,0,test,depleted,3.0,0.4486727027605476,0,1
AT2G07776,AT2G07776.2,0,train,depleted,3.0,0.06873085973170577,0,1
AT2G07749,AT2G07749.1,0,train,depleted,1.0,0.16352074911009865,0,1
AT2G07777,AT2G07777.1,0,train,depleted,3.0,0.09599346551826207,0,1
AT2G07671,AT2G07671.1,0,train,depleted,2.0,0.14199546653967707,0,1
AT2G07779,AT2G07779.1,0,train,depleted,2.0,0.04766999721950724,0,1
AT2G07743,AT2G07743.1,0,train,depleted,,0.009105093040908079,0,1
AT2G07672,AT2G07672.1,0,train,depleted,2.0,0.13679577980830435,0,1
AT2G07684,AT2G07684.1,0,test,depleted,3.0,0.06871803857739325,0,1
AT2G07673,AT2G07673.1,0,train,depleted,3.0,0.12987601210772054,0,1
AT2G07674,AT2G07674.2,0,val,depleted,3.0,0.22623982181582256,0,1
AT2G07751,AT2G07751.1,0,train,depleted,2.0,0.05108319723022924,0,1
AT2G07675,AT2G07675.1,0,train,depleted,3.0,0.09252307994222264,0,1
AT2G07676,AT2G07676.1,0,val,depleted,1.0,0.13928708068493137,0,1
AT2G07768,AT2G07768.1,0,val,depleted,1.0,0.06461105588145327,0,1
AT2G07746,AT2G07746.1,0,train,depleted,,0.006979497718844975,0,1
AT2G07748,AT2G07748.1,0,train,depleted,,0.00914985221442457,0,1
AT2G07669,AT2G07669.1,0,train,depleted,1.0,0.14307596358462338,0,1
AT2G07681,AT2G07681.1,0,test,depleted,2.0,0.5021103719454012,1,0
AT2G07772,AT2G07772.1,0,train,depleted,2.0,0.05977402956916299,0,1
AT2G07753,AT2G07753.1,0,train,depleted,,0.01027893313488053,0,1
AT2G07774,AT2G07774.1,0,test,depleted,1.0,0.23384710311616752,0,1
AT2G07687,AT2G07687.1,0,test,depleted,2.0,0.2823312765440622,0,1
AT2G07755,AT2G07755.1,0,train,depleted,,0.009381949280585158,0,1
AT2G07792,AT2G07792.1,0,train,depleted,,0.0016488006252736401,0,1
AT2G07689,AT2G07689.1,0,train,depleted,2.0,0.13259501464649465,0,1
AT2G07691,AT2G07691.1,0,train,depleted,2.0,0.06941236466380948,0,1
AT2G07692,AT2G07692.1,0,train,depleted,1.0,0.1714945773338762,0,1
AT2G07695,AT2G07695.1,0,train,depleted,2.0,0.16496594369137468,0,1
AT2G07785,AT2G07785.1,0,train,depleted,1.0,0.14711714967096146,0,1
AT2G07599,AT2G07599.2,0,test,depleted,3.0,0.39551718477358266,0,1
AT2G07696,AT2G07696.1,0,train,depleted,1.0,0.21165029501706464,0,1
AT2G07798,AT2G07798.1,0,train,depleted,1.0,0.22066313924675712,0,1
AT2G07698,AT2G07698.1,0,train,depleted,2.0,0.25928152950729366,0,1
AT2G07667,AT2G07667.1,0,train,depleted,1.0,0.12856299800919566,0,1
AT2G07793,AT2G07793.1,0,train,depleted,,0.003077092907339542,0,1
AT2G07701,AT2G07701.1,0,test,depleted,3.0,0.06352345464036964,0,1
AT2G07702,AT2G07702.1,0,val,depleted,1.0,0.3286698732226061,0,1
AT2G07705,AT2G07705.1,0,train,depleted,1.0,0.07978485069582451,0,1
AT2G07706,AT2G07706.1,0,train,depleted,3.0,0.18397043118461126,0,1
AT2G07794,AT2G07794.1,0,train,depleted,,0.009570684366623585,0,1
AT2G07707,AT2G07707.1,0,train,depleted,2.0,0.08105859277704353,0,1
AT2G07708,AT2G07708.1,0,train,depleted,2.0,0.0682117502222389,0,1
AT2G07713,AT2G07713.1,0,val,depleted,1.0,0.09509312527129116,0,1
AT2G07714,AT2G07714.1,0,test,depleted,1.0,0.2639535560870066,0,1
AT2G07715,AT2G07715.1,0,val,depleted,3.0,0.37115380831771466,0,1
AT2G07718,AT2G07718.1,0,train,depleted,2.0,0.1891944581051696,0,1
AT2G07719,AT2G07719.1,0,train,depleted,2.0,0.12478490012759645,0,1
AT2G07721,AT2G07721.1,0,train,depleted,2.0,0.12340593051636828,0,1
AT2G07722,AT2G07722.1,0,train,depleted,3.0,0.055255736970240936,0,1
AT2G07815,AT2G07815.1,0,train,depleted,2.0,0.14920214553006597,0,1
AT2G07756,AT2G07756.1,0,train,depleted,,0.006542697421862753,0,1
AT2G07724,AT2G07724.1,0,train,depleted,1.0,0.1309241898521597,0,1
AT2G07725,AT2G07725.1,0,train,depleted,1.0,0.13716107605335015,0,1
AT2G07727,AT2G07727.1,0,train,depleted,2.0,0.28764297988008863,0,1
AT2G07757,AT2G07757.1,0,train,depleted,,0.002010015348448641,0,1
AT2G07728,AT2G07728.1,0,train,depleted,3.0,0.15331182884040417,0,1
AT2G07732,AT2G07732.1,0,train,depleted,1.0,0.16067669842075516,0,1
AT2G07734,AT2G07734.1,0,train,depleted,1.0,0.19196931848033466,0,1
AT2G07825,AT2G07825.1,0,train,depleted,1.0,0.09883301810306974,0,1
AT2G07827,AT2G07827.2,0,train,depleted,2.0,0.06117615428016016,0,1
AT2G07830,AT2G07830.1,0,val,depleted,1.0,0.10903079944124751,0,1
AT2G07787,AT2G07787.1,0,train,depleted,1.0,0.12769456048126943,0,1
AT2G07806,AT2G07806.2,0,train,depleted,1.0,0.24756476668527896,0,1
AT2G07738,AT2G07738.1,0,train,depleted,3.0,0.07706998406288429,0,1
AT2G07795,AT2G07795.1,0,train,depleted,2.0,0.07126375624745478,0,1
AT2G07759,AT2G07759.1,0,train,depleted,,0.0013315498581065776,0,1
AT2G07761,AT2G07761.1,0,train,depleted,,0.01027893313488053,0,1
AT2G07763,AT2G07763.1,0,train,depleted,,0.008785410286744129,0,1
AT2G07739,AT2G07739.1,0,val,depleted,2.0,0.1880963431446937,0,1
AT2G07764,AT2G07764.1,0,train,depleted,,0.002049331536991048,0,1
AT2G07765,AT2G07765.1,0,train,depleted,,0.001068384062293158,0,1
AT2G07835,AT2G07835.1,0,train,depleted,3.0,0.07874827942431581,0,1
AT2G07741,AT2G07741.1,0,test,depleted,1.0,0.3700102585211716,0,1
AT2G07766,AT2G07766.1,0,train,depleted,,0.003077092907339542,0,1
AT2G11271,AT2G11271.1,0,train,depleted,1.0,0.05020717003705237,0,1
AT2G11778,AT2G11778.1,0,train,depleted,2.0,0.0605436108621055,0,1
AT2G12461,AT2G12461.1,0,train,depleted,1.0,0.03425406024863632,0,1
AT2G12905,AT2G12905.1,0,train,depleted,1.0,0.05807192213032507,0,1
AT2G13540,AT2G13540.1,1,test,HS,2.0,0.9206940829381358,1,1
AT2G14750,AT2G14750.1,1,val,NS,2.0,0.5418330990344488,1,1
AT2G16586,AT2G16586.1,0,val,depleted,3.0,0.3517705712162043,0,1
AT2G16790,AT2G16790.3,0,train,depleted,1.0,0.27296129533685065,0,1
AT2G17700,AT2G17700.1,1,train,HS,2.0,0.9257630491711101,1,1
AT2G17790,AT2G17790.1,1,val,HS,1.0,0.9261982290795971,1,1
AT2G17870,AT2G17870.1,1,test,HS,3.0,0.5402786104840466,1,1
AT2G18050,AT2G18050.1,0,val,depleted,3.0,0.46668936711836584,0,1
AT2G18245,AT2G18245.1,0,train,depleted,1.0,0.3864810129729923,0,1
AT2G18410,AT2G18410.2,1,val,HS,1.0,0.6948074434488486,1,1
AT2G18890,AT2G18890.1,0,test,depleted,2.0,0.6395792593794434,1,0
AT2G18969,AT2G18969.1,0,test,depleted,3.0,0.21890716724884482,0,1
AT2G18980,AT2G18980.1,0,val,depleted,1.0,0.42273156047109905,0,1
AT2G19060,AT2G19060.1,0,test,depleted,1.0,0.596628783232653,1,0
AT2G19350,AT2G19350.1,0,test,depleted,3.0,0.23392218347283528,0,1
AT2G19385,AT2G19385.1,1,val,NS,3.0,0.7877917816837214,1,1
AT2G19520,AT2G19520.1,1,train,HS,2.0,0.943555484766422,1,1
AT2G19572,AT2G19572.1,0,train,depleted,,0.05310525260546763,0,1
AT2G20340,AT2G20340.1,1,train,NS,1.0,0.8753749594721941,1,1
AT2G20450,AT2G20450.1,1,train,HS,1.0,0.765440850921457,1,1
AT2G20495,AT2G20495.3,0,train,depleted,2.0,0.26837786138895675,0,1
AT2G20550,AT2G20550.2,1,val,HS,3.0,0.7581262992920551,1,1
AT2G20610,AT2G20610.1,1,train,NS,1.0,0.897805878000023,1,1
AT2G20690,AT2G20690.1,1,train,HS,1.0,0.7591739238221331,1,1
AT2G20750,AT2G20750.2,1,train,both,1.0,0.7277250070734333,1,1
AT2G21060,AT2G21060.1,1,test,HS,3.0,0.399535207770252,0,0
AT2G21188,AT2G21188.1,0,train,depleted,,0.02127952689684034,0,1
AT2G21270,AT2G21270.3,1,train,HS,3.0,0.9032742580435306,1,1
AT2G21280,AT2G21280.2,1,test,HS,1.0,0.8934279542110003,1,1
AT2G21860,AT2G21860.1,1,train,both,1.0,0.9090634654874646,1,1
AT2G22475,AT2G22475.1,1,train,HS,3.0,0.8463679724446095,1,1
AT2G22480,AT2G22480.1,1,train,HS,2.0,0.8492112126592087,1,1
AT2G22790,AT2G22790.1,0,val,depleted,2.0,0.44693859192958274,0,1
AT2G23360,AT2G23360.1,1,test,NS,3.0,0.8971505632978864,1,1
AT2G23600,AT2G23600.2,1,train,HS,1.0,0.8940364768570452,1,1
AT2G23610,AT2G23610.1,1,train,NS,1.0,0.8307499254903646,1,1
AT2G23670,AT2G23670.1,0,train,depleted,1.0,0.17843949987192576,0,1
AT2G23930,AT2G23930.1,0,train,depleted,3.0,0.2803717974560999,0,1
AT2G23970,AT2G23970.1,0,train,depleted,1.0,0.25496251864074326,0,1
AT2G24395,AT2G24395.1,0,train,depleted,1.0,0.19384859924859252,0,1
AT2G24592,AT2G24592.1,0,train,depleted,,0.027221786563939532,0,1
AT2G24860,AT2G24860.1,0,train,depleted,1.0,0.2047366442199899,0,1
AT2G25210,AT2G25210.1,0,train,depleted,1.0,0.1503975615157518,0,1
AT2G25670,AT2G25670.2,1,train,NS,3.0,0.8899942560461813,1,1
AT2G26060,AT2G26060.1,1,train,HS,1.0,0.8532761652624445,1,1
AT2G26080,AT2G26080.1,1,val,HS,2.0,0.7938638159205659,1,1
AT2G26110,AT2G26110.1,1,train,both,3.0,0.7846493473540743,1,1
AT2G26210,AT2G26210.4,1,train,HS,3.0,0.7224202201556343,1,1
AT2G26340,AT2G26340.2,1,train,HS,1.0,0.787906071996464,1,1
AT2G26430,AT2G26430.3,1,train,HS,3.0,0.9355264422073387,1,1
AT2G26460,AT2G26460.1,1,train,NS,3.0,0.9107063127117155,1,1
AT2G26990,AT2G26990.1,1,val,NS,2.0,0.8276619715720492,1,1
AT2G27040,AT2G27040.1,1,train,HS,2.0,0.9459570880645092,1,1
AT2G27285,AT2G27285.1,1,val,NS,3.0,0.6060520384351756,1,1
AT2G27389,AT2G27389.1,0,train,depleted,3.0,0.1646350731216091,0,1
AT2G27930,AT2G27930.5,0,train,depleted,3.0,0.15326371723674295,0,1
AT2G27960,AT2G27960.1,1,train,HS,1.0,0.7189171527465751,1,1
AT2G28290,AT2G28290.5,1,test,HS,3.0,0.5188694112356861,1,1
AT2G28390,AT2G28390.1,1,test,HS,3.0,0.9110738961459988,1,1
AT2G28430,AT2G28430.1,1,train,NS,1.0,0.7014955955234076,1,1
AT2G28510,AT2G28510.1,0,val,depleted,3.0,0.37496249434272594,0,1
AT2G28950,AT2G28950.1,1,train,HS,1.0,0.8346551225465353,1,1
AT2G29200,AT2G29200.1,1,val,HS,3.0,0.9695985687550291,1,1
AT2G29320,AT2G29320.2,1,val,NS,1.0,0.6152606137883269,1,1
AT2G29540,AT2G29540.3,0,train,depleted,3.0,0.16545754540481325,0,1
AT2G29560,AT2G29560.1,1,train,HS,1.0,0.895296689828225,1,1
AT2G29700,AT2G29700.1,1,train,HS,1.0,0.7619861155569995,1,1
AT2G29995,AT2G29995.1,0,train,depleted,3.0,0.12786742590956576,0,1
AT2G30020,AT2G30020.1,0,train,depleted,2.0,0.3678050333569516,0,1
AT2G30050,AT2G30050.1,1,train,HS,1.0,0.8320488390539057,1,1
AT2G30150,AT2G30150.2,1,train,HS,1.0,0.8588023200531084,1,1
AT2G30390,AT2G30390.2,1,val,HS,1.0,0.8642808699507992,1,1
AT2G30410,AT2G30410.1,1,train,both,3.0,0.7642973492694785,1,1
AT2G30620,AT2G30620.1,1,train,HS,3.0,0.8336563043958002,1,1
AT2G30695,AT2G30695.2,0,train,depleted,1.0,0.18073663947780388,0,1
AT2G30860,AT2G30860.1,1,train,both,1.0,0.9277000149352682,1,1
AT2G31040,AT2G31040.1,1,train,HS,3.0,0.9250492691245933,1,1
AT2G31380,AT2G31380.1,0,train,depleted,3.0,0.2970270571396981,0,1
AT2G31610,AT2G31610.1,1,train,HS,1.0,0.8767528400023202,1,1
AT2G31710,AT2G31710.1,0,train,depleted,3.0,0.19681075164483558,0,1
AT2G31725,AT2G31725.1,1,train,NS,1.0,0.7724404205525834,1,1
AT2G31730,AT2G31730.1,0,test,depleted,2.0,0.44150679342587357,0,1
AT2G31790,AT2G31790.1,1,train,HS,1.0,0.8622056447319254,1,1
AT2G32060,AT2G32060.2,1,test,HS,1.0,0.5939473210375735,1,1
AT2G32200,AT2G32200.2,0,train,depleted,3.0,0.05741803040672723,0,1
AT2G32240,AT2G32240.1,1,train,HS,3.0,0.875135030827275,1,1
AT2G32460,AT2G32460.1,0,val,depleted,3.0,0.8129314714698846,1,0
AT2G32500,AT2G32500.1,1,val,HS,1.0,0.656088856260459,1,1
AT2G32520,AT2G32520.2,1,train,NS,1.0,0.8962990052695798,1,1
AT2G32650,AT2G32650.2,0,train,depleted,1.0,0.18901278278468087,0,1
AT2G32700,AT2G32700.7,1,val,HS,3.0,0.9679444059030118,1,1
AT2G32810,AT2G32810.1,1,test,HS,1.0,0.8700892762768773,1,1
AT2G32840,AT2G32840.1,0,val,depleted,3.0,0.5848010431498589,1,0
AT2G33120,AT2G33120.2,1,val,HS,2.0,0.4882767124163976,0,0
AT2G33250,AT2G33250.1,0,train,depleted,3.0,0.228065778861536,0,1
AT2G33255,AT2G33255.1,1,train,HS,1.0,0.8569277592440948,1,1
AT2G33380,AT2G33380.1,1,train,HS,3.0,0.7713058094132308,1,1
AT2G33410,AT2G33410.1,1,train,NS,3.0,0.8718127547740535,1,1
AT2G33480,AT2G33480.1,0,train,depleted,2.0,0.1523181087562607,0,1
AT2G33800,AT2G33800.1,1,train,HS,1.0,0.9223874870691687,1,1
AT2G33830,AT2G33830.2,1,train,HS,3.0,0.6225471259460366,1,1
AT2G34070,AT2G34070.1,1,train,HS,1.0,0.9163222019890432,1,1
AT2G34460,AT2G34460.1,1,train,HS,1.0,0.9331487395872944,1,1
AT2G34470,AT2G34470.2,1,train,NS,2.0,0.8279316836601476,1,1
AT2G34480,AT2G34480.2,1,train,HS,1.0,0.8475703152479004,1,1
AT2G34600,AT2G34600.1,0,test,depleted,2.0,0.24324553804796134,0,1
AT2G34620,AT2G34620.1,0,val,depleted,1.0,0.7356718901885128,1,0
AT2G35230,AT2G35230.1,1,test,HS,3.0,0.7323749681370252,1,1
AT2G35240,AT2G35240.1,1,train,HS,2.0,0.8162255394906359,1,1
AT2G35290,AT2G35290.1,0,train,depleted,1.0,0.22422649541184592,0,1
AT2G35300,AT2G35300.1,0,train,depleted,3.0,0.13207626016710328,0,1
AT2G35370,AT2G35370.1,1,train,HS,1.0,0.785954430997326,1,1
AT2G35390,AT2G35390.4,1,train,NS,1.0,0.9087070698245173,1,1
AT2G35530,AT2G35530.1,1,train,HS,3.0,0.9608140109541343,1,1
AT2G35605,AT2G35605.1,1,train,both,1.0,0.6665424413506841,1,1
AT2G35690,AT2G35690.1,1,val,HS,1.0,0.8073513647724525,1,1
AT2G35750,AT2G35750.1,0,test,depleted,1.0,0.1481988080643879,0,1
AT2G35810,AT2G35810.1,1,train,HS,1.0,0.7762003700394631,1,1
AT2G35820,AT2G35820.2,1,train,NS,2.0,0.7441516445390784,1,1
AT2G35859,AT2G35859.1,0,train,depleted,,0.06941392859812419,0,1
AT2G35860,AT2G35860.1,1,train,NS,2.0,0.8693194519788721,1,1
AT2G35940,AT2G35940.3,1,test,both,3.0,0.810945924954446,1,1
AT2G36230,AT2G36230.1,1,val,NS,1.0,0.6606227942860312,1,1
AT2G36480,AT2G36480.1,1,train,HS,3.0,0.9859276866426323,1,1
AT2G36870,AT2G36870.1,1,train,NS,1.0,0.7589584182598795,1,1
AT2G36880,AT2G36880.1,1,train,HS,1.0,0.9007669411972842,1,1
AT2G36885,AT2G36885.1,0,val,depleted,1.0,0.5658366601246778,1,0
AT2G36895,AT2G36895.3,0,train,depleted,1.0,0.3206699046429766,0,1
AT2G37030,AT2G37030.1,0,train,depleted,1.0,0.15035468680782055,0,1
AT2G37040,AT2G37040.1,1,train,both,1.0,0.9390170096122002,1,1
AT2G37080,AT2G37080.2,1,test,HS,3.0,0.8551565297215981,1,1
AT2G37130,AT2G37130.1,0,train,depleted,1.0,0.263712276418398,0,1
AT2G37240,AT2G37240.1,0,val,depleted,1.0,0.6967454756568697,1,0
AT2G37330,AT2G37330.1,0,val,depleted,1.0,0.40509531950010996,0,1
AT2G37470,AT2G37470.1,1,train,both,3.0,0.7682960358948676,1,1
AT2G37540,AT2G37540.1,1,test,NS,1.0,0.5069219736284571,1,1
AT2G37680,AT2G37680.2,1,train,both,3.0,0.8141242836609814,1,1
AT2G37750,AT2G37750.1,0,train,depleted,3.0,0.1257291800360812,0,1
AT2G38025,AT2G38025.1,0,train,depleted,1.0,0.300407994724307,0,1
AT2G38410,AT2G38410.1,1,train,HS,3.0,0.9828365211136934,1,1
AT2G38465,AT2G38465.1,0,train,depleted,3.0,0.08566215260410612,0,1
AT2G38860,AT2G38860.2,1,train,both,1.0,0.9364689336077304,1,1
AT2G39050,AT2G39050.1,0,train,depleted,3.0,0.32056340290730284,0,1
AT2G39080,AT2G39080.1,1,val,HS,1.0,0.8331713903790527,1,1
AT2G39650,AT2G39650.1,0,train,depleted,2.0,0.27549142374821706,0,1
AT2G39700,AT2G39700.1,1,train,both,1.0,0.7914430496623861,1,1
AT2G39940,AT2G39940.1,1,train,HS,1.0,0.8938570561406683,1,1
AT2G40140,AT2G40140.1,1,train,HS,3.0,0.9896790172600515,1,1
AT2G40270,AT2G40270.1,0,train,depleted,2.0,0.23379644850412515,0,1
AT2G40430,AT2G40430.2,1,train,HS,3.0,0.8790983218956201,1,1
AT2G40630,AT2G40630.3,1,test,NS,3.0,0.7950569334898641,1,1
AT2G40805,at2g40805,0,train,depleted,,0.03935042817648298,0,1
AT2G40880,AT2G40880.1,1,train,HS,2.0,0.6932262475348963,1,1
AT2G41020,AT2G41020.2,1,train,HS,3.0,0.9281435927503634,1,1
AT2G41090,AT2G41090.1,1,train,HS,1.0,0.7052335330739863,1,1
AT2G41100,AT2G41100.1,1,train,HS,3.0,0.8004320880184161,1,1
AT2G41380,AT2G41380.1,1,val,NS,1.0,0.6088502708568517,1,1
AT2G41430,AT2G41430.4,1,train,HS,3.0,0.8027348387501522,1,1
AT2G41680,AT2G41680.1,1,train,HS,2.0,0.9064976258075033,1,1
AT2G41760,AT2G41760.1,0,val,depleted,1.0,0.5620897493875009,1,0
AT2G41780,AT2G41780.1,0,train,depleted,3.0,0.13996484665254538,0,1
AT2G41850,AT2G41850.1,0,train,depleted,1.0,0.29537040960346683,0,1
AT2G41870,AT2G41870.1,1,test,HS,3.0,0.6356832615470052,1,1
AT2G41900,AT2G41900.1,1,train,both,3.0,0.9774382690800965,1,1
AT2G41990,AT2G41990.1,0,test,depleted,3.0,0.6997594274955425,1,0
AT2G42220,AT2G42220.1,1,train,HS,1.0,0.8304293672583775,1,1
AT2G42390,AT2G42390.1,0,train,depleted,2.0,0.20893829200938002,0,1
AT2G42690,AT2G42690.1,1,train,both,1.0,0.725662602209714,1,1
AT2G42780,AT2G42780.1,0,train,depleted,3.0,0.29976475442618705,0,1
AT2G42790,AT2G42790.1,1,train,HS,1.0,0.9397429498754317,1,1
AT2G42880,AT2G42880.1,1,test,HS,2.0,0.8935018163786386,1,1
AT2G42900,AT2G42900.1,0,train,depleted,1.0,0.1797083090041937,0,1
AT2G43030,AT2G43030.1,1,test,HS,2.0,0.6933425963701433,1,1
AT2G43100,AT2G43100.1,1,train,both,1.0,0.9079665176417865,1,1
AT2G43510,AT2G43510.1,0,test,depleted,2.0,0.29208631126039425,0,1
AT2G43640,AT2G43640.1,1,train,NS,2.0,0.7648010210804742,1,1
AT2G43750,AT2G43750.1,1,test,HS,1.0,0.8939035641362577,1,1
AT2G43780,AT2G43780.4,0,train,depleted,2.0,0.10533317417571916,0,1
AT2G43940,AT2G43940.1,0,test,depleted,2.0,0.6431243741474661,1,0
AT2G43945,AT2G43945.1,1,train,HS,2.0,0.8966235649568424,1,1
AT2G44130,AT2G44130.1,0,train,depleted,1.0,0.20411650530114553,0,1
AT2G44200,AT2G44200.1,1,train,HS,3.0,0.8514290704503872,1,1
AT2G44290,AT2G44290.1,0,train,depleted,3.0,0.2266013536984706,0,1
AT2G44650,AT2G44650.1,1,train,NS,1.0,0.722894587898351,1,1
AT2G44760,AT2G44760.1,1,test,HS,2.0,0.6950272917750129,1,1
AT2G44920,AT2G44920.2,0,train,depleted,1.0,0.3712117000242678,0,1
AT2G45060,AT2G45060.1,1,train,HS,2.0,0.8269468862581004,1,1
AT2G45140,AT2G45140.1,1,train,HS,3.0,0.8765104717353421,1,1
AT2G45220,AT2G45220.1,1,val,HS,1.0,0.6258736050471269,1,1
AT2G45260,AT2G45260.1,1,train,HS,1.0,0.9753336622332158,1,1
AT2G45300,AT2G45300.2,1,train,NS,1.0,0.9571569867914027,1,1
AT2G45470,AT2G45470.1,1,train,HS,2.0,0.8215360449326248,1,1
AT2G45540,AT2G45540.2,1,val,HS,2.0,0.8671703018190352,1,1
AT2G46090,AT2G46090.1,1,train,both,1.0,0.8553097448957693,1,1
AT2G46225,AT2G46225.2,1,val,HS,2.0,0.5963297402915245,1,1
AT2G46230,AT2G46230.2,1,train,NS,1.0,0.7808341793248663,1,1
AT2G46650,AT2G46650.1,1,test,NS,2.0,0.18520047498574102,0,0
AT2G46910,AT2G46910.1,1,train,HS,1.0,0.8898660364511012,1,1
AT2G47380,AT2G47380.2,1,val,HS,1.0,0.38733622597693634,0,0
AT2G47485,AT2G47485.1,0,test,depleted,1.0,0.28628682496744784,0,1
AT2G47710,AT2G47710.1,1,train,NS,1.0,0.7710607936262639,1,1
AT2G47910,AT2G47910.1,1,train,HS,2.0,0.6809232285719362,1,1
AT4G00026,AT4G00026.1,0,test,depleted,2.0,0.6812395838830655,1,0
AT4G00100,AT4G00100.1,1,test,HS,1.0,0.5539305835915576,1,1
AT4G00230,AT4G00230.1,1,test,NS,1.0,0.697923511263562,1,1
AT4G00342,AT4G00342.1,0,val,depleted,1.0,0.1045098488128926,0,1
AT4G00430,AT4G00430.2,1,train,HS,2.0,0.7727092539412944,1,1
AT4G00570,AT4G00570.1,1,train,HS,1.0,0.9570105347503576,1,1
AT4G00620,AT4G00620.1,0,val,depleted,1.0,0.853427343263962,1,0
AT4G00860,AT4G00860.1,1,val,NS,1.0,0.24615803963891889,0,0
AT4G01070,AT4G01070.1,1,train,HS,1.0,0.9000081988787363,1,1
AT4G01090,AT4G01090.1,1,train,HS,3.0,0.963288227925965,1,1
AT4G01480,AT4G01480.1,1,train,NS,2.0,0.7348871555046008,1,1
AT4G02080,AT4G02080.1,1,train,HS,1.0,0.8036050626387513,1,1
AT4G02530,AT4G02530.2,1,train,NS,1.0,0.8173863599136294,1,1
AT4G02980,AT4G02980.1,0,train,depleted,1.0,0.21465283437503258,0,1
AT4G03150,AT4G03150.1,1,train,HS,1.0,0.7865430711402669,1,1
AT4G03400,AT4G03400.1,1,train,HS,1.0,0.9191181391622497,1,1
AT4G03610,AT4G03610.4,0,train,depleted,1.0,0.33976619208242864,0,1
AT4G04610,AT4G04610.1,1,val,HS,1.0,0.8003682003375322,1,1
AT4G04614,AT4G04614.2,1,train,HS,3.0,0.7927077513277785,1,1
AT4G05000,AT4G05000.3,1,test,HS,1.0,0.5247748022340847,1,1
AT4G05440,AT4G05440.1,0,train,depleted,2.0,0.266559858370187,0,1
AT4G05450,AT4G05450.1,0,train,depleted,1.0,0.258370036639399,0,1
AT4G07390,AT4G07390.1,0,test,depleted,1.0,0.5486495630482842,1,0
AT4G08345,AT4G08345.1,0,train,depleted,,0.00368466988285571,0,1
AT4G08540,AT4G08540.1,1,train,HS,2.0,0.8418966125442724,1,1
AT4G09040,AT4G09040.1,1,test,HS,2.0,0.7216896351981384,1,1
AT4G09620,AT4G09620.2,1,test,HS,1.0,0.47710552595483174,0,0
AT4G09650,AT4G09650.1,1,val,HS,1.0,0.5978084268320536,1,1
AT4G09720,AT4G09720.3,0,test,depleted,1.0,0.7026502830524307,1,0
AT4G09840,AT4G09840.2,0,train,depleted,3.0,0.17444081866542452,0,1
AT4G10120,AT4G10120.3,1,test,HS,2.0,0.8547286032900885,1,1
AT4G10300,AT4G10300.1,1,train,HS,1.0,0.6620384540412715,1,1
AT4G10610,AT4G10610.1,1,train,both,3.0,0.8149774605963159,1,1
AT4G10680,AT4G10680.1,0,train,depleted,1.0,0.15226439234327663,0,1
AT4G10970,AT4G10970.6,1,train,HS,3.0,0.5808625543163769,1,1
AT4G11280,AT4G11280.1,0,train,depleted,1.0,0.2966994062586451,0,1
AT4G11640,AT4G11640.1,1,train,HS,1.0,0.7904594670877416,1,1
AT4G11790,AT4G11790.1,1,test,HS,3.0,0.8527391406369152,1,1
AT4G11860,AT4G11860.1,1,test,HS,3.0,0.9797630003990688,1,1
AT4G12290,AT4G12290.1,0,train,depleted,2.0,0.36084144333602636,0,1
AT4G12390,AT4G12390.1,1,train,NS,1.0,0.6818632740832765,1,1
AT4G12440,AT4G12440.3,0,test,depleted,1.0,0.6692937089065802,1,0
AT4G12545,AT4G12545.1,0,val,depleted,1.0,0.22049585989914286,0,1
AT4G12550,AT4G12550.1,0,val,depleted,1.0,0.2704653388191853,0,1
AT4G12730,AT4G12730.1,1,train,HS,2.0,0.8689647299910852,1,1
AT4G13100,AT4G13100.2,0,train,depleted,3.0,0.12633362886166208,0,1
AT4G13390,AT4G13390.1,0,train,depleted,3.0,0.28073981845410195,0,1
AT4G13460,AT4G13460.2,1,train,HS,3.0,0.8980781843458998,1,1
AT4G13670,AT4G13670.2,1,train,HS,1.0,0.7885673224059085,1,1
AT4G13770,AT4G13770.1,1,test,NS,1.0,0.6612901494101568,1,1
AT4G13850,AT4G13850.1,1,test,HS,3.0,0.43316174376294714,0,0
AT4G13940,AT4G13940.1,1,train,HS,1.0,0.9159562968794351,1,1
AT4G14000,AT4G14000.1,1,train,NS,1.0,0.8827773949679474,1,1
AT4G14030,AT4G14030.1,1,train,HS,1.0,0.8338998714438269,1,1
AT4G14145,AT4G14145.1,0,test,depleted,3.0,0.44953354979302645,0,1
AT4G14160,AT4G14160.1,1,train,HS,1.0,0.8671665532693199,1,1
AT4G14340,AT4G14340.2,1,train,HS,2.0,0.8712412565127732,1,1
AT4G14342,AT4G14342.2,1,train,HS,1.0,0.7152514364106756,1,1
AT4G14440,AT4G14440.1,1,test,HS,1.0,0.6047676650264071,1,1
AT4G14520,AT4G14520.4,0,train,depleted,1.0,0.33664455990106656,0,1
AT4G14680,AT4G14680.2,1,train,HS,1.0,0.8353082919061157,1,1
AT4G14819,AT4G14819.1,0,val,depleted,2.0,0.16639689384484166,0,1
AT4G14990,AT4G14990.1,1,train,HS,3.0,0.9815388603957372,1,1
AT4G15230,AT4G15230.1,0,val,depleted,1.0,0.7997840568528971,1,0
AT4G15390,AT4G15390.1,0,train,depleted,1.0,0.3249442598809697,0,1
AT4G15545,AT4G15545.1,1,test,HS,3.0,0.6572671879815457,1,1
AT4G15560,AT4G15560.1,1,train,HS,1.0,0.9564811466139946,1,1
AT4G15620,AT4G15620.1,0,train,depleted,2.0,0.16941602607154888,0,1
AT4G15630,AT4G15630.1,0,train,depleted,2.0,0.18996546721041185,0,1
AT4G15700,AT4G15700.1,0,val,depleted,1.0,0.6325400780013132,1,0
AT4G15790,AT4G15790.2,0,train,depleted,3.0,0.17523507890628864,0,1
AT4G15820,AT4G15820.1,1,test,HS,3.0,0.4904403391380572,0,0
AT4G15880,AT4G15880.1,1,train,NS,2.0,0.8745018685329319,1,1
AT4G16146,AT4G16146.1,0,test,depleted,3.0,0.24427927886414025,0,1
AT4G16265,AT4G16265.2,0,val,depleted,1.0,0.2762965130109151,0,1
AT4G16442,AT4G16442.1,0,test,depleted,2.0,0.5501758199406306,1,0
AT4G16566,AT4G16566.1,1,test,HS,1.0,0.5206811079486546,1,1
AT4G16720,AT4G16720.1,1,val,HS,2.0,0.690623525132172,1,1
AT4G16790,AT4G16790.1,1,val,HS,3.0,0.6795422146941072,1,1
AT4G16950,AT4G16950.1,1,train,HS,1.0,0.942314527785466,1,1
AT4G17050,AT4G17050.1,1,train,HS,1.0,0.8639617572707907,1,1
AT4G17140,AT4G17140.1,1,train,HS,1.0,0.8915303431343337,1,1
AT4G17650,AT4G17650.1,1,train,HS,1.0,0.8402194200723131,1,1
AT4G18030,AT4G18030.1,1,val,HS,2.0,0.7885404222200573,1,1
AT4G18372,AT4G18372.1,0,train,depleted,2.0,0.23850639577630864,0,1
AT4G18593,AT4G18593.2,0,test,depleted,2.0,0.3753153842710889,0,1
AT4G19100,AT4G19100.1,1,val,NS,3.0,0.4845069100390765,0,0
AT4G19170,AT4G19170.1,1,train,NS,2.0,0.8095446857221162,1,1
AT4G19230,AT4G19230.2,0,val,depleted,1.0,0.6075196879120092,1,0
AT4G19710,AT4G19710.2,1,train,HS,1.0,0.969624889446532,1,1
AT4G19840,AT4G19840.1,1,val,HS,1.0,0.6183891920065373,1,1
AT4G19985,AT4G19985.4,0,train,depleted,1.0,0.3299877728178356,0,1
AT4G20720,AT4G20720.2,1,val,HS,3.0,0.9061966417465764,1,1
AT4G20980,AT4G20980.2,1,train,HS,3.0,0.9196229884118685,1,1
AT4G21190,AT4G21190.1,0,train,depleted,2.0,0.28930038103167116,0,1
AT4G21320,AT4G21320.1,1,train,NS,1.0,0.863503565456579,1,1
AT4G21470,AT4G21470.1,1,val,HS,1.0,0.5585090797527641,1,1
AT4G21490,AT4G21490.1,0,test,depleted,1.0,0.7775915230285413,1,0
AT4G21865,AT4G21865.1,0,train,depleted,3.0,0.19202506307136322,0,1
AT4G21960,AT4G21960.1,1,train,HS,1.0,0.9012223711628935,1,1
AT4G21990,AT4G21990.1,1,val,both,1.0,0.7913122274102099,1,1
AT4G22150,AT4G22150.1,1,val,HS,3.0,0.6944623611291145,1,1
AT4G22310,AT4G22310.1,0,train,depleted,1.0,0.2159502969841456,0,1
AT4G22570,AT4G22570.2,1,test,both,2.0,0.4945693291905116,0,0
AT4G22610,AT4G22610.1,0,train,depleted,1.0,0.13667510692116852,0,1
AT4G23510,AT4G23510.1,0,train,depleted,1.0,0.35044675426792116,0,1
AT4G23560,AT4G23560.1,0,train,depleted,2.0,0.27991915850847643,0,1
AT4G24350,AT4G24350.3,1,train,NS,1.0,0.7959403651203821,1,1
AT4G24440,AT4G24440.1,1,train,HS,1.0,0.7810223717599993,1,1
AT4G24510,AT4G24510.1,1,train,HS,1.0,0.8494164628399452,1,1
AT4G24570,AT4G24570.1,0,train,depleted,1.0,0.21586265490251433,0,1
AT4G24750,AT4G24750.1,0,train,depleted,1.0,0.346985925561892,0,1
AT4G24780,AT4G24780.1,1,val,HS,1.0,0.8227352635305589,1,1
AT4G24800,AT4G24800.3,1,train,HS,2.0,0.969951647305308,1,1
AT4G25140,AT4G25140.1,0,val,depleted,3.0,0.5591691491777957,1,0
AT4G25470,AT4G25470.1,0,train,depleted,2.0,0.2475674532376372,0,1
AT4G25490,AT4G25490.1,0,test,depleted,3.0,0.4558591289768492,0,1
AT4G25550,AT4G25550.1,1,train,HS,1.0,0.8710868800074391,1,1
AT4G25820,AT4G25820.1,0,train,depleted,1.0,0.3094736116232918,0,1
AT4G25840,AT4G25840.1,1,train,HS,1.0,0.8640628103971028,1,1
AT4G26240,AT4G26240.1,0,test,depleted,3.0,0.7184096546337216,1,0
AT4G26555,AT4G26555.1,1,train,HS,1.0,0.8000081684531231,1,1
AT4G26720,AT4G26720.1,1,train,HS,1.0,0.8685389344737804,1,1
AT4G26870,AT4G26870.1,1,train,HS,2.0,0.9613092706017444,1,1
AT4G27070,AT4G27070.1,1,train,HS,2.0,0.9385556454314689,1,1
AT4G27380,AT4G27380.1,0,train,depleted,3.0,0.20854477503000823,0,1
AT4G27652,AT4G27652.1,0,train,depleted,2.0,0.06809135021697908,0,1
AT4G27654,AT4G27654.1,0,val,depleted,3.0,0.39142789977629,0,1
AT4G27657,AT4G27657.1,0,train,depleted,1.0,0.09990604422974453,0,1
AT4G27690,AT4G27690.1,1,train,HS,1.0,0.8202535836088203,1,1
AT4G27765,at4g27765,0,train,depleted,,0.03086260741272307,0,1
AT4G28440,AT4G28440.1,1,test,both,1.0,0.5698099119255939,1,1
AT4G28706,AT4G28706.4,1,test,HS,1.0,0.7953487056532714,1,1
AT4G28730,AT4G28730.2,1,train,NS,1.0,0.7024993520472124,1,1
AT4G28860,AT4G28860.1,1,train,HS,2.0,0.9590185632686972,1,1
AT4G28990,AT4G28990.2,1,train,NS,3.0,0.7797168678825799,1,1
AT4G29410,AT4G29410.1,1,train,HS,1.0,0.788123196242593,1,1
AT4G29490,AT4G29490.1,1,train,HS,1.0,0.9251257610741198,1,1
AT4G29720,AT4G29720.1,1,val,NS,1.0,0.78599379882844,1,1
AT4G29780,AT4G29780.1,0,train,depleted,3.0,0.31151814865005517,0,1
AT4G29800,AT4G29800.2,0,train,depleted,2.0,0.3579835795987668,0,1
AT4G29830,AT4G29830.1,1,train,HS,1.0,0.8418887937293309,1,1
AT4G30100,AT4G30100.1,1,train,HS,3.0,0.9936530975565723,1,1
AT4G30140,AT4G30140.1,0,test,depleted,1.0,0.5719832618805681,1,0
AT4G30160,AT4G30160.2,1,test,HS,2.0,0.8754070192392724,1,1
AT4G30170,AT4G30170.1,0,val,depleted,1.0,0.40761092121590675,0,1
AT4G30310,AT4G30310.2,1,val,HS,1.0,0.8090556848025118,1,1
AT4G30530,AT4G30530.1,1,train,HS,1.0,0.8961298962090758,1,1
AT4G31120,AT4G31120.2,1,train,NS,1.0,0.948959822000549,1,1
AT4G31500,AT4G31500.1,1,test,HS,1.0,0.6388592588274884,1,1
AT4G31530,AT4G31530.2,0,train,depleted,2.0,0.39444623426822,0,1
AT4G31877,at4g31877,0,train,depleted,,0.04209669835356874,0,1
AT4G32285,AT4G32285.2,1,val,HS,3.0,0.8851664397724088,1,1
AT4G32320,AT4G32320.1,1,train,HS,1.0,0.8869751546667956,1,1
AT4G32340,AT4G32340.1,0,train,depleted,3.0,0.3463658358310245,0,1
AT4G32470,AT4G32470.1,1,val,HS,1.0,0.5852110311281116,1,1
AT4G32590,AT4G32590.5,1,val,HS,2.0,0.47368707192803405,0,0
AT4G33080,AT4G33080.1,1,test,both,2.0,0.7604977653144847,1,1
AT4G33310,AT4G33310.1,0,train,depleted,3.0,0.04182376111326822,0,1
AT4G33350,AT4G33350.1,1,val,HS,1.0,0.6787719193141215,1,1
AT4G33500,AT4G33500.1,1,test,HS,3.0,0.940625901480993,1,1
AT4G33540,AT4G33540.1,1,train,HS,1.0,0.8707334556247841,1,1
AT4G33670,AT4G33670.1,1,train,HS,1.0,0.8859717033761291,1,1
AT4G34050,AT4G34050.3,1,train,HS,2.0,0.8841080753341085,1,1
AT4G34200,AT4G34200.1,1,train,HS,1.0,0.7941133482784547,1,1
AT4G34215,AT4G34215.2,1,train,HS,2.0,0.7768337453855314,1,1
AT4G34270,AT4G34270.1,1,train,HS,1.0,0.9165572928634039,1,1
AT4G34410,AT4G34410.1,0,train,depleted,3.0,0.3312128294873981,0,1
AT4G34412,AT4G34412.1,1,val,HS,1.0,0.594026307282771,1,1
AT4G34570,AT4G34570.1,0,train,depleted,1.0,0.3660068582749902,0,1
AT4G34700,AT4G34700.1,1,train,HS,1.0,0.7437366892574615,1,1
AT4G34860,AT4G34860.1,0,train,depleted,2.0,0.4270265289049546,0,1
AT4G34920,AT4G34920.1,1,val,HS,2.0,0.6902265479531252,1,1
AT4G34980,AT4G34980.1,1,train,NS,1.0,0.8239360915129149,1,1
AT4G35260,AT4G35260.1,1,train,HS,1.0,0.8600780414843037,1,1
AT4G35310,AT4G35310.1,1,train,HS,2.0,0.8845080725073821,1,1
AT4G35410,AT4G35410.2,1,val,NS,1.0,0.4767912594408219,0,0
AT4G36020,AT4G36020.1,1,test,NS,3.0,0.6012514660419944,1,1
AT4G36880,AT4G36880.1,0,test,depleted,1.0,0.43324303735046255,0,1
AT4G36910,AT4G36910.1,1,train,HS,1.0,0.8900517297532092,1,1
AT4G36940,AT4G36940.1,1,train,NS,1.0,0.9498625105745457,1,1
AT4G37000,AT4G37000.1,1,val,HS,1.0,0.45638628335475323,0,0
AT4G37095,AT4G37095.1,0,train,depleted,3.0,0.03453865715934245,0,1
AT4G37120,AT4G37120.1,1,train,HS,3.0,0.9130111094505337,1,1
AT4G37200,AT4G37200.1,1,train,HS,3.0,0.8672320337089188,1,1
AT4G37210,AT4G37210.1,1,train,both,3.0,0.9729963477323652,1,1
AT4G37220,AT4G37220.1,0,train,depleted,1.0,0.15184292619175413,0,1
AT4G37409,AT4G37409.1,0,train,depleted,2.0,0.08419783556530007,0,1
AT4G37445,AT4G37445.1,0,train,depleted,1.0,0.10223593028649944,0,1
AT4G37483,AT4G37483.1,0,train,depleted,1.0,0.09080197705155545,0,1
AT4G37925,AT4G37925.1,1,train,HS,3.0,0.7371051122294859,1,1
AT4G38495,AT4G38495.1,0,val,depleted,1.0,0.3389172305554226,0,1
AT4G38740,AT4G38740.1,1,test,both,1.0,0.6678536523083553,1,1
AT4G38910,AT4G38910.2,0,train,depleted,3.0,0.27733042004611297,0,1
AT4G39690,AT4G39690.1,1,train,HS,3.0,0.919477716342864,1,1
AT4G39800,AT4G39800.1,1,val,HS,1.0,0.8809032936201563,1,1
AT4G40070,AT4G40070.1,0,train,depleted,3.0,0.2707869298670324,0,1
AT4G40090,AT4G40090.1,0,train,depleted,3.0,0.1803057255865263,0,1
