gene_id,transcript_id,class,split,prob_pos,pred
AT1G01230,AT1G01230.1,0,val,0.420241117477417,0
AT1G01300,AT1G01300.1,1,train,0.7147455215454102,1
AT1G01450,AT1G01450.1,0,train,0.4415024220943451,0
AT1G01470,AT1G01470.1,0,train,0.38356056809425354,0
AT1G01510,AT1G01510.1,1,val,0.8049939870834351,1
AT1G01730,AT1G01730.1,0,train,0.46113720536231995,0
AT1G01910,AT1G01910.2,1,val,0.8788405060768127,1
AT1G02100,AT1G02100.1,1,val,0.6429175138473511,1
AT1G02130,AT1G02130.1,0,test,0.5760729908943176,1
AT1G02500,AT1G02500.1,1,train,0.8820732831954956,1
AT1G02816,AT1G02816.1,0,test,0.4168943464756012,0
AT1G02930,AT1G02930.1,1,test,0.5510517358779907,1
AT1G03130,AT1G03130.1,1,val,0.4144003391265869,0
AT1G03330,AT1G03330.1,1,train,0.40217190980911255,0
AT1G03400,AT1G03400.2,1,train,0.7220473885536194,1
AT1G03760,AT1G03760.1,1,val,0.5338822603225708,1
AT1G04010,AT1G04010.1,0,train,0.6494495272636414,1
AT1G04070,AT1G04070.1,0,train,0.2189621478319168,0
AT1G04340,AT1G04340.1,0,train,0.20861496031284332,0
AT1G04350,AT1G04350.1,1,train,0.8198855519294739,1
AT1G04530,AT1G04530.1,1,train,0.7911447286605835,1
AT1G04870,AT1G04870.2,1,train,0.8185009956359863,1
AT1G05210,AT1G05210.1,0,train,0.2666882574558258,0
AT1G05350,AT1G05350.1,1,train,0.9243442416191101,1
AT1G05410,AT1G05410.1,0,train,0.6173117756843567,1
AT1G05680,AT1G05680.1,0,train,0.6168946623802185,1
AT1G05790,AT1G05790.3,0,train,0.5994517803192139,1
AT1G05805,AT1G05805.1,1,train,0.8630709052085876,1
AT1G06030,AT1G06030.1,0,train,0.34226787090301514,0
AT1G06160,AT1G06160.1,0,train,0.27865108847618103,0
AT1G06210,AT1G06210.1,1,val,0.860210120677948,1
AT1G06420,AT1G06420.1,0,train,0.3767191767692566,0
AT1G06760,AT1G06760.1,1,train,0.48125600814819336,0
AT1G07040,AT1G07040.1,0,train,0.46719902753829956,0
AT1G07190,AT1G07190.1,0,train,0.0985255315899849,0
AT1G07250,AT1G07250.1,1,train,0.6802043318748474,1
AT1G07590,AT1G07590.1,0,test,0.8344710469245911,1
AT1G07610,AT1G07610.1,0,train,0.17316988110542297,0
AT1G07620,AT1G07620.2,0,val,0.8087689280509949,1
AT1G07660,AT1G07660.1,1,train,0.5496748089790344,1
AT1G07720,AT1G07720.2,0,train,0.3882201313972473,0
AT1G07960,AT1G07960.4,0,test,0.5695871114730835,1
AT1G08180,AT1G08180.1,0,train,0.16593867540359497,0
AT1G08250,AT1G08250.1,1,train,0.7733285427093506,1
AT1G08370,AT1G08370.1,1,train,0.8155407309532166,1
AT1G08380,AT1G08380.1,1,train,0.6546450853347778,1
AT1G08570,AT1G08570.1,1,train,0.7714135050773621,1
AT1G09160,AT1G09160.1,1,train,0.9040032029151917,1
AT1G09310,AT1G09310.1,1,train,0.6822694540023804,1
AT1G09490,AT1G09490.1,0,train,0.4768652021884918,0
AT1G09590,AT1G09590.1,1,train,0.6916677355766296,1
AT1G09795,AT1G09795.1,1,train,0.7397053837776184,1
AT1G09950,AT1G09950.1,0,train,0.5801770091056824,1
AT1G10390,AT1G10390.1,0,test,0.9179186820983887,1
AT1G10470,AT1G10470.1,0,val,0.41577020287513733,0
AT1G10500,AT1G10500.1,0,train,0.255497545003891,0
AT1G10990,AT1G10990.2,0,train,0.21039506793022156,0
AT1G11240,AT1G11240.1,1,train,0.7546332478523254,1
AT1G11320,AT1G11320.1,0,test,0.8745205998420715,1
AT1G11530,AT1G11530.1,1,train,0.37845486402511597,0
AT1G11580,AT1G11580.2,1,val,0.6308109164237976,1
AT1G11670,AT1G11670.1,0,train,0.3810853064060211,0
AT1G11800,AT1G11800.1,1,train,0.8689558506011963,1
AT1G11870,AT1G11870.2,0,val,0.790469229221344,1
AT1G12050,AT1G12050.1,1,train,0.692974865436554,1
AT1G12200,AT1G12200.2,1,train,0.7314037084579468,1
AT1G12350,AT1G12350.2,1,train,0.7233011722564697,1
AT1G12400,AT1G12400.3,0,train,0.168514221906662,0
AT1G12800,AT1G12800.1,1,train,0.9403495192527771,1
AT1G12900,AT1G12900.5,1,test,0.8038461208343506,1
AT1G12920,AT1G12920.1,1,train,0.7901953458786011,1
AT1G13090,AT1G13090.1,1,train,0.6268903017044067,1
AT1G13180,AT1G13180.1,1,val,0.8184804916381836,1
AT1G13280,AT1G13280.1,1,train,0.6663937568664551,1
AT1G13590,AT1G13590.1,0,train,0.1543661653995514,0
AT1G13690,AT1G13690.1,1,val,0.40758487582206726,0
AT1G13930,AT1G13930.2,1,val,0.38750895857810974,0
AT1G13950,AT1G13950.1,0,test,0.6381036639213562,1
AT1G14150,AT1G14150.1,1,train,0.5061710476875305,1
AT1G14310,AT1G14310.1,0,train,0.5893468260765076,1
AT1G14380,AT1G14380.1,1,val,0.9360941052436829,1
AT1G14410,AT1G14410.1,1,train,0.8272782564163208,1
AT1G14820,AT1G14820.3,0,train,0.6326127052307129,1
AT1G15010,AT1G15010.1,0,train,0.10511504858732224,0
AT1G15170,AT1G15170.1,0,train,0.570256769657135,1
AT1G15290,AT1G15290.1,1,test,0.9167011976242065,1
AT1G15710,AT1G15710.1,1,train,0.697003185749054,1
AT1G15825,AT1G15825.1,0,train,0.17074300348758698,0
AT1G15840,AT1G15840.1,0,test,0.30416011810302734,0
AT1G15880,AT1G15880.1,0,test,0.5704541206359863,1
AT1G15950,AT1G15950.1,1,train,0.7542502284049988,1
AT1G16080,AT1G16080.1,1,train,0.8703025579452515,1
AT1G16220,AT1G16220.1,0,val,0.9043529629707336,1
AT1G16700,AT1G16700.1,1,train,0.9115352034568787,1
AT1G16820,AT1G16820.1,0,train,0.196015864610672,0
AT1G16916,AT1G16916.2,0,train,0.28368520736694336,0
AT1G17020,AT1G17020.1,0,train,0.5583859086036682,1
AT1G17210,AT1G17210.1,1,train,0.9272089004516602,1
AT1G17410,AT1G17410.1,0,train,0.22859038412570953,0
AT1G17640,AT1G17640.1,0,train,0.458107590675354,0
AT1G18030,AT1G18030.1,0,train,0.5200488567352295,1
AT1G18170,AT1G18170.1,1,train,0.5681913495063782,1
AT1G18190,AT1G18190.1,1,train,0.8139932155609131,1
AT1G18200,AT1G18200.1,0,test,0.25457343459129333,0
AT1G18300,AT1G18300.1,0,test,0.722521960735321,1
AT1G18382,AT1G18382.1,0,train,0.0670710876584053,0
AT1G18670,AT1G18670.2,1,val,0.9400469064712524,1
AT1G19210,AT1G19210.1,0,val,0.20475411415100098,0
AT1G19220,AT1G19220.1,1,train,0.8970246911048889,1
AT1G19240,AT1G19240.1,0,train,0.1068878248333931,0
AT1G19320,AT1G19320.1,0,train,0.17630904912948608,0
AT1G19370,AT1G19370.1,1,train,0.7588139772415161,1
AT1G19570,AT1G19570.1,1,train,0.7383162379264832,1
AT1G19720,AT1G19720.1,1,train,0.86423259973526,1
AT1G19835,AT1G19835.3,1,train,0.8934187293052673,1
AT1G19920,AT1G19920.1,1,train,0.8179691433906555,1
AT1G20070,AT1G20070.1,1,train,0.5628086924552917,1
AT1G20200,AT1G20200.1,1,train,0.7953583598136902,1
AT1G20225,AT1G20225.1,0,train,0.20889537036418915,0
AT1G20810,AT1G20810.1,1,train,0.7377919554710388,1
AT1G20830,AT1G20830.1,0,train,0.4667859673500061,0
AT1G21130,AT1G21130.1,1,val,0.8634057641029358,1
AT1G21350,AT1G21350.5,1,train,0.7517899870872498,1
AT1G21370,AT1G21370.1,1,train,0.6782135963439941,1
AT1G21440,AT1G21440.1,1,train,0.7863226532936096,1
AT1G22140,AT1G22140.3,0,val,0.29481402039527893,0
AT1G22280,AT1G22280.3,1,train,0.5837035179138184,1
AT1G22470,AT1G22470.1,0,train,0.18153142929077148,0
AT1G22920,AT1G22920.1,1,train,0.883430004119873,1
AT1G22940,AT1G22940.1,1,test,0.7223355174064636,1
AT1G23130,AT1G23130.1,0,train,0.5125749111175537,1
AT1G23740,AT1G23740.1,1,train,0.47721078991889954,0
AT1G23800,AT1G23800.2,1,train,0.8801481127738953,1
AT1G24100,AT1G24100.1,1,train,0.7411857843399048,1
AT1G24490,AT1G24490.1,1,train,0.9122730493545532,1
AT1G25220,AT1G25220.2,1,train,0.7597917914390564,1
AT1G26470,AT1G26470.1,0,train,0.31068184971809387,0
AT1G26550,AT1G26550.1,1,train,0.6969838738441467,1
AT1G26640,AT1G26640.1,0,train,0.6128199696540833,1
AT1G26670,AT1G26670.1,1,val,0.48441049456596375,0
AT1G26770,AT1G26770.2,1,train,0.35724425315856934,0
AT1G27060,AT1G27060.1,0,val,0.7132407426834106,1
AT1G27130,AT1G27130.1,1,train,0.7071000337600708,1
AT1G27385,AT1G27385.4,1,train,0.43065518140792847,0
AT1G27430,AT1G27430.1,1,train,0.9372791647911072,1
AT1G27730,AT1G27730.1,0,test,0.6478196382522583,1
AT1G27900,AT1G27900.3,1,train,0.8902711868286133,1
AT1G28135,AT1G28135.1,0,test,0.14054669439792633,0
AT1G28150,AT1G28150.2,0,train,0.29821887612342834,0
AT1G28230,AT1G28230.1,0,train,0.24187907576560974,0
AT1G28290,AT1G28290.1,1,train,0.742236316204071,1
AT1G28370,AT1G28370.2,0,train,0.12229319661855698,0
AT1G28380,AT1G28380.1,1,test,0.7636576294898987,1
AT1G28480,AT1G28480.1,0,train,0.10367761552333832,0
AT1G28540,AT1G28540.1,0,train,0.1488577276468277,0
AT1G28570,AT1G28570.1,1,train,0.7445315718650818,1
AT1G28950,AT1G28950.1,0,train,0.04418221116065979,0
AT1G29090,AT1G29090.1,0,train,0.4253614842891693,0
AT1G29280,AT1G29280.1,0,train,0.2583659291267395,0
AT1G29400,AT1G29400.3,1,test,0.8427749872207642,1
AT1G29465,AT1G29465.1,0,val,0.2157520353794098,0
AT1G29850,AT1G29850.3,1,train,0.6675983667373657,1
AT1G30110,AT1G30110.1,0,train,0.2810900807380676,0
AT1G30600,AT1G30600.1,1,test,0.7539282441139221,1
AT1G30870,AT1G30870.1,0,train,0.4162008464336395,0
AT1G31160,AT1G31160.1,0,val,0.6861916184425354,1
AT1G31220,AT1G31220.1,1,train,0.6254980564117432,1
AT1G31835,AT1G31835.2,0,train,0.1484716683626175,0
AT1G31970,AT1G31970.1,1,train,0.8278437852859497,1
AT1G32130,AT1G32130.1,1,test,0.802749752998352,1
AT1G32220,AT1G32220.1,1,test,0.2590232491493225,0
AT1G32310,AT1G32310.1,0,train,0.15215563774108887,0
AT1G32370,AT1G32370.2,0,train,0.1527564525604248,0
AT1G32440,AT1G32440.1,1,train,0.8729058504104614,1
AT1G32550,AT1G32550.2,1,train,0.3427109718322754,0
AT1G33040,AT1G33040.1,0,train,0.4938085377216339,0
AT1G33050,AT1G33050.4,1,train,0.8764668107032776,1
AT1G33265,AT1G33265.1,0,train,0.2691095769405365,0
AT1G33520,AT1G33520.1,1,val,0.7552255988121033,1
AT1G33760,AT1G33760.1,0,train,0.27910372614860535,0
AT1G33810,AT1G33810.1,1,train,0.7515013217926025,1
AT1G35140,AT1G35140.1,0,train,0.26049932837486267,0
AT1G35420,AT1G35420.2,1,train,0.5639808773994446,1
AT1G35780,AT1G35780.2,1,train,0.4909372329711914,0
AT1G36370,AT1G36370.1,1,train,0.8377452492713928,1
AT1G43710,AT1G43710.1,1,test,0.738037645816803,1
AT1G43800,AT1G43800.1,0,train,0.2850799560546875,0
AT1G44790,AT1G44790.1,0,val,0.6700695157051086,1
AT1G45145,AT1G45145.1,1,train,0.7050755620002747,1
AT1G45170,AT1G45170.1,0,train,0.43866997957229614,0
AT1G45230,AT1G45230.1,1,test,0.3522200584411621,0
AT1G45474,AT1G45474.2,1,train,0.5226592421531677,1
AT1G47200,AT1G47200.1,1,train,0.7848150134086609,1
AT1G48320,AT1G48320.1,1,train,0.7227869629859924,1
AT1G48550,AT1G48550.1,0,train,0.36180469393730164,0
AT1G48600,AT1G48600.2,1,train,0.8980449438095093,1
AT1G48620,AT1G48620.1,1,train,0.9427365064620972,1
AT1G48830,AT1G48830.1,1,test,0.7242184281349182,1
AT1G49310,AT1G49310.1,0,train,0.14254158735275269,0
AT1G49405,AT1G49405.1,0,train,0.20776866376399994,0
AT1G49430,AT1G49430.1,1,train,0.8432095646858215,1
AT1G49600,AT1G49600.3,1,val,0.9358022212982178,1
AT1G49650,AT1G49650.1,1,val,0.31552159786224365,0
AT1G49750,AT1G49750.1,1,train,0.7925828099250793,1
AT1G49760,AT1G49760.1,1,test,0.9322621822357178,1
AT1G50370,AT1G50370.1,1,train,0.7384180426597595,1
AT1G50430,AT1G50430.1,1,test,0.6346413493156433,1
AT1G50450,AT1G50450.1,1,test,0.4289919137954712,0
AT1G50900,AT1G50900.1,1,val,0.6387649178504944,1
AT1G51140,AT1G51140.1,0,train,0.5533338189125061,1
AT1G51680,AT1G51680.1,1,train,0.845294177532196,1
AT1G51760,AT1G51760.1,1,train,0.8168442249298096,1
AT1G52220,AT1G52220.1,1,test,0.2840528190135956,0
AT1G52340,AT1G52340.1,1,val,0.4049920439720154,0
AT1G52670,AT1G52670.1,1,test,0.7432178854942322,1
AT1G52830,AT1G52830.1,0,train,0.2673119902610779,0
AT1G52905,AT1G52905.1,0,val,0.19779321551322937,0
AT1G53280,AT1G53280.1,1,test,0.5800788998603821,1
AT1G53610,AT1G53610.1,0,val,0.06935559958219528,0
AT1G53970,AT1G53970.2,0,test,0.2557661235332489,0
AT1G54120,AT1G54120.1,0,test,0.12888160347938538,0
AT1G54290,AT1G54290.1,1,val,0.11552919447422028,0
AT1G54575,AT1G54575.2,0,train,0.13822096586227417,0
AT1G54580,AT1G54580.1,1,test,0.7689855694770813,1
AT1G55210,AT1G55210.1,1,test,0.328640341758728,0
AT1G55260,AT1G55260.1,0,test,0.24046924710273743,0
AT1G55500,AT1G55500.4,1,train,0.9079445600509644,1
AT1G56500,AT1G56500.2,1,val,0.7660096287727356,1
AT1G56660,AT1G56660.1,0,train,0.43825897574424744,0
AT1G56700,AT1G56700.1,1,train,0.640916645526886,1
AT1G58110,AT1G58110.2,1,train,0.809410810470581,1
AT1G58420,AT1G58420.1,0,test,0.17174990475177765,0
AT1G59600,AT1G59600.1,0,train,0.3571186661720276,0
AT1G60430,AT1G60430.2,1,train,0.5405886173248291,1
AT1G60640,AT1G60640.2,1,train,0.7128585577011108,1
AT1G60660,AT1G60660.1,0,train,0.1904241293668747,0
AT1G60730,AT1G60730.3,1,train,0.6773484945297241,1
AT1G61340,AT1G61340.1,0,train,0.1528380811214447,0
AT1G61570,AT1G61570.1,0,val,0.31216806173324585,0
AT1G61920,AT1G61920.1,0,train,0.17560967803001404,0
AT1G62150,AT1G62150.1,0,train,0.5871785879135132,1
AT1G62180,AT1G62180.1,1,val,0.8844016194343567,1
AT1G62380,AT1G62380.1,1,val,0.8650737404823303,1
AT1G62560,AT1G62560.2,1,train,0.6898304224014282,1
AT1G62710,AT1G62710.1,0,train,0.3174414336681366,0
AT1G63000,AT1G63000.1,1,train,0.5932968258857727,1
AT1G63130,AT1G63130.1,0,train,0.6536418199539185,1
AT1G63460,AT1G63460.1,1,train,0.6584711074829102,1
AT1G63610,AT1G63610.2,1,val,0.7983065247535706,1
AT1G63800,AT1G63800.1,0,train,0.2464171051979065,0
AT1G64065,AT1G64065.1,0,train,0.18932482600212097,0
AT1G64400,AT1G64400.1,1,train,0.8694776892662048,1
AT1G64680,AT1G64680.2,1,val,0.6327072381973267,1
AT1G65240,AT1G65240.1,0,train,0.40137726068496704,0
AT1G65346,AT1G65346.1,0,train,0.07493074983358383,0
AT1G65540,AT1G65540.3,1,train,0.9102978706359863,1
AT1G66400,AT1G66400.1,0,train,0.1457151174545288,0
AT1G66430,AT1G66430.1,1,train,0.8027616739273071,1
AT1G66500,AT1G66500.1,0,train,0.17998400330543518,0
AT1G66530,AT1G66530.1,1,train,0.839794397354126,1
AT1G66820,AT1G66820.1,0,train,0.13955947756767273,0
AT1G67870,AT1G67870.1,1,train,0.6747742891311646,1
AT1G68100,AT1G68100.1,1,test,0.7534811496734619,1
AT1G68185,AT1G68185.2,1,train,0.6123257875442505,1
AT1G68310,AT1G68310.1,0,train,0.16842712461948395,0
AT1G68660,AT1G68660.1,1,train,0.6748425364494324,1
AT1G68680,AT1G68680.1,1,train,0.28621935844421387,0
AT1G68945,AT1G68945.1,0,train,0.08441280573606491,0
AT1G69010,AT1G69010.1,1,train,0.8146036863327026,1
AT1G69370,AT1G69370.1,1,train,0.7478101253509521,1
AT1G69510,AT1G69510.2,1,test,0.4496532082557678,0
AT1G69530,AT1G69530.3,1,train,0.6995962262153625,1
AT1G70440,AT1G70440.1,0,train,0.3109974265098572,0
AT1G70580,AT1G70580.1,1,val,0.9154255390167236,1
AT1G70710,AT1G70710.1,1,train,0.8073703050613403,1
AT1G70760,AT1G70760.1,0,train,0.24499021470546722,0
AT1G70790,AT1G70790.1,1,train,0.6896646618843079,1
AT1G70880,AT1G70880.1,0,train,0.30053845047950745,0
AT1G71040,AT1G71040.1,1,train,0.7750131487846375,1
AT1G71740,AT1G71740.1,0,train,0.1482461541891098,0
AT1G71790,AT1G71790.1,1,test,0.7781566381454468,1
AT1G72010,AT1G72010.1,1,test,0.8384603261947632,1
AT1G72550,AT1G72550.1,1,train,0.8979350328445435,1
AT1G72610,AT1G72610.1,0,train,0.46949031949043274,0
AT1G72680,AT1G72680.1,1,test,0.607490062713623,1
AT1G72930,AT1G72930.1,1,train,0.7231480479240417,1
AT1G73060,AT1G73060.1,1,train,0.7274630665779114,1
AT1G73220,AT1G73220.1,0,test,0.6117045283317566,1
AT1G73230,AT1G73230.1,1,train,0.6160748600959778,1
AT1G73350,AT1G73350.5,1,train,0.7469317317008972,1
AT1G73380,AT1G73380.1,0,train,0.583040177822113,1
AT1G73540,AT1G73540.1,0,test,0.5883558392524719,1
AT1G73600,AT1G73600.2,1,train,0.8270102143287659,1
AT1G73840,AT1G73840.1,1,train,0.8159012794494629,1
AT1G73965,AT1G73965.1,0,train,0.08570205420255661,0
AT1G74060,AT1G74060.1,1,train,0.7952468991279602,1
AT1G74090,AT1G74090.1,1,train,0.7420468926429749,1
AT1G74100,AT1G74100.1,1,train,0.6799405813217163,1
AT1G74210,AT1G74210.1,0,train,0.4710094630718231,0
AT1G74280,AT1G74280.1,0,test,0.4781841039657593,0
AT1G74450,AT1G74450.1,0,val,0.5623124241828918,1
AT1G74640,AT1G74640.1,1,train,0.8762262463569641,1
AT1G74930,AT1G74930.1,0,val,0.48201724886894226,0
AT1G75100,AT1G75100.1,1,train,0.919154167175293,1
AT1G75190,AT1G75190.1,1,train,0.5728872418403625,1
AT1G75830,AT1G75830.1,0,train,0.09265772998332977,0
AT1G76020,AT1G76020.1,0,train,0.29788511991500854,0
AT1G76150,AT1G76150.1,1,train,0.8603217601776123,1
AT1G76185,AT1G76185.1,0,test,0.33595576882362366,0
AT1G76650,AT1G76650.1,0,train,0.14330482482910156,0
AT1G76680,AT1G76680.2,1,train,0.7271307110786438,1
AT1G76860,AT1G76860.1,0,train,0.2929029166698456,0
AT1G76878,AT1G76878.1,0,train,0.13800448179244995,0
AT1G76970,AT1G76970.2,0,val,0.7851183414459229,1
AT1G77090,AT1G77090.1,0,val,0.40711626410484314,0
AT1G77120,AT1G77120.1,1,train,0.9209679365158081,1
AT1G77122,AT1G77122.1,0,train,0.14745627343654633,0
AT1G77540,AT1G77540.1,0,test,0.297998309135437,0
AT1G77610,AT1G77610.1,0,test,0.5428744554519653,1
AT1G77680,AT1G77680.1,1,train,0.9422089457511902,1
AT1G77750,AT1G77750.1,0,train,0.560681164264679,1
AT1G77855,AT1G77855.1,0,train,0.4084947407245636,0
AT1G77930,AT1G77930.3,1,train,0.6767917275428772,1
AT1G78010,AT1G78010.1,1,train,0.8790308237075806,1
AT1G78020,AT1G78020.1,1,train,0.5404678583145142,1
AT1G78060,AT1G78060.1,1,train,0.7432928085327148,1
AT1G78140,AT1G78140.1,0,train,0.34969428181648254,0
AT1G78370,AT1G78370.1,1,train,0.8255841732025146,1
AT1G78580,AT1G78580.1,1,train,0.8607378005981445,1
AT1G78620,AT1G78620.2,1,train,0.7025118470191956,1
AT1G78915,AT1G78915.3,0,train,0.4457383155822754,0
AT1G78995,AT1G78995.1,1,train,0.6821158528327942,1
AT1G79170,AT1G79170.1,0,train,0.06550632417201996,0
AT1G79200,AT1G79200.1,1,val,0.32793501019477844,0
AT1G79210,AT1G79210.1,0,train,0.554599940776825,1
AT1G79470,AT1G79470.1,1,train,0.8248786926269531,1
AT1G79690,AT1G79690.1,1,train,0.8060215711593628,1
AT1G80030,AT1G80030.2,1,train,0.8494449853897095,1
AT1G80360,AT1G80360.3,1,train,0.8379886150360107,1
AT1G80500,AT1G80500.2,1,train,0.6384947299957275,1
AT1G80650,AT1G80650.3,1,train,0.46990981698036194,0
AT1G80770,AT1G80770.6,1,train,0.8119718432426453,1
AT1G80820,AT1G80820.1,0,train,0.3736739456653595,0
AT1G80910,AT1G80910.1,1,train,0.8889207243919373,1
AT5G01210,AT5G01210.1,0,train,0.4142460823059082,0
AT5G01490,AT5G01490.1,0,train,0.26549744606018066,0
AT5G01650,AT5G01650.3,1,train,0.5138556957244873,1
AT5G01870,AT5G01870.1,0,test,0.4880199432373047,0
AT5G01920,AT5G01920.1,1,test,0.38776230812072754,0
AT5G02120,AT5G02120.1,1,train,0.4904789626598358,0
AT5G02280,AT5G02280.1,1,val,0.5470437407493591,1
AT5G02490,AT5G02490.1,1,train,0.9136390686035156,1
AT5G02610,AT5G02610.2,1,train,0.7729472517967224,1
AT5G02690,AT5G02690.1,0,train,0.1660960465669632,0
AT5G02710,AT5G02710.2,0,train,0.3447970151901245,0
AT5G03160,AT5G03160.1,0,train,0.4961149990558624,0
AT5G03210,AT5G03210.2,0,train,0.15635201334953308,0
AT5G03300,AT5G03300.1,1,train,0.8576847314834595,1
AT5G03350,AT5G03350.1,1,train,0.7077705264091492,1
AT5G03520,AT5G03520.1,1,test,0.6152158379554749,1
AT5G03860,AT5G03860.1,0,train,0.5210925340652466,1
AT5G04230,AT5G04230.2,1,train,0.7234081625938416,1
AT5G04238,AT5G04238.1,0,train,0.047355178743600845,0
AT5G04520,AT5G04520.1,1,train,0.6174676418304443,1
AT5G04850,AT5G04850.2,1,train,0.7153165936470032,1
AT5G04900,AT5G04900.1,1,train,0.8246101140975952,1
AT5G04950,AT5G04950.1,0,val,0.6243152022361755,1
AT5G05000,AT5G05000.3,1,train,0.7757723331451416,1
AT5G05230,AT5G05230.1,1,train,0.7753066420555115,1
AT5G05290,AT5G05290.1,0,train,0.5524012446403503,1
AT5G05300,AT5G05300.1,0,train,0.1616608202457428,0
AT5G05330,AT5G05330.1,0,train,0.3103918433189392,0
AT5G05370,AT5G05370.1,0,train,0.14764796197414398,0
AT5G05410,AT5G05410.1,0,test,0.7338441610336304,1
AT5G05470,AT5G05470.1,1,train,0.7112963795661926,1
AT5G05540,AT5G05540.1,0,val,0.8193172216415405,1
AT5G05610,AT5G05610.1,1,train,0.7837826013565063,1
AT5G05730,AT5G05730.2,1,train,0.8601940274238586,1
AT5G05770,AT5G05770.1,0,train,0.06309542804956436,0
AT5G06130,AT5G06130.2,1,train,0.7834070920944214,1
AT5G06140,AT5G06140.1,1,train,0.8211184144020081,1
AT5G06360,AT5G06360.1,1,train,0.6669460535049438,1
AT5G06410,AT5G06410.1,0,test,0.5294025540351868,1
AT5G06640,AT5G06640.1,0,test,0.36574751138687134,0
AT5G06770,AT5G06770.1,1,train,0.8105263113975525,1
AT5G07010,AT5G07010.1,1,train,0.7076946496963501,1
AT5G07030,AT5G07030.1,1,train,0.7378813028335571,1
AT5G07152,AT5G07152.1,0,train,0.3685411214828491,0
AT5G07460,AT5G07460.1,1,test,0.5142592191696167,1
AT5G07571,AT5G07571.1,0,train,0.16886268556118011,0
AT5G07830,AT5G07830.1,1,train,0.7353982329368591,1
AT5G08080,AT5G08080.3,1,train,0.7210440039634705,1
AT5G08130,AT5G08130.8,1,train,0.843795657157898,1
AT5G08150,AT5G08150.1,0,train,0.10462570935487747,0
AT5G08180,AT5G08180.1,1,train,0.4794524908065796,0
AT5G08200,AT5G08200.1,1,val,0.5757699608802795,1
AT5G08210,at5g08210,0,train,0.06086290255188942,0
AT5G08390,AT5G08390.1,1,train,0.956305205821991,1
AT5G08590,AT5G08590.2,1,train,0.821521520614624,1
AT5G09230,AT5G09230.7,0,train,0.2721238434314728,0
AT5G09250,AT5G09250.2,1,train,0.4850391149520874,0
AT5G09585,AT5G09585.1,0,train,0.028769738972187042,0
AT5G09650,AT5G09650.1,1,test,0.7062270045280457,1
AT5G09830,AT5G09830.1,1,train,0.40105298161506653,0
AT5G09900,AT5G09900.3,1,val,0.7684165835380554,1
AT5G09995,AT5G09995.2,0,test,0.2598440945148468,0
AT5G10120,AT5G10120.1,0,val,0.45605242252349854,0
AT5G10130,AT5G10130.1,0,train,0.3286921977996826,0
AT5G10460,AT5G10460.1,0,train,0.4176800847053528,0
AT5G10630,AT5G10630.4,1,train,0.8933683037757874,1
AT5G11340,AT5G11340.1,0,val,0.6380881667137146,1
AT5G11450,AT5G11450.2,1,train,0.8041639924049377,1
AT5G11490,AT5G11490.2,1,train,0.8951773047447205,1
AT5G11600,AT5G11600.1,0,train,0.40148553252220154,0
AT5G11840,AT5G11840.2,1,train,0.5783518552780151,1
AT5G11950,AT5G11950.1,1,train,0.6986517906188965,1
AT5G12150,AT5G12150.1,1,train,0.9078661799430847,1
AT5G12200,AT5G12200.1,1,train,0.8714731335639954,1
AT5G12250,AT5G12250.1,1,train,0.9169827103614807,1
AT5G12850,AT5G12850.1,1,train,0.8599696755409241,1
AT5G13050,AT5G13050.1,1,train,0.8684594631195068,1
AT5G13370,AT5G13370.1,1,train,0.9000040888786316,1
AT5G13550,AT5G13550.1,1,val,0.5937845706939697,1
AT5G13900,AT5G13900.1,0,train,0.17866848409175873,0
AT5G14105,AT5G14105.1,0,val,0.17460930347442627,0
AT5G14200,AT5G14200.3,1,test,0.8099921345710754,1
AT5G14250,AT5G14250.2,1,val,0.8560150265693665,1
AT5G14330,AT5G14330.1,0,train,0.1517208069562912,0
AT5G14600,AT5G14600.1,1,val,0.4728492200374603,0
AT5G14750,AT5G14750.1,0,train,0.12487894296646118,0
AT5G14790,AT5G14790.1,1,val,0.7597794532775879,1
AT5G14910,AT5G14910.1,1,val,0.6323570013046265,1
AT5G14930,AT5G14930.2,1,train,0.6552675366401672,1
AT5G15200,AT5G15200.1,1,train,0.5674728751182556,1
AT5G15390,AT5G15390.2,1,val,0.6993005275726318,1
AT5G15530,AT5G15530.1,1,train,0.8530716300010681,1
AT5G15750,AT5G15750.1,0,val,0.33655449748039246,0
AT5G15802,AT5G15802.1,1,train,0.4887038767337799,0
AT5G15960,AT5G15960.1,1,train,0.2139119803905487,0
AT5G16050,AT5G16050.2,1,train,0.7891674637794495,1
AT5G16120,AT5G16120.4,1,train,0.6770976185798645,1
AT5G16290,AT5G16290.1,1,train,0.8530215620994568,1
AT5G16360,AT5G16360.1,0,train,0.38645052909851074,0
AT5G16440,AT5G16440.1,1,val,0.43850621581077576,0
AT5G16730,AT5G16730.1,1,val,0.7791880369186401,1
AT5G16810,AT5G16810.1,1,train,0.584214985370636,1
AT5G17290,AT5G17290.1,0,train,0.48297759890556335,0
AT5G17350,AT5G17350.1,0,test,0.2448352426290512,0
AT5G17820,AT5G17820.2,0,val,0.23827655613422394,0
AT5G17870,AT5G17870.2,1,train,0.5690276622772217,1
AT5G17920,AT5G17920.1,1,test,0.9030240178108215,1
AT5G17990,AT5G17990.1,1,train,0.9032424688339233,1
AT5G18100,AT5G18100.1,1,train,0.4854121804237366,0
AT5G18250,AT5G18250.1,0,val,0.551636815071106,1
AT5G18600,AT5G18600.1,0,val,0.17981891334056854,0
AT5G18610,AT5G18610.2,1,test,0.7906322479248047,1
AT5G19050,AT5G19050.1,1,train,0.722662091255188,1
AT5G19140,AT5G19140.1,1,test,0.7479339838027954,1
AT5G19420,AT5G19420.2,1,train,0.9481560587882996,1
AT5G19480,AT5G19480.3,1,train,0.809028685092926,1
AT5G19510,AT5G19510.1,1,train,0.8529189229011536,1
AT5G19690,AT5G19690.1,1,train,0.8009893298149109,1
AT5G19940,AT5G19940.1,1,test,0.8047031760215759,1
AT5G19950,AT5G19950.1,1,train,0.6488674879074097,1
AT5G19990,AT5G19990.1,1,train,0.8596040606498718,1
AT5G20040,AT5G20040.3,0,train,0.5732983946800232,1
AT5G20070,AT5G20070.1,1,train,0.8374685049057007,1
AT5G20500,AT5G20500.1,1,train,0.7668085098266602,1
AT5G20570,AT5G20570.2,1,train,0.7512287497520447,1
AT5G20790,AT5G20790.1,0,train,0.2184656709432602,0
AT5G20935,AT5G20935.1,0,test,0.25047749280929565,0
AT5G21274,AT5G21274.1,1,train,0.6362991333007812,1
AT5G21430,AT5G21430.1,1,train,0.47700873017311096,0
AT5G21920,AT5G21920.1,0,train,0.2723296582698822,0
AT5G22040,AT5G22040.2,1,train,0.8597041368484497,1
AT5G22250,AT5G22250.1,0,test,0.33900538086891174,0
AT5G22330,AT5G22330.1,1,train,0.9100689888000488,1
AT5G22510,AT5G22510.1,1,train,0.9145038723945618,1
AT5G22790,AT5G22790.1,1,train,0.9193484783172607,1
AT5G22830,AT5G22830.1,1,train,0.8725866079330444,1
AT5G22880,AT5G22880.1,1,train,0.6728284955024719,1
AT5G23010,AT5G23010.3,1,train,0.7584007978439331,1
AT5G23050,AT5G23050.1,1,train,0.90060955286026,1
AT5G23200,AT5G23200.1,1,train,0.8658433556556702,1
AT5G23330,AT5G23330.1,1,train,0.3871799409389496,0
AT5G23400,AT5G23400.1,1,train,0.725199282169342,1
AT5G23580,AT5G23580.1,1,train,0.8377975225448608,1
AT5G23840,AT5G23840.1,0,test,0.29547619819641113,0
AT5G23860,AT5G23860.1,1,train,0.8073222637176514,1
AT5G24020,AT5G24020.1,1,train,0.705784797668457,1
AT5G24210,AT5G24210.2,1,val,0.5525592565536499,1
AT5G24314,AT5G24314.2,1,train,0.32032328844070435,0
AT5G24400,AT5G24400.1,1,train,0.8013932704925537,1
AT5G24850,AT5G24850.1,1,train,0.8271059989929199,1
AT5G25890,AT5G25890.1,0,train,0.3101685345172882,0
AT5G25940,AT5G25940.1,1,train,0.33129096031188965,0
AT5G26360,AT5G26360.1,1,train,0.8787766098976135,1
AT5G26742,AT5G26742.2,1,test,0.936948835849762,1
AT5G26751,AT5G26751.1,1,val,0.7189568281173706,1
AT5G27030,AT5G27030.2,1,train,0.9245121479034424,1
AT5G27120,AT5G27120.1,1,train,0.8911101818084717,1
AT5G27400,AT5G27400.1,0,train,0.5223042964935303,1
AT5G27450,AT5G27450.2,1,train,0.7000796794891357,1
AT5G27560,AT5G27560.3,1,train,0.8446699380874634,1
AT5G27700,AT5G27700.1,1,test,0.35411426424980164,0
AT5G27770,AT5G27770.1,1,train,0.37848037481307983,0
AT5G28050,AT5G28050.3,1,train,0.7272497415542603,1
AT5G28500,AT5G28500.1,1,train,0.712073564529419,1
AT5G28840,AT5G28840.1,1,train,0.7161020636558533,1
AT5G30490,AT5G30490.2,1,train,0.7168057560920715,1
AT5G35700,AT5G35700.1,1,test,0.7814039587974548,1
AT5G35980,AT5G35980.2,1,test,0.8534404635429382,1
AT5G36130,AT5G36130.1,0,train,0.23105350136756897,0
AT5G36170,AT5G36170.1,1,train,0.8016400337219238,1
AT5G36210,AT5G36210.1,1,test,0.7857550978660583,1
AT5G37475,AT5G37475.2,1,val,0.7617060542106628,1
AT5G37770,AT5G37770.1,0,train,0.27493491768836975,0
AT5G38000,AT5G38000.1,0,train,0.46646738052368164,0
AT5G38060,AT5G38060.1,1,train,0.44910481572151184,0
AT5G38110,AT5G38110.1,0,train,0.4129285514354706,0
AT5G38520,AT5G38520.2,1,train,0.7243976593017578,1
AT5G38720,AT5G38720.2,1,train,0.6988213658332825,1
AT5G39210,AT5G39210.1,0,train,0.25098717212677,0
AT5G39320,AT5G39320.1,1,val,0.7761072516441345,1
AT5G39410,AT5G39410.1,1,train,0.8878353238105774,1
AT5G39730,AT5G39730.1,1,train,0.5289029479026794,1
AT5G39785,AT5G39785.4,0,train,0.3405418395996094,0
AT5G39850,AT5G39850.1,1,train,0.5672817230224609,1
AT5G40180,AT5G40180.1,0,train,0.2519318759441376,0
AT5G40330,AT5G40330.1,0,train,0.3828202188014984,0
AT5G41210,AT5G41210.1,1,train,0.8458935022354126,1
AT5G41330,AT5G41330.1,1,train,0.7421039342880249,1
AT5G42050,AT5G42050.1,1,train,0.7428809404373169,1
AT5G42070,AT5G42070.1,1,train,0.5857419967651367,1
AT5G42100,AT5G42100.1,1,train,0.7248802185058594,1
AT5G42765,AT5G42765.1,1,train,0.4495576322078705,0
AT5G42900,AT5G42900.2,0,train,0.29367589950561523,0
AT5G42950,AT5G42950.1,1,test,0.9329341650009155,1
AT5G42990,AT5G42990.1,1,train,0.6751888990402222,1
AT5G43050,AT5G43050.1,0,train,0.33715593814849854,0
AT5G43140,AT5G43140.1,0,test,0.6079925298690796,1
AT5G43270,AT5G43270.1,0,train,0.39997386932373047,0
AT5G43280,AT5G43280.2,1,test,0.22017958760261536,0
AT5G43350,AT5G43350.1,0,test,0.5288877487182617,1
AT5G43370,AT5G43370.1,0,test,0.6227128505706787,1
AT5G43403,AT5G43403.1,0,train,0.12108483165502548,0
AT5G43580,AT5G43580.1,0,train,0.0889800488948822,0
AT5G43600,AT5G43600.1,1,train,0.8102595806121826,1
AT5G43620,AT5G43620.1,0,train,0.26217812299728394,0
AT5G43830,AT5G43830.1,1,test,0.6593436598777771,1
AT5G43850,AT5G43850.1,1,train,0.5389561057090759,1
AT5G43970,AT5G43970.1,1,train,0.46399086713790894,0
AT5G44070,AT5G44070.1,1,test,0.9186621308326721,1
AT5G44200,AT5G44200.2,1,train,0.806456983089447,1
AT5G44450,AT5G44450.2,1,train,0.6444622278213501,1
AT5G45070,AT5G45070.1,0,train,0.290273517370224,0
AT5G45340,AT5G45340.1,0,val,0.406696617603302,0
AT5G45775,AT5G45775.2,1,train,0.6976593732833862,1
AT5G46020,AT5G46020.1,1,test,0.5451762676239014,1
AT5G46110,AT5G46110.4,1,val,0.5994223952293396,1
AT5G46890,AT5G46890.1,0,val,0.15872640907764435,0
AT5G46960,AT5G46960.1,0,train,0.12758402526378632,0
AT5G47010,AT5G47010.1,1,train,0.9343430995941162,1
AT5G47190,AT5G47190.1,1,train,0.7293305397033691,1
AT5G47435,AT5G47435.2,1,train,0.761370837688446,1
AT5G47550,AT5G47550.1,0,train,0.17883363366127014,0
AT5G47590,AT5G47590.1,0,train,0.5924672484397888,1
AT5G47630,AT5G47630.2,1,train,0.7473007440567017,1
AT5G47650,AT5G47650.2,1,train,0.6312032341957092,1
AT5G47710,AT5G47710.1,1,train,0.8497609496116638,1
AT5G47770,AT5G47770.1,1,test,0.8521066904067993,1
AT5G47930,AT5G47930.1,1,train,0.5980597734451294,1
AT5G47960,AT5G47960.1,0,test,0.5230461359024048,1
AT5G47990,AT5G47990.1,0,train,0.6666511297225952,1
AT5G48020,AT5G48020.1,1,train,0.900910496711731,1
AT5G48220,AT5G48220.1,1,test,0.7829238176345825,1
AT5G48290,AT5G48290.3,0,val,0.5805948972702026,1
AT5G48370,AT5G48370.1,1,test,0.7809180021286011,1
AT5G48680,AT5G48680.1,1,test,0.8321598172187805,1
AT5G48870,AT5G48870.1,1,train,0.5265311002731323,1
AT5G48880,AT5G48880.2,1,train,0.8440511226654053,1
AT5G48930,AT5G48930.1,1,val,0.8406407833099365,1
AT5G49170,AT5G49170.1,0,train,0.28504762053489685,0
AT5G49210,AT5G49210.1,0,train,0.5047440528869629,1
AT5G49220,AT5G49220.1,1,val,0.7789493203163147,1
AT5G49510,AT5G49510.1,1,train,0.6749188899993896,1
AT5G50370,AT5G50370.1,0,test,0.6940311193466187,1
AT5G50460,AT5G50460.1,1,val,0.34023669362068176,0
AT5G50760,AT5G50760.1,0,train,0.1742214560508728,0
AT5G50810,AT5G50810.1,0,val,0.39618900418281555,0
AT5G50950,AT5G50950.1,1,train,0.7759327292442322,1
AT5G50950,AT5G50950.1,1,train,0.7759327292442322,1
AT5G50950,AT5G50950.1,1,train,0.7759327292442322,1
AT5G50950,AT5G50950.1,1,train,0.7759327292442322,1
AT5G51120,AT5G51120.2,1,train,0.6435211896896362,1
AT5G51190,AT5G51190.1,0,train,0.4486326277256012,0
AT5G51550,AT5G51550.1,1,train,0.4357928931713104,0
AT5G51580,AT5G51580.1,0,val,0.44225820899009705,0
AT5G51830,AT5G51830.1,1,train,0.7663838863372803,1
AT5G52020,AT5G52020.1,0,test,0.2256627231836319,0
AT5G52100,AT5G52100.1,1,val,0.767040491104126,1
AT5G52380,AT5G52380.1,1,train,0.6856743693351746,1
AT5G52440,AT5G52440.1,1,train,0.6534591317176819,1
AT5G52580,AT5G52580.2,1,train,0.8428906798362732,1
AT5G52650,AT5G52650.1,1,train,0.8096055388450623,1
AT5G52810,AT5G52810.1,1,train,0.8353081345558167,1
AT5G52820,AT5G52820.1,1,val,0.8273161053657532,1
AT5G53045,AT5G53045.1,0,train,0.2993432879447937,0
AT5G53120,AT5G53120.3,1,test,0.7059575319290161,1
AT5G53310,AT5G53310.1,1,train,0.6619755625724792,1
AT5G53330,AT5G53330.1,1,test,0.3733069896697998,0
AT5G53530,AT5G53530.1,1,train,0.6665155291557312,1
AT5G53580,AT5G53580.1,1,test,0.7375157475471497,1
AT5G53740,AT5G53740.1,0,train,0.1639038771390915,0
AT5G54095,AT5G54095.1,0,train,0.529513955116272,1
AT5G54110,AT5G54110.2,1,train,0.5512811541557312,1
AT5G54270,AT5G54270.1,1,train,0.7889412641525269,1
AT5G54300,AT5G54300.1,1,train,0.5628321766853333,1
AT5G54440,AT5G54440.1,1,train,0.9260101914405823,1
AT5G54490,AT5G54490.1,0,val,0.24542450904846191,0
AT5G54750,AT5G54750.2,1,train,0.7241045832633972,1
AT5G55110,AT5G55110.1,0,train,0.1578037440776825,0
AT5G55160,AT5G55160.2,1,train,0.5839456915855408,1
AT5G55370,AT5G55370.1,0,train,0.2074422538280487,0
AT5G55670,AT5G55670.1,1,val,0.8630024194717407,1
AT5G55730,AT5G55730.1,1,train,0.7273434996604919,1
AT5G56020,AT5G56020.1,1,val,0.5269487500190735,1
AT5G56140,AT5G56140.1,1,train,0.9065616726875305,1
AT5G56600,AT5G56600.1,1,train,0.1829236000776291,0
AT5G56900,AT5G56900.2,1,val,0.8676872849464417,1
AT5G57000,AT5G57000.1,0,train,0.49618226289749146,0
AT5G57015,AT5G57015.1,1,train,0.6917473673820496,1
AT5G57120,AT5G57120.1,0,train,0.3436262011528015,0
AT5G57300,AT5G57300.2,0,train,0.4478233754634857,0
AT5G57350,AT5G57350.1,1,train,0.861835777759552,1
AT5G57960,AT5G57960.2,1,train,0.8868352174758911,1
AT5G58005,AT5G58005.2,1,val,0.19219306111335754,0
AT5G58230,AT5G58230.1,0,train,0.6883416771888733,1
AT5G58240,AT5G58240.1,1,train,0.6042078733444214,1
AT5G58490,AT5G58490.1,1,train,0.7614209651947021,1
AT5G58710,AT5G58710.1,1,test,0.493378221988678,0
AT5G59210,AT5G59210.1,1,train,0.8047100305557251,1
AT5G59380,AT5G59380.1,0,train,0.4179483652114868,0
AT5G59470,AT5G59470.1,0,test,0.26146936416625977,0
AT5G59890,AT5G59890.1,1,val,0.598757266998291,1
AT5G60210,AT5G60210.5,1,train,0.8911874294281006,1
AT5G60590,AT5G60590.2,0,train,0.3552110195159912,0
AT5G60660,AT5G60660.1,0,train,0.2586076259613037,0
AT5G60840,AT5G60840.1,1,test,0.4415643513202667,0
AT5G60980,AT5G60980.3,1,train,0.8477234244346619,1
AT5G61030,AT5G61030.1,1,test,0.7760196328163147,1
AT5G61060,AT5G61060.2,1,train,0.9207121133804321,1
AT5G61220,AT5G61220.2,0,val,0.16134248673915863,0
AT5G61310,AT5G61310.2,0,val,0.4021555781364441,0
AT5G61455,AT5G61455.1,0,train,0.050078097730875015,0
AT5G61760,AT5G61760.2,1,train,0.6903749704360962,1
AT5G62560,AT5G62560.1,1,test,0.4689302146434784,0
AT5G62690,AT5G62690.1,1,train,0.9179113507270813,1
AT5G62930,AT5G62930.2,1,train,0.6194697618484497,1
AT5G63120,AT5G63120.4,1,train,0.8381475210189819,1
AT5G63130,AT5G63130.2,0,train,0.27471923828125,0
AT5G63180,AT5G63180.1,1,val,0.5393323302268982,1
AT5G63280,AT5G63280.1,0,train,0.29336613416671753,0
AT5G63480,AT5G63480.1,0,train,0.17783693969249725,0
AT5G63600,AT5G63600.2,0,train,0.3695518970489502,0
AT5G63620,AT5G63620.3,1,train,0.9125317931175232,1
AT5G63660,AT5G63660.1,0,val,0.08385489881038666,0
AT5G63670,AT5G63670.1,0,train,0.28075850009918213,0
AT5G63980,AT5G63980.1,1,train,0.5683519244194031,1
AT5G64140,AT5G64140.1,1,train,0.4219824969768524,0
AT5G64160,AT5G64160.1,1,train,0.5766893625259399,1
AT5G64220,AT5G64220.2,1,test,0.9456155896186829,1
AT5G64310,AT5G64310.1,0,test,0.13757091760635376,0
AT5G64350,AT5G64350.1,1,train,0.565282940864563,1
AT5G64370,AT5G64370.1,1,train,0.7537071704864502,1
AT5G64460,AT5G64460.8,1,train,0.8746626377105713,1
AT5G64460,AT5G64460.8,1,train,0.8746626377105713,1
AT5G64460,AT5G64460.8,1,train,0.8746626377105713,1
AT5G64460,AT5G64460.8,1,train,0.8746626377105713,1
AT5G64480,AT5G64480.2,1,train,0.5551978945732117,1
AT5G64570,AT5G64570.2,1,train,0.753267228603363,1
AT5G64610,AT5G64610.1,1,val,0.5662885308265686,1
AT5G64650,AT5G64650.1,0,test,0.41976797580718994,0
AT5G64680,AT5G64680.3,1,train,0.4855407476425171,0
AT5G64816,AT5G64816.3,0,train,0.38724392652511597,0
AT5G64940,AT5G64940.1,1,train,0.8814616799354553,1
AT5G65010,AT5G65010.2,1,train,0.9077149033546448,1
AT5G65207,AT5G65207.1,0,train,0.12130992114543915,0
AT5G65270,AT5G65270.1,1,test,0.40622448921203613,0
AT5G65430,AT5G65430.3,1,train,0.6321101188659668,1
AT5G65609,AT5G65609.1,0,train,0.06272200495004654,0
AT5G65780,AT5G65780.2,1,train,0.802653431892395,1
AT5G65770,AT5G65770.2,0,train,0.5274125933647156,1
AT5G66607,AT5G66607.1,0,train,0.06663455069065094,0
AT5G66930,AT5G66930.3,0,test,0.311262309551239,0
AT5G67380,AT5G67380.1,1,train,0.7945554256439209,1
AT5G67430,AT5G67430.1,0,val,0.4555797874927521,0
AT5G67490,AT5G67490.1,1,val,0.16803042590618134,0
AT5G67560,AT5G67560.1,1,train,0.7831015586853027,1
AT3G01050,AT3G01050.3,0,train,0.3478814363479614,0
AT3G01120,AT3G01120.1,1,train,0.8477104902267456,1
AT3G01180,AT3G01180.1,1,test,0.9338873028755188,1
AT3G01210,AT3G01210.1,0,val,0.5274316668510437,1
AT3G01290,AT3G01290.1,1,train,0.8389573097229004,1
AT3G01316,AT3G01316.1,0,train,0.048672717064619064,0
AT3G01340,AT3G01340.1,1,train,0.753128707408905,1
AT3G01440,AT3G01440.1,1,test,0.18043723702430725,0
AT3G01470,AT3G01470.1,0,val,0.45987746119499207,0
AT3G01590,AT3G01590.1,1,train,0.8482626676559448,1
AT3G01670,AT3G01670.2,1,train,0.8582956790924072,1
AT3G02190,AT3G02190.1,1,train,0.28659486770629883,0
AT3G02220,AT3G02220.1,1,train,0.7854029536247253,1
AT3G02480,AT3G02480.1,0,train,0.24790719151496887,0
AT3G02630,AT3G02630.1,1,train,0.8392242789268494,1
AT3G02660,AT3G02660.2,1,val,0.5216600298881531,1
AT3G02840,AT3G02840.1,0,train,0.16803672909736633,0
AT3G02860,AT3G02860.2,1,train,0.658492386341095,1
AT3G02875,AT3G02875.3,1,train,0.5830935835838318,1
AT3G03010,AT3G03010.2,0,train,0.4007340669631958,0
AT3G03180,AT3G03180.3,0,test,0.09369397908449173,0
AT3G03280,AT3G03280.1,0,test,0.11882378906011581,0
AT3G03640,AT3G03640.1,0,train,0.4693327248096466,0
AT3G03780,AT3G03780.3,1,test,0.9064152240753174,1
AT3G03830,AT3G03830.1,0,test,0.20312319695949554,0
AT3G04060,AT3G04060.1,0,train,0.23577377200126648,0
AT3G04760,AT3G04760.1,1,train,0.879654586315155,1
AT3G04770,AT3G04770.1,1,val,0.8246537446975708,1
AT3G04920,AT3G04920.2,1,train,0.5628066062927246,1
AT3G04940,AT3G04940.1,1,test,0.7986480593681335,1
AT3G05020,AT3G05020.1,1,test,0.6194069385528564,1
AT3G05060,AT3G05060.1,0,train,0.6306509971618652,1
AT3G05180,AT3G05180.1,1,test,0.30762019753456116,0
AT3G05270,AT3G05270.3,1,test,0.86525559425354,1
AT3G05520,AT3G05520.2,1,train,0.7219991683959961,1
AT3G05560,AT3G05560.3,1,train,0.7018236517906189,1
AT3G06110,AT3G06110.2,1,val,0.7640212774276733,1
AT3G06200,AT3G06200.1,1,train,0.7691580057144165,1
AT3G06410,AT3G06410.1,1,train,0.8647473454475403,1
AT3G06980,AT3G06980.1,1,train,0.868859589099884,1
AT3G07050,AT3G07050.1,1,train,0.9023085236549377,1
AT3G07090,AT3G07090.1,1,test,0.5063130259513855,1
AT3G07300,AT3G07300.3,1,train,0.8959007263183594,1
AT3G07390,AT3G07390.1,1,train,0.5281062126159668,1
AT3G07690,AT3G07690.1,1,train,0.7373848557472229,1
AT3G07720,AT3G07720.1,0,train,0.4819009602069855,0
AT3G07810,AT3G07810.2,1,train,0.8496183156967163,1
AT3G07950,AT3G07950.1,0,train,0.3735702633857727,0
AT3G08010,AT3G08010.1,1,val,0.3458714187145233,0
AT3G08030,AT3G08030.1,1,val,0.8332517743110657,1
AT3G08670,AT3G08670.1,1,train,0.9182057976722717,1
AT3G08780,AT3G08780.2,1,train,0.5897133350372314,1
AT3G09490,AT3G09490.1,0,train,0.37040120363235474,0
AT3G09500,AT3G09500.1,1,train,0.7869856953620911,1
AT3G09540,AT3G09540.1,0,val,0.6165875196456909,1
AT3G09925,AT3G09925.1,0,test,0.2681295573711395,0
AT3G09980,AT3G09980.1,1,train,0.4995768070220947,0
AT3G10070,AT3G10070.1,1,train,0.8801807165145874,1
AT3G10330,AT3G10330.1,1,test,0.7212508320808411,1
AT3G10340,AT3G10340.1,1,train,0.7186197638511658,1
AT3G10940,AT3G10940.1,1,train,0.7418946027755737,1
AT3G11200,AT3G11200.1,1,train,0.653588056564331,1
AT3G11270,AT3G11270.1,0,train,0.5116415023803711,1
AT3G11500,AT3G11500.2,1,train,0.4391406178474426,0
AT3G11510,AT3G11510.1,1,train,0.7448887228965759,1
AT3G11600,AT3G11600.1,0,train,0.32320427894592285,0
AT3G11930,AT3G11930.3,1,train,0.7242528200149536,1
AT3G11945,AT3G11945.2,1,train,0.7325384020805359,1
AT3G12250,AT3G12250.4,0,train,0.3027578592300415,0
AT3G12685,AT3G12685.1,1,train,0.4795563519001007,0
AT3G13060,AT3G13060.1,1,train,0.910938024520874,1
AT3G13275,AT3G13275.1,0,test,0.16230764985084534,0
AT3G13710,AT3G13710.1,0,train,0.2302825152873993,0
AT3G13800,AT3G13800.1,0,train,0.4689474105834961,0
AT3G13860,AT3G13860.1,1,train,0.8641287088394165,1
AT3G14010,AT3G14010.5,1,train,0.9515530467033386,1
AT3G14415,AT3G14415.2,1,val,0.8506778478622437,1
AT3G14680,AT3G14680.1,0,train,0.6680513620376587,1
AT3G14930,AT3G14930.2,1,train,0.9380960464477539,1
AT3G14940,AT3G14940.1,0,train,0.7000055313110352,1
AT3G14990,AT3G14990.1,1,test,0.7850800156593323,1
AT3G15090,AT3G15090.1,0,train,0.4320511221885681,0
AT3G15180,AT3G15180.2,1,train,0.830021321773529,1
AT3G15220,AT3G15220.1,1,val,0.9113450646400452,1
AT3G15260,AT3G15260.1,1,train,0.7980727553367615,1
AT3G15290,AT3G15290.1,1,train,0.7177413105964661,1
AT3G15500,AT3G15500.1,0,val,0.3750212788581848,0
AT3G15610,AT3G15610.1,1,train,0.7753586173057556,1
AT3G15660,AT3G15660.1,1,train,0.4563198983669281,0
AT3G15810,AT3G15810.1,1,train,0.585918128490448,1
AT3G16020,AT3G16020.1,0,train,0.0895613506436348,0
AT3G16190,AT3G16190.1,1,test,0.41278156638145447,0
AT3G16270,AT3G16270.2,1,train,0.9438823461532593,1
AT3G16470,AT3G16470.1,1,train,0.8736032843589783,1
AT3G16670,AT3G16670.1,0,train,0.21676984429359436,0
AT3G16750,AT3G16750.2,0,test,0.44548502564430237,0
AT3G16950,AT3G16950.2,1,train,0.9092879891395569,1
AT3G17520,AT3G17520.1,0,train,0.34418490529060364,0
AT3G17668,AT3G17668.1,0,train,0.19249257445335388,0
AT3G17790,AT3G17790.1,1,val,0.6738595366477966,1
AT3G17860,AT3G17860.1,0,train,0.42691367864608765,0
AT3G18190,AT3G18190.1,1,train,0.8471753001213074,1
AT3G18280,AT3G18280.2,1,test,0.09782421588897705,0
AT3G18500,AT3G18500.3,1,train,0.7561099529266357,1
AT3G18760,AT3G18760.1,0,test,0.41372430324554443,0
AT3G18870,AT3G18870.1,0,train,0.15923972427845,0
AT3G19220,AT3G19220.1,0,test,0.5376471281051636,1
AT3G19290,AT3G19290.3,1,train,0.8479931950569153,1
AT3G19330,AT3G19330.1,0,train,0.5824905037879944,1
AT3G19390,AT3G19390.1,0,test,0.8666709661483765,1
AT3G19660,AT3G19660.1,0,val,0.29480716586112976,0
AT3G19720,AT3G19720.1,1,train,0.8712965846061707,1
AT3G19770,AT3G19770.1,1,train,0.9351216554641724,1
AT3G19900,AT3G19900.2,1,train,0.5809383392333984,1
AT3G20362,AT3G20362.1,0,train,0.05367860943078995,0
AT3G20810,AT3G20810.5,1,train,0.8082077503204346,1
AT3G21090,AT3G21090.1,1,train,0.8022558689117432,1
AT3G21200,AT3G21200.1,1,test,0.4209910035133362,0
AT3G21230,AT3G21230.4,1,train,0.6584619283676147,1
AT3G21352,AT3G21352.1,0,val,0.0781288594007492,0
AT3G21720,AT3G21720.1,0,train,0.3829696476459503,0
AT3G21790,AT3G21790.1,0,train,0.26848652958869934,0
AT3G22231,AT3G22231.1,1,test,0.12377943843603134,0
AT3G22270,AT3G22270.1,1,train,0.9383454918861389,1
AT3G22330,AT3G22330.1,1,test,0.8001708388328552,1
AT3G22570,AT3G22570.1,0,train,0.3064417839050293,0
AT3G22660,AT3G22660.1,1,train,0.4981951415538788,0
AT3G22890,AT3G22890.1,1,train,0.7583515048027039,1
AT3G23440,AT3G23440.1,0,train,0.14667899906635284,0
AT3G23540,AT3G23540.1,1,train,0.8722153902053833,1
AT3G23570,AT3G23570.2,1,test,0.7015084028244019,1
AT3G23640,AT3G23640.3,1,train,0.8794882297515869,1
AT3G23760,AT3G23760.1,0,train,0.2683565318584442,0
AT3G23890,AT3G23890.1,1,val,0.932923436164856,1
AT3G24010,AT3G24010.1,0,val,0.5564167499542236,1
AT3G24030,AT3G24030.1,0,val,0.21553942561149597,0
AT3G24100,AT3G24100.1,1,test,0.4295785427093506,0
AT3G24820,AT3G24820.1,0,val,0.6649187207221985,1
AT3G25110,AT3G25110.1,1,val,0.8869515061378479,1
AT3G25580,AT3G25580.1,1,train,0.7118148803710938,1
AT3G25700,AT3G25700.1,1,train,0.645847499370575,1
AT3G25760,AT3G25760.1,1,train,0.5819149613380432,1
AT3G25930,AT3G25930.1,0,train,0.25785496830940247,0
AT3G26400,AT3G26400.1,1,train,0.8345885276794434,1
AT3G26420,AT3G26420.1,1,train,0.8596705198287964,1
AT3G26600,AT3G26600.1,1,train,0.7442248463630676,1
AT3G26618,AT3G26618.1,1,train,0.8395300507545471,1
AT3G26740,AT3G26740.1,1,train,0.29786601662635803,0
AT3G27027,AT3G27027.1,0,val,0.1497645378112793,0
AT3G27270,AT3G27270.2,0,train,0.23917943239212036,0
AT3G27310,AT3G27310.1,1,test,0.649116039276123,1
AT3G27460,AT3G27460.4,0,train,0.3210853934288025,0
AT3G28370,AT3G28370.5,0,train,0.2114700824022293,0
AT3G28550,AT3G28550.1,0,test,0.7878029942512512,1
AT3G28860,AT3G28860.1,1,train,0.8944125771522522,1
AT3G28920,AT3G28920.1,1,train,0.5747199058532715,1
AT3G29633,AT3G29633.1,0,train,0.15954990684986115,0
AT3G32930,AT3G32930.1,1,train,0.818503737449646,1
AT3G42170,AT3G42170.1,1,train,0.9122715592384338,1
AT3G42790,AT3G42790.1,1,train,0.7507469654083252,1
AT3G43240,AT3G43240.1,1,val,0.7575350999832153,1
AT3G43270,AT3G43270.1,1,val,0.7372047901153564,1
AT3G43850,AT3G43850.1,0,train,0.28364652395248413,0
AT3G43960,AT3G43960.1,0,test,0.35613948106765747,0
AT3G44260,AT3G44260.1,0,test,0.37089481949806213,0
AT3G44320,AT3G44320.1,0,train,0.4279511570930481,0
AT3G44326,AT3G44326.1,0,train,0.16545554995536804,0
AT3G44370,AT3G44370.1,0,val,0.511540949344635,1
AT3G44620,AT3G44620.2,1,test,0.6719281673431396,1
AT3G44680,AT3G44680.1,0,train,0.32199886441230774,0
AT3G44720,AT3G44720.1,1,train,0.792068362236023,1
AT3G45020,AT3G45020.2,0,test,0.21564529836177826,0
AT3G45640,AT3G45640.1,1,test,0.7785585522651672,1
AT3G46040,AT3G46040.1,1,test,0.5435975790023804,1
AT3G46090,AT3G46090.1,0,train,0.38233986496925354,0
AT3G46100,AT3G46100.1,1,train,0.8211915493011475,1
AT3G46510,AT3G46510.1,1,train,0.6821241974830627,1
AT3G46540,AT3G46540.1,1,val,0.6520174145698547,1
AT3G46560,AT3G46560.1,0,train,0.3028453290462494,0
AT3G46870,AT3G46870.2,0,test,0.5797215700149536,1
AT3G47120,AT3G47120.1,0,train,0.3799763321876526,0
AT3G47347,AT3G47347.1,0,train,0.061341769993305206,0
AT3G47620,AT3G47620.1,1,train,0.7977356910705566,1
AT3G47675,AT3G47675.1,0,train,0.1187218427658081,0
AT3G47820,AT3G47820.1,1,test,0.6653861403465271,1
AT3G47836,AT3G47836.1,0,train,0.09811946004629135,0
AT3G47980,AT3G47980.1,0,train,0.20281283557415009,0
AT3G48030,AT3G48030.1,0,train,0.22926433384418488,0
AT3G48115,AT3G48115.2,0,train,0.06291015446186066,0
AT3G48330,AT3G48330.4,1,train,0.6856008768081665,1
AT3G48520,AT3G48520.1,0,test,0.6042686700820923,1
AT3G48720,AT3G48720.1,1,val,0.6777359247207642,1
AT3G48930,AT3G48930.1,1,val,0.7215821743011475,1
AT3G49100,AT3G49100.2,1,val,0.3619813024997711,0
AT3G49550,AT3G49550.1,0,train,0.3716004490852356,0
AT3G49850,AT3G49850.2,0,train,0.5284112095832825,1
AT3G49910,AT3G49910.1,1,train,0.5898138880729675,1
AT3G49990,AT3G49990.1,1,train,0.8437926173210144,1
AT3G50440,AT3G50440.1,1,train,0.5057801008224487,1
AT3G50825,AT3G50825.1,0,train,0.07995899766683578,0
AT3G50920,AT3G50920.1,0,test,0.25394201278686523,0
AT3G50930,AT3G50930.1,1,train,0.7459508776664734,1
AT3G50970,AT3G50970.1,1,train,0.40895146131515503,0
AT3G51420,AT3G51420.1,1,train,0.7006625533103943,1
AT3G51660,AT3G51660.1,1,train,0.2993279695510864,0
AT3G51860,AT3G51860.2,0,train,0.4441251754760742,0
AT3G51970,AT3G51970.1,0,train,0.2774977684020996,0
AT3G52040,AT3G52040.1,1,val,0.38309401273727417,0
AT3G52072,AT3G52072.2,0,train,0.3271227777004242,0
AT3G52070,AT3G52070.1,0,train,0.2227412611246109,0
AT3G52100,AT3G52100.1,1,test,0.594715416431427,1
AT3G52130,AT3G52130.1,0,train,0.2182411402463913,0
AT3G52190,AT3G52190.1,0,train,0.39470070600509644,0
AT3G52430,AT3G52430.1,1,test,0.7878615856170654,1
AT3G52500,AT3G52500.1,1,train,0.7373768091201782,1
AT3G52561,AT3G52561.1,0,test,0.2411450892686844,0
AT3G52565,AT3G52565.1,0,train,0.040797293186187744,0
AT3G52580,AT3G52580.1,1,train,0.6284928321838379,1
AT3G52590,AT3G52590.1,1,test,0.3352501094341278,0
AT3G52720,AT3G52720.4,1,train,0.6024332046508789,1
AT3G52920,AT3G52920.1,1,train,0.6751765608787537,1
AT3G53020,AT3G53020.1,1,train,0.7110275030136108,1
AT3G53040,AT3G53040.1,0,val,0.4122077226638794,0
AT3G53120,AT3G53120.1,1,train,0.6075901985168457,1
AT3G53220,AT3G53220.1,0,train,0.35567930340766907,0
AT3G53480,AT3G53480.1,0,val,0.8812033534049988,1
AT3G53490,AT3G53490.1,0,train,0.4024631083011627,0
AT3G53560,AT3G53560.2,1,train,0.6818214058876038,1
AT3G54230,AT3G54230.2,1,train,0.9185544848442078,1
AT3G54230,AT3G54230.2,1,train,0.9185544848442078,1
AT3G54230,AT3G54230.2,1,train,0.9185544848442078,1
AT3G54230,AT3G54230.2,1,train,0.9185544848442078,1
AT3G54400,AT3G54400.1,1,train,0.7535095810890198,1
AT3G54470,AT3G54470.1,1,train,0.8603280782699585,1
AT3G54540,AT3G54540.1,1,test,0.840916097164154,1
AT3G54560,AT3G54560.1,1,val,0.734007716178894,1
AT3G54580,AT3G54580.1,0,test,0.7185118794441223,1
AT3G54590,AT3G54590.3,0,test,0.22762903571128845,0
AT3G54600,AT3G54600.1,1,train,0.7656561136245728,1
AT3G54900,AT3G54900.1,1,train,0.8216750025749207,1
AT3G54940,AT3G54940.2,0,test,0.30011436343193054,0
AT3G55005,AT3G55005.1,1,train,0.7979130148887634,1
AT3G55010,AT3G55010.2,1,train,0.730276346206665,1
AT3G55120,AT3G55120.1,0,val,0.32683542370796204,0
AT3G55250,AT3G55250.1,1,train,0.5696253180503845,1
AT3G55280,AT3G55280.1,1,test,0.2751874327659607,0
AT3G55330,AT3G55330.1,1,train,0.6943923830986023,1
AT3G55485,AT3G55485.1,0,train,0.0497928149998188,0
AT3G55610,AT3G55610.1,1,train,0.9409862160682678,1
AT3G55970,AT3G55970.1,1,train,0.4924112558364868,0
AT3G56020,AT3G56020.1,0,train,0.2551095187664032,0
AT3G56070,AT3G56070.1,0,test,0.7276352643966675,1
AT3G56210,AT3G56210.5,0,train,0.2624911963939667,0
AT3G56240,AT3G56240.1,1,train,0.44412922859191895,0
AT3G56460,AT3G56460.1,1,train,0.8076837062835693,1
AT3G56490,AT3G56490.1,0,val,0.5842980146408081,1
AT3G56740,AT3G56740.1,0,train,0.324324369430542,0
AT3G56820,AT3G56820.1,0,test,0.5502216815948486,1
AT3G57050,AT3G57050.1,1,train,0.899852991104126,1
AT3G57090,AT3G57090.2,0,train,0.5435305237770081,1
AT3G57870,AT3G57870.1,1,train,0.6356410384178162,1
AT3G58000,AT3G58000.1,0,train,0.15866664052009583,0
AT3G58193,AT3G58193.1,0,train,0.04258345812559128,0
AT3G58600,AT3G58600.1,1,val,0.786365270614624,1
AT3G58720,AT3G58720.3,0,train,0.2535390555858612,0
AT3G58990,AT3G58990.1,1,train,0.6993227005004883,1
AT3G59068,AT3G59068.1,0,train,0.08997885882854462,0
AT3G59340,AT3G59340.2,0,val,0.447124719619751,0
AT3G59400,AT3G59400.1,1,train,0.7641571164131165,1
AT3G59540,AT3G59540.1,1,test,0.41556572914123535,0
AT3G59600,AT3G59600.1,1,train,0.5184229016304016,1
AT3G59840,AT3G59840.1,1,train,0.44266900420188904,0
AT3G59870,AT3G59870.1,1,train,0.615625262260437,1
AT3G60210,AT3G60210.1,1,train,0.7387287616729736,1
AT3G60250,AT3G60250.1,1,val,0.7805737853050232,1
AT3G60370,AT3G60370.2,1,train,0.6749658584594727,1
AT3G60450,AT3G60450.2,1,train,0.6331923604011536,1
AT3G60910,AT3G60910.1,1,train,0.7676714062690735,1
AT3G61140,AT3G61140.1,1,val,0.7129417657852173,1
AT3G61190,AT3G61190.2,0,train,0.30371490120887756,0
AT3G61370,AT3G61370.2,1,train,0.46059152483940125,0
AT3G61710,AT3G61710.1,1,test,0.9065560698509216,1
AT3G61930,AT3G61930.1,0,train,0.18656282126903534,0
AT3G61962,AT3G61962.1,0,train,0.08312291651964188,0
AT3G62250,AT3G62250.1,1,test,0.37600454688072205,0
AT3G62260,AT3G62260.2,0,train,0.47947198152542114,0
AT3G62270,AT3G62270.1,0,train,0.5150919556617737,1
AT3G62310,AT3G62310.2,1,train,0.8929479718208313,1
AT3G62410,AT3G62410.1,1,train,0.6129138469696045,1
AT3G62650,AT3G62650.2,1,test,0.1385274976491928,0
AT3G62680,AT3G62680.1,0,train,0.23046016693115234,0
AT3G62810,AT3G62810.1,0,train,0.28115230798721313,0
AT3G62820,AT3G62820.1,1,test,0.5300161242485046,1
AT3G62920,AT3G62920.1,0,train,0.21472138166427612,0
AT3G63052,AT3G63052.1,0,train,0.1249580830335617,0
AT3G63080,AT3G63080.1,1,train,0.6817674040794373,1
AT3G63130,AT3G63130.1,1,train,0.8974418640136719,1
AT3G63170,AT3G63170.1,1,test,0.4987660050392151,0
AT3G63250,AT3G63250.1,1,train,0.8953110575675964,1
AT2G01300,AT2G01300.1,0,train,0.08719152212142944,0
AT2G01400,AT2G01400.1,0,train,0.19749560952186584,0
AT2G01430,AT2G01430.1,0,train,0.23774836957454681,0
AT2G01530,AT2G01530.1,0,test,0.29603874683380127,0
AT2G01640,AT2G01640.1,0,train,0.2975265383720398,0
AT2G01650,AT2G01650.2,1,test,0.6812775731086731,1
AT2G01870,AT2G01870.1,1,train,0.4636891186237335,0
AT2G02570,AT2G02570.2,1,train,0.7640975117683411,1
AT2G02990,AT2G02990.1,0,train,0.23477861285209656,0
AT2G03020,AT2G03020.1,0,train,0.45566046237945557,0
AT2G03070,AT2G03070.1,1,train,0.9202770590782166,1
AT2G03440,AT2G03440.1,1,val,0.5525411367416382,1
AT2G03510,AT2G03510.1,1,train,0.7214901447296143,1
AT2G03810,AT2G03810.4,0,train,0.5591266751289368,1
AT2G03870,AT2G03870.2,1,train,0.6832661628723145,1
AT2G04039,AT2G04039.2,1,train,0.41410550475120544,0
AT2G04050,AT2G04050.1,0,train,0.45026037096977234,0
AT2G04550,AT2G04550.1,0,train,0.400522917509079,0
AT2G04690,AT2G04690.5,1,val,0.26493752002716064,0
AT2G04700,AT2G04700.1,1,train,0.5920127630233765,1
AT2G04880,AT2G04880.1,1,train,0.8956950902938843,1
AT2G05070,AT2G05070.1,1,train,0.673382043838501,1
AT2G05100,AT2G05100.2,1,train,0.514736533164978,1
AT2G05765,AT2G05765.1,0,train,0.049899011850357056,0
AT2G05812,AT2G05812.2,0,train,0.13237273693084717,0
AT2G05830,AT2G05830.1,1,train,0.9138669967651367,1
AT2G05990,AT2G05990.1,1,train,0.9163120985031128,1
AT2G06050,AT2G06050.1,1,train,0.5227822661399841,1
AT2G06210,AT2G06210.1,1,train,0.40658435225486755,0
AT2G06255,AT2G06255.1,0,train,0.1927402764558792,0
AT2G06530,AT2G06530.1,0,val,0.4944116771221161,0
AT2G07180,AT2G07180.1,1,test,0.9286434650421143,1
AT2G07771,AT2G07771.2,0,test,0.13591405749320984,0
AT2G07773,AT2G07773.1,0,test,0.36862537264823914,0
AT2G07776,AT2G07776.2,0,train,0.06570898741483688,0
AT2G07749,AT2G07749.1,0,train,0.3253595530986786,0
AT2G07777,AT2G07777.1,0,train,0.13387715816497803,0
AT2G07671,AT2G07671.1,0,train,0.11733917891979218,0
AT2G07779,AT2G07779.1,0,train,0.10673202574253082,0
AT2G07743,AT2G07743.1,0,train,0.037398405373096466,0
AT2G07672,AT2G07672.1,0,train,0.2011856883764267,0
AT2G07684,AT2G07684.1,0,test,0.04343997687101364,0
AT2G07673,AT2G07673.1,0,train,0.13050130009651184,0
AT2G07674,AT2G07674.2,0,val,0.09588538110256195,0
AT2G07751,AT2G07751.1,0,train,0.07422599196434021,0
AT2G07675,AT2G07675.1,0,train,0.0640922263264656,0
AT2G07676,AT2G07676.1,0,val,0.08705820143222809,0
AT2G07768,AT2G07768.1,0,val,0.06494633108377457,0
AT2G07746,AT2G07746.1,0,train,0.03565991297364235,0
AT2G07748,AT2G07748.1,0,train,0.03601692244410515,0
AT2G07669,AT2G07669.1,0,train,0.15124836564064026,0
AT2G07681,AT2G07681.1,0,test,0.2060341089963913,0
AT2G07772,AT2G07772.1,0,train,0.12019500881433487,0
AT2G07753,AT2G07753.1,0,train,0.06412496417760849,0
AT2G07774,AT2G07774.1,0,test,0.24256856739521027,0
AT2G07687,AT2G07687.1,0,test,0.20316122472286224,0
AT2G07755,AT2G07755.1,0,train,0.0353086031973362,0
AT2G07792,AT2G07792.1,0,train,0.031035041436553,0
AT2G07689,AT2G07689.1,0,train,0.05994589626789093,0
AT2G07691,AT2G07691.1,0,train,0.10436661541461945,0
AT2G07692,AT2G07692.1,0,train,0.22697973251342773,0
AT2G07695,AT2G07695.1,0,train,0.17570549249649048,0
AT2G07785,AT2G07785.1,0,train,0.07903154194355011,0
AT2G07599,AT2G07599.2,0,test,0.2676539123058319,0
AT2G07696,AT2G07696.1,0,train,0.18491262197494507,0
AT2G07798,AT2G07798.1,0,train,0.15465810894966125,0
AT2G07698,AT2G07698.1,0,train,0.22895309329032898,0
AT2G07667,AT2G07667.1,0,train,0.12784336507320404,0
AT2G07793,AT2G07793.1,0,train,0.03331246227025986,0
AT2G07701,AT2G07701.1,0,test,0.056942105293273926,0
AT2G07702,AT2G07702.1,0,val,0.2566261887550354,0
AT2G07705,AT2G07705.1,0,train,0.05280405282974243,0
AT2G07706,AT2G07706.1,0,train,0.17672090232372284,0
AT2G07794,AT2G07794.1,0,train,0.031968869268894196,0
AT2G07707,AT2G07707.1,0,train,0.07488492131233215,0
AT2G07708,AT2G07708.1,0,train,0.10726932436227798,0
AT2G07713,AT2G07713.1,0,val,0.05456478148698807,0
AT2G07714,AT2G07714.1,0,test,0.17090854048728943,0
AT2G07715,AT2G07715.1,0,val,0.19936634600162506,0
AT2G07718,AT2G07718.1,0,train,0.18899935483932495,0
AT2G07719,AT2G07719.1,0,train,0.09138103574514389,0
AT2G07721,AT2G07721.1,0,train,0.12538348138332367,0
AT2G07722,AT2G07722.1,0,train,0.0678914412856102,0
AT2G07815,AT2G07815.1,0,train,0.08954809606075287,0
AT2G07756,AT2G07756.1,0,train,0.0313488207757473,0
AT2G07724,AT2G07724.1,0,train,0.16190668940544128,0
AT2G07725,AT2G07725.1,0,train,0.20742715895175934,0
AT2G07727,AT2G07727.1,0,train,0.38710924983024597,0
AT2G07757,AT2G07757.1,0,train,0.030628742650151253,0
AT2G07728,AT2G07728.1,0,train,0.13182854652404785,0
AT2G07732,AT2G07732.1,0,train,0.16763651371002197,0
AT2G07734,AT2G07734.1,0,train,0.1888521909713745,0
AT2G07825,AT2G07825.1,0,train,0.15123525261878967,0
AT2G07827,AT2G07827.2,0,train,0.05937569588422775,0
AT2G07830,AT2G07830.1,0,val,0.08505914360284805,0
AT2G07787,AT2G07787.1,0,train,0.19584614038467407,0
AT2G07806,AT2G07806.2,0,train,0.15345214307308197,0
AT2G07738,AT2G07738.1,0,train,0.07787854969501495,0
AT2G07795,AT2G07795.1,0,train,0.07977709174156189,0
AT2G07759,AT2G07759.1,0,train,0.04827563464641571,0
AT2G07761,AT2G07761.1,0,train,0.06412496417760849,0
AT2G07763,AT2G07763.1,0,train,0.043771762400865555,0
AT2G07739,AT2G07739.1,0,val,0.17300331592559814,0
AT2G07764,AT2G07764.1,0,train,0.03424982354044914,0
AT2G07765,AT2G07765.1,0,train,0.0393499992787838,0
AT2G07835,AT2G07835.1,0,train,0.08363990485668182,0
AT2G07741,AT2G07741.1,0,test,0.1616993397474289,0
AT2G07766,AT2G07766.1,0,train,0.03331246227025986,0
AT2G11271,AT2G11271.1,0,train,0.07539495080709457,0
AT2G11778,AT2G11778.1,0,train,0.05159424617886543,0
AT2G12461,AT2G12461.1,0,train,0.04917001351714134,0
AT2G12905,AT2G12905.1,0,train,0.06625457853078842,0
AT2G13540,AT2G13540.1,1,test,0.8737443685531616,1
AT2G14750,AT2G14750.1,1,val,0.42610153555870056,0
AT2G16586,AT2G16586.1,0,val,0.16151152551174164,0
AT2G16790,AT2G16790.3,0,train,0.17467741668224335,0
AT2G17700,AT2G17700.1,1,train,0.8421698808670044,1
AT2G17790,AT2G17790.1,1,val,0.8666561841964722,1
AT2G17870,AT2G17870.1,1,test,0.4851844310760498,0
AT2G18050,AT2G18050.1,0,val,0.3769572675228119,0
AT2G18245,AT2G18245.1,0,train,0.5987704992294312,1
AT2G18410,AT2G18410.2,1,val,0.7372485995292664,1
AT2G18890,AT2G18890.1,0,test,0.4886668622493744,0
AT2G18969,AT2G18969.1,0,test,0.25026652216911316,0
AT2G18980,AT2G18980.1,0,val,0.3384647071361542,0
AT2G19060,AT2G19060.1,0,test,0.42213910818099976,0
AT2G19350,AT2G19350.1,0,test,0.12895642220973969,0
AT2G19385,AT2G19385.1,1,val,0.7608779072761536,1
AT2G19520,AT2G19520.1,1,train,0.9089090824127197,1
AT2G19572,AT2G19572.1,0,train,0.13605298101902008,0
AT2G20340,AT2G20340.1,1,train,0.7561153173446655,1
AT2G20450,AT2G20450.1,1,train,0.5117559432983398,1
AT2G20495,AT2G20495.3,0,train,0.24378322064876556,0
AT2G20550,AT2G20550.2,1,val,0.6617966294288635,1
AT2G20610,AT2G20610.1,1,train,0.8135578632354736,1
AT2G20690,AT2G20690.1,1,train,0.6635968089103699,1
AT2G20750,AT2G20750.2,1,train,0.6189035773277283,1
AT2G21060,AT2G21060.1,1,test,0.35366785526275635,0
AT2G21188,AT2G21188.1,0,train,0.04212917387485504,0
AT2G21270,AT2G21270.3,1,train,0.8901284337043762,1
AT2G21280,AT2G21280.2,1,test,0.7763609290122986,1
AT2G21860,AT2G21860.1,1,train,0.8282582759857178,1
AT2G22475,AT2G22475.1,1,train,0.8451427221298218,1
AT2G22480,AT2G22480.1,1,train,0.7037291526794434,1
AT2G22790,AT2G22790.1,0,val,0.13274815678596497,0
AT2G23360,AT2G23360.1,1,test,0.8885092735290527,1
AT2G23600,AT2G23600.2,1,train,0.7999768257141113,1
AT2G23610,AT2G23610.1,1,train,0.5276287794113159,1
AT2G23670,AT2G23670.1,0,train,0.18060095608234406,0
AT2G23930,AT2G23930.1,0,train,0.24068832397460938,0
AT2G23970,AT2G23970.1,0,train,0.22482192516326904,0
AT2G24395,AT2G24395.1,0,train,0.2873069643974304,0
AT2G24592,AT2G24592.1,0,train,0.046609245240688324,0
AT2G24860,AT2G24860.1,0,train,0.3471983075141907,0
AT2G25210,AT2G25210.1,0,train,0.1631048023700714,0
AT2G25670,AT2G25670.2,1,train,0.8542807102203369,1
AT2G26060,AT2G26060.1,1,train,0.8763142228126526,1
AT2G26080,AT2G26080.1,1,val,0.7058948278427124,1
AT2G26110,AT2G26110.1,1,train,0.8397602438926697,1
AT2G26210,AT2G26210.4,1,train,0.5594450831413269,1
AT2G26340,AT2G26340.2,1,train,0.4387681484222412,0
AT2G26430,AT2G26430.3,1,train,0.8945451378822327,1
AT2G26460,AT2G26460.1,1,train,0.8499454259872437,1
AT2G26990,AT2G26990.1,1,val,0.79461669921875,1
AT2G27040,AT2G27040.1,1,train,0.8915889263153076,1
AT2G27285,AT2G27285.1,1,val,0.6404588222503662,1
AT2G27389,AT2G27389.1,0,train,0.1285407841205597,0
AT2G27930,AT2G27930.5,0,train,0.2505929470062256,0
AT2G27960,AT2G27960.1,1,train,0.2931933104991913,0
AT2G28290,AT2G28290.5,1,test,0.8361415266990662,1
AT2G28390,AT2G28390.1,1,test,0.8605326414108276,1
AT2G28430,AT2G28430.1,1,train,0.5228586792945862,1
AT2G28510,AT2G28510.1,0,val,0.19035686552524567,0
AT2G28950,AT2G28950.1,1,train,0.7725204229354858,1
AT2G29200,AT2G29200.1,1,val,0.9360905885696411,1
AT2G29320,AT2G29320.2,1,val,0.45162346959114075,0
AT2G29540,AT2G29540.3,0,train,0.2238602340221405,0
AT2G29560,AT2G29560.1,1,train,0.8989824056625366,1
AT2G29700,AT2G29700.1,1,train,0.6381761431694031,1
AT2G29995,AT2G29995.1,0,train,0.124077208340168,0
AT2G30020,AT2G30020.1,0,train,0.5574633479118347,1
AT2G30050,AT2G30050.1,1,train,0.8147371411323547,1
AT2G30150,AT2G30150.2,1,train,0.7890915274620056,1
AT2G30390,AT2G30390.2,1,val,0.8497952818870544,1
AT2G30410,AT2G30410.1,1,train,0.6171067357063293,1
AT2G30620,AT2G30620.1,1,train,0.8182545304298401,1
AT2G30695,AT2G30695.2,0,train,0.35634979605674744,0
AT2G30860,AT2G30860.1,1,train,0.8387067914009094,1
AT2G31040,AT2G31040.1,1,train,0.8784692883491516,1
AT2G31380,AT2G31380.1,0,train,0.39178743958473206,0
AT2G31610,AT2G31610.1,1,train,0.8140504956245422,1
AT2G31710,AT2G31710.1,0,train,0.2678861916065216,0
AT2G31725,AT2G31725.1,1,train,0.6320187449455261,1
AT2G31730,AT2G31730.1,0,test,0.48822006583213806,0
AT2G31790,AT2G31790.1,1,train,0.8229894638061523,1
AT2G32060,AT2G32060.2,1,test,0.6862322688102722,1
AT2G32200,AT2G32200.2,0,train,0.06248920038342476,0
AT2G32240,AT2G32240.1,1,train,0.8491419553756714,1
AT2G32460,AT2G32460.1,0,val,0.8729932904243469,1
AT2G32500,AT2G32500.1,1,val,0.7321851849555969,1
AT2G32520,AT2G32520.2,1,train,0.8695717453956604,1
AT2G32650,AT2G32650.2,0,train,0.35255223512649536,0
AT2G32700,AT2G32700.7,1,val,0.932805597782135,1
AT2G32810,AT2G32810.1,1,test,0.9141093492507935,1
AT2G32840,AT2G32840.1,0,val,0.6195911169052124,1
AT2G33120,AT2G33120.2,1,val,0.5354607701301575,1
AT2G33250,AT2G33250.1,0,train,0.21001310646533966,0
AT2G33255,AT2G33255.1,1,train,0.7839612364768982,1
AT2G33380,AT2G33380.1,1,train,0.5772042870521545,1
AT2G33410,AT2G33410.1,1,train,0.8080611228942871,1
AT2G33480,AT2G33480.1,0,train,0.1538020521402359,0
AT2G33800,AT2G33800.1,1,train,0.8052365183830261,1
AT2G33830,AT2G33830.2,1,train,0.4173027276992798,0
AT2G34070,AT2G34070.1,1,train,0.7911637425422668,1
AT2G34460,AT2G34460.1,1,train,0.8171730041503906,1
AT2G34470,AT2G34470.2,1,train,0.8002849817276001,1
AT2G34480,AT2G34480.2,1,train,0.8558792471885681,1
AT2G34600,AT2G34600.1,0,test,0.16467875242233276,0
AT2G34620,AT2G34620.1,0,val,0.6976337432861328,1
AT2G35230,AT2G35230.1,1,test,0.7256290912628174,1
AT2G35240,AT2G35240.1,1,train,0.6326705813407898,1
AT2G35290,AT2G35290.1,0,train,0.39387884736061096,0
AT2G35300,AT2G35300.1,0,train,0.13194622099399567,0
AT2G35370,AT2G35370.1,1,train,0.6322861909866333,1
AT2G35390,AT2G35390.4,1,train,0.8660746812820435,1
AT2G35530,AT2G35530.1,1,train,0.9222018122673035,1
AT2G35605,AT2G35605.1,1,train,0.6064679622650146,1
AT2G35690,AT2G35690.1,1,val,0.8743909597396851,1
AT2G35750,AT2G35750.1,0,test,0.06145016476511955,0
AT2G35810,AT2G35810.1,1,train,0.767523467540741,1
AT2G35820,AT2G35820.2,1,train,0.47190776467323303,0
AT2G35859,AT2G35859.1,0,train,0.22859100997447968,0
AT2G35860,AT2G35860.1,1,train,0.7183365225791931,1
AT2G35940,AT2G35940.3,1,test,0.7993271350860596,1
AT2G36230,AT2G36230.1,1,val,0.7262585759162903,1
AT2G36480,AT2G36480.1,1,train,0.9426822662353516,1
AT2G36870,AT2G36870.1,1,train,0.5260477662086487,1
AT2G36880,AT2G36880.1,1,train,0.9051722884178162,1
AT2G36885,AT2G36885.1,0,val,0.39419132471084595,0
AT2G36895,AT2G36895.3,0,train,0.383943647146225,0
AT2G37030,AT2G37030.1,0,train,0.2785453200340271,0
AT2G37040,AT2G37040.1,1,train,0.825756311416626,1
AT2G37080,AT2G37080.2,1,test,0.8518560528755188,1
AT2G37130,AT2G37130.1,0,train,0.4042138159275055,0
AT2G37240,AT2G37240.1,0,val,0.3985767066478729,0
AT2G37330,AT2G37330.1,0,val,0.24879543483257294,0
AT2G37470,AT2G37470.1,1,train,0.5773477554321289,1
AT2G37540,AT2G37540.1,1,test,0.6062911748886108,1
AT2G37680,AT2G37680.2,1,train,0.6947891712188721,1
AT2G37750,AT2G37750.1,0,train,0.1230337992310524,0
AT2G38025,AT2G38025.1,0,train,0.3609808087348938,0
AT2G38410,AT2G38410.1,1,train,0.9363515973091125,1
AT2G38465,AT2G38465.1,0,train,0.12277107685804367,0
AT2G38860,AT2G38860.2,1,train,0.910620927810669,1
AT2G39050,AT2G39050.1,0,train,0.5181068181991577,1
AT2G39080,AT2G39080.1,1,val,0.8013108968734741,1
AT2G39650,AT2G39650.1,0,train,0.3395756483078003,0
AT2G39700,AT2G39700.1,1,train,0.7588937878608704,1
AT2G39940,AT2G39940.1,1,train,0.8480571508407593,1
AT2G40140,AT2G40140.1,1,train,0.945172131061554,1
AT2G40270,AT2G40270.1,0,train,0.3850060701370239,0
AT2G40430,AT2G40430.2,1,train,0.8365312218666077,1
AT2G40630,AT2G40630.3,1,test,0.8917645812034607,1
AT2G40805,at2g40805,0,train,0.05439227446913719,0
AT2G40880,AT2G40880.1,1,train,0.5027219653129578,1
AT2G41020,AT2G41020.2,1,train,0.8525857925415039,1
AT2G41090,AT2G41090.1,1,train,0.6448187232017517,1
AT2G41100,AT2G41100.1,1,train,0.6299523711204529,1
AT2G41380,AT2G41380.1,1,val,0.4413462281227112,0
AT2G41430,AT2G41430.4,1,train,0.6368260979652405,1
AT2G41680,AT2G41680.1,1,train,0.802274763584137,1
AT2G41760,AT2G41760.1,0,val,0.6132858395576477,1
AT2G41780,AT2G41780.1,0,train,0.20898272097110748,0
AT2G41850,AT2G41850.1,0,train,0.38165751099586487,0
AT2G41870,AT2G41870.1,1,test,0.6644909977912903,1
AT2G41900,AT2G41900.1,1,train,0.9094154238700867,1
AT2G41990,AT2G41990.1,0,test,0.7889530658721924,1
AT2G42220,AT2G42220.1,1,train,0.5713472366333008,1
AT2G42390,AT2G42390.1,0,train,0.317732572555542,0
AT2G42690,AT2G42690.1,1,train,0.5723130106925964,1
AT2G42780,AT2G42780.1,0,train,0.5556164383888245,1
AT2G42790,AT2G42790.1,1,train,0.8961083292961121,1
AT2G42880,AT2G42880.1,1,test,0.8881826400756836,1
AT2G42900,AT2G42900.1,0,train,0.2248251587152481,0
AT2G43030,AT2G43030.1,1,test,0.5980070233345032,1
AT2G43100,AT2G43100.1,1,train,0.7379446625709534,1
AT2G43510,AT2G43510.1,0,test,0.1157623827457428,0
AT2G43640,AT2G43640.1,1,train,0.6371151208877563,1
AT2G43750,AT2G43750.1,1,test,0.9047183394432068,1
AT2G43780,AT2G43780.4,0,train,0.2695710062980652,0
AT2G43940,AT2G43940.1,0,test,0.5717624425888062,1
AT2G43945,AT2G43945.1,1,train,0.7610548138618469,1
AT2G44130,AT2G44130.1,0,train,0.1438395231962204,0
AT2G44200,AT2G44200.1,1,train,0.8030676245689392,1
AT2G44290,AT2G44290.1,0,train,0.4551814794540405,0
AT2G44650,AT2G44650.1,1,train,0.4977525472640991,0
AT2G44760,AT2G44760.1,1,test,0.6455670595169067,1
AT2G44920,AT2G44920.2,0,train,0.5849236845970154,1
AT2G45060,AT2G45060.1,1,train,0.6694640517234802,1
AT2G45140,AT2G45140.1,1,train,0.8037207722663879,1
AT2G45220,AT2G45220.1,1,val,0.5895342826843262,1
AT2G45260,AT2G45260.1,1,train,0.8743153214454651,1
AT2G45300,AT2G45300.2,1,train,0.9433297514915466,1
AT2G45470,AT2G45470.1,1,train,0.7031826972961426,1
AT2G45540,AT2G45540.2,1,val,0.9357173442840576,1
AT2G46090,AT2G46090.1,1,train,0.7238669991493225,1
AT2G46225,AT2G46225.2,1,val,0.6136257648468018,1
AT2G46230,AT2G46230.2,1,train,0.7037679553031921,1
AT2G46650,AT2G46650.1,1,test,0.24058063328266144,0
AT2G46910,AT2G46910.1,1,train,0.731796383857727,1
AT2G47380,AT2G47380.2,1,val,0.2048635333776474,0
AT2G47485,AT2G47485.1,0,test,0.3544365465641022,0
AT2G47710,AT2G47710.1,1,train,0.48010319471359253,0
AT2G47910,AT2G47910.1,1,train,0.3350653052330017,0
AT4G00026,AT4G00026.1,0,test,0.4562802314758301,0
AT4G00100,AT4G00100.1,1,test,0.5856674313545227,1
AT4G00230,AT4G00230.1,1,test,0.6370177268981934,1
AT4G00342,AT4G00342.1,0,val,0.1128680482506752,0
AT4G00430,AT4G00430.2,1,train,0.6515271663665771,1
AT4G00570,AT4G00570.1,1,train,0.9161468744277954,1
AT4G00620,AT4G00620.1,0,val,0.8890013694763184,1
AT4G00860,AT4G00860.1,1,val,0.25632724165916443,0
AT4G01070,AT4G01070.1,1,train,0.77651047706604,1
AT4G01090,AT4G01090.1,1,train,0.9025899767875671,1
AT4G01480,AT4G01480.1,1,train,0.6940310001373291,1
AT4G02080,AT4G02080.1,1,train,0.6587055325508118,1
AT4G02530,AT4G02530.2,1,train,0.7205516695976257,1
AT4G02980,AT4G02980.1,0,train,0.4950980246067047,0
AT4G03150,AT4G03150.1,1,train,0.5996761322021484,1
AT4G03400,AT4G03400.1,1,train,0.9043014049530029,1
AT4G03610,AT4G03610.4,0,train,0.41790705919265747,0
AT4G04610,AT4G04610.1,1,val,0.8547695279121399,1
AT4G04614,AT4G04614.2,1,train,0.5859641432762146,1
AT4G05000,AT4G05000.3,1,test,0.5678619146347046,1
AT4G05440,AT4G05440.1,0,train,0.4059034287929535,0
AT4G05450,AT4G05450.1,0,train,0.508446216583252,1
AT4G07390,AT4G07390.1,0,test,0.5867093801498413,1
AT4G08345,AT4G08345.1,0,train,0.031345199793577194,0
AT4G08540,AT4G08540.1,1,train,0.6544153690338135,1
AT4G09040,AT4G09040.1,1,test,0.7064924836158752,1
AT4G09620,AT4G09620.2,1,test,0.5656802654266357,1
AT4G09650,AT4G09650.1,1,val,0.474721223115921,0
AT4G09720,AT4G09720.3,0,test,0.7693547606468201,1
AT4G09840,AT4G09840.2,0,train,0.3154076933860779,0
AT4G10120,AT4G10120.3,1,test,0.8514062762260437,1
AT4G10300,AT4G10300.1,1,train,0.5251528024673462,1
AT4G10610,AT4G10610.1,1,train,0.7378491163253784,1
AT4G10680,AT4G10680.1,0,train,0.15699438750743866,0
AT4G10970,AT4G10970.6,1,train,0.4014306366443634,0
AT4G11280,AT4G11280.1,0,train,0.3909461200237274,0
AT4G11640,AT4G11640.1,1,train,0.5358912348747253,1
AT4G11790,AT4G11790.1,1,test,0.8626744151115417,1
AT4G11860,AT4G11860.1,1,test,0.9322850704193115,1
AT4G12290,AT4G12290.1,0,train,0.6107586026191711,1
AT4G12390,AT4G12390.1,1,train,0.5115448832511902,1
AT4G12440,AT4G12440.3,0,test,0.24631774425506592,0
AT4G12545,AT4G12545.1,0,val,0.2010650932788849,0
AT4G12550,AT4G12550.1,0,val,0.1866147220134735,0
AT4G12730,AT4G12730.1,1,train,0.7357884645462036,1
AT4G13100,AT4G13100.2,0,train,0.11178462207317352,0
AT4G13390,AT4G13390.1,0,train,0.2949022054672241,0
AT4G13460,AT4G13460.2,1,train,0.8623176217079163,1
AT4G13670,AT4G13670.2,1,train,0.6141818165779114,1
AT4G13770,AT4G13770.1,1,test,0.5608705282211304,1
AT4G13850,AT4G13850.1,1,test,0.49385514855384827,0
AT4G13940,AT4G13940.1,1,train,0.9285128116607666,1
AT4G14000,AT4G14000.1,1,train,0.8769247531890869,1
AT4G14030,AT4G14030.1,1,train,0.7584899663925171,1
AT4G14145,AT4G14145.1,0,test,0.2879185676574707,0
AT4G14160,AT4G14160.1,1,train,0.8603187799453735,1
AT4G14340,AT4G14340.2,1,train,0.7844469547271729,1
AT4G14342,AT4G14342.2,1,train,0.524352490901947,1
AT4G14440,AT4G14440.1,1,test,0.3979019820690155,0
AT4G14520,AT4G14520.4,0,train,0.3468511700630188,0
AT4G14680,AT4G14680.2,1,train,0.6880117058753967,1
AT4G14819,AT4G14819.1,0,val,0.20657765865325928,0
AT4G14990,AT4G14990.1,1,train,0.9540372490882874,1
AT4G15230,AT4G15230.1,0,val,0.8687243461608887,1
AT4G15390,AT4G15390.1,0,train,0.4370969533920288,0
AT4G15545,AT4G15545.1,1,test,0.7751948237419128,1
AT4G15560,AT4G15560.1,1,train,0.907024621963501,1
AT4G15620,AT4G15620.1,0,train,0.13023628294467926,0
AT4G15630,AT4G15630.1,0,train,0.12385526299476624,0
AT4G15700,AT4G15700.1,0,val,0.22641710937023163,0
AT4G15790,AT4G15790.2,0,train,0.21538768708705902,0
AT4G15820,AT4G15820.1,1,test,0.5755980610847473,1
AT4G15880,AT4G15880.1,1,train,0.7836220264434814,1
AT4G16146,AT4G16146.1,0,test,0.25462815165519714,0
AT4G16265,AT4G16265.2,0,val,0.2583315670490265,0
AT4G16442,AT4G16442.1,0,test,0.6518709659576416,1
AT4G16566,AT4G16566.1,1,test,0.4835926592350006,0
AT4G16720,AT4G16720.1,1,val,0.6940900683403015,1
AT4G16790,AT4G16790.1,1,val,0.7514725923538208,1
AT4G16950,AT4G16950.1,1,train,0.8704540133476257,1
AT4G17050,AT4G17050.1,1,train,0.8514929413795471,1
AT4G17140,AT4G17140.1,1,train,0.9301071166992188,1
AT4G17650,AT4G17650.1,1,train,0.7501411437988281,1
AT4G18030,AT4G18030.1,1,val,0.8426015973091125,1
AT4G18372,AT4G18372.1,0,train,0.26931941509246826,0
AT4G18593,AT4G18593.2,0,test,0.28364890813827515,0
AT4G19100,AT4G19100.1,1,val,0.3687596619129181,0
AT4G19170,AT4G19170.1,1,train,0.6995261311531067,1
AT4G19230,AT4G19230.2,0,val,0.5496515035629272,1
AT4G19710,AT4G19710.2,1,train,0.8932930827140808,1
AT4G19840,AT4G19840.1,1,val,0.6024565100669861,1
AT4G19985,AT4G19985.4,0,train,0.5697954893112183,1
AT4G20720,AT4G20720.2,1,val,0.9010789394378662,1
AT4G20980,AT4G20980.2,1,train,0.8870509266853333,1
AT4G21190,AT4G21190.1,0,train,0.5067397952079773,1
AT4G21320,AT4G21320.1,1,train,0.7734119296073914,1
AT4G21470,AT4G21470.1,1,val,0.6114650368690491,1
AT4G21490,AT4G21490.1,0,test,0.749171793460846,1
AT4G21865,AT4G21865.1,0,train,0.17550647258758545,0
AT4G21960,AT4G21960.1,1,train,0.8370749950408936,1
AT4G21990,AT4G21990.1,1,val,0.8366574645042419,1
AT4G22150,AT4G22150.1,1,val,0.671455979347229,1
AT4G22310,AT4G22310.1,0,train,0.41977545619010925,0
AT4G22570,AT4G22570.2,1,test,0.30019640922546387,0
AT4G22610,AT4G22610.1,0,train,0.23498301208019257,0
AT4G23510,AT4G23510.1,0,train,0.5434717535972595,1
AT4G23560,AT4G23560.1,0,train,0.34563568234443665,0
AT4G24350,AT4G24350.3,1,train,0.7166880965232849,1
AT4G24440,AT4G24440.1,1,train,0.707443118095398,1
AT4G24510,AT4G24510.1,1,train,0.8069462180137634,1
AT4G24570,AT4G24570.1,0,train,0.2929704189300537,0
AT4G24750,AT4G24750.1,0,train,0.5696985721588135,1
AT4G24780,AT4G24780.1,1,val,0.803301215171814,1
AT4G24800,AT4G24800.3,1,train,0.9311216473579407,1
AT4G25140,AT4G25140.1,0,val,0.3964039385318756,0
AT4G25470,AT4G25470.1,0,train,0.2077481597661972,0
AT4G25490,AT4G25490.1,0,test,0.33959782123565674,0
AT4G25550,AT4G25550.1,1,train,0.8016462922096252,1
AT4G25820,AT4G25820.1,0,train,0.5997124314308167,1
AT4G25840,AT4G25840.1,1,train,0.7299978137016296,1
AT4G26240,AT4G26240.1,0,test,0.775478720664978,1
AT4G26555,AT4G26555.1,1,train,0.6844958662986755,1
AT4G26720,AT4G26720.1,1,train,0.8300828337669373,1
AT4G26870,AT4G26870.1,1,train,0.8760458827018738,1
AT4G27070,AT4G27070.1,1,train,0.8684483170509338,1
AT4G27380,AT4G27380.1,0,train,0.2552293539047241,0
AT4G27652,AT4G27652.1,0,train,0.18075606226921082,0
AT4G27654,AT4G27654.1,0,val,0.05613517388701439,0
AT4G27657,AT4G27657.1,0,train,0.15738016366958618,0
AT4G27690,AT4G27690.1,1,train,0.6738666296005249,1
AT4G27765,at4g27765,0,train,0.05665314197540283,0
AT4G28440,AT4G28440.1,1,test,0.6861726641654968,1
AT4G28706,AT4G28706.4,1,test,0.822929859161377,1
AT4G28730,AT4G28730.2,1,train,0.5943459272384644,1
AT4G28860,AT4G28860.1,1,train,0.90744948387146,1
AT4G28990,AT4G28990.2,1,train,0.5914762020111084,1
AT4G29410,AT4G29410.1,1,train,0.7760665416717529,1
AT4G29490,AT4G29490.1,1,train,0.828620970249176,1
AT4G29720,AT4G29720.1,1,val,0.7778651118278503,1
AT4G29780,AT4G29780.1,0,train,0.5328357219696045,1
AT4G29800,AT4G29800.2,0,train,0.44568702578544617,0
AT4G29830,AT4G29830.1,1,train,0.7497810125350952,1
AT4G30100,AT4G30100.1,1,train,0.9422037601470947,1
AT4G30140,AT4G30140.1,0,test,0.58351731300354,1
AT4G30160,AT4G30160.2,1,test,0.9199251532554626,1
AT4G30170,AT4G30170.1,0,val,0.3814053535461426,0
AT4G30310,AT4G30310.2,1,val,0.9097796678543091,1
AT4G30530,AT4G30530.1,1,train,0.6899933815002441,1
AT4G31120,AT4G31120.2,1,train,0.8946323394775391,1
AT4G31500,AT4G31500.1,1,test,0.5750188827514648,1
AT4G31530,AT4G31530.2,0,train,0.5518314838409424,1
AT4G31877,at4g31877,0,train,0.058914922177791595,0
AT4G32285,AT4G32285.2,1,val,0.8749143481254578,1
AT4G32320,AT4G32320.1,1,train,0.6608213782310486,1
AT4G32340,AT4G32340.1,0,train,0.6127336621284485,1
AT4G32470,AT4G32470.1,1,val,0.700030505657196,1
AT4G32590,AT4G32590.5,1,val,0.5507933497428894,1
AT4G33080,AT4G33080.1,1,test,0.7058523893356323,1
AT4G33310,AT4G33310.1,0,train,0.06432534754276276,0
AT4G33350,AT4G33350.1,1,val,0.673011302947998,1
AT4G33500,AT4G33500.1,1,test,0.8890150189399719,1
AT4G33540,AT4G33540.1,1,train,0.7905274629592896,1
AT4G33670,AT4G33670.1,1,train,0.8759320974349976,1
AT4G34050,AT4G34050.3,1,train,0.855597734451294,1
AT4G34200,AT4G34200.1,1,train,0.7378153204917908,1
AT4G34215,AT4G34215.2,1,train,0.6024953722953796,1
AT4G34270,AT4G34270.1,1,train,0.8088575005531311,1
AT4G34410,AT4G34410.1,0,train,0.4735390543937683,0
AT4G34412,AT4G34412.1,1,val,0.47353649139404297,0
AT4G34570,AT4G34570.1,0,train,0.45541372895240784,0
AT4G34700,AT4G34700.1,1,train,0.7175779938697815,1
AT4G34860,AT4G34860.1,0,train,0.7341654896736145,1
AT4G34920,AT4G34920.1,1,val,0.5690178275108337,1
AT4G34980,AT4G34980.1,1,train,0.6983948945999146,1
AT4G35260,AT4G35260.1,1,train,0.7590457201004028,1
AT4G35310,AT4G35310.1,1,train,0.8780564665794373,1
AT4G35410,AT4G35410.2,1,val,0.36109334230422974,0
AT4G36020,AT4G36020.1,1,test,0.3384414315223694,0
AT4G36880,AT4G36880.1,0,test,0.4142122268676758,0
AT4G36910,AT4G36910.1,1,train,0.7298644781112671,1
AT4G36940,AT4G36940.1,1,train,0.8980584740638733,1
AT4G37000,AT4G37000.1,1,val,0.42449724674224854,0
AT4G37095,AT4G37095.1,0,train,0.07874839752912521,0
AT4G37120,AT4G37120.1,1,train,0.8624439835548401,1
AT4G37200,AT4G37200.1,1,train,0.7310771942138672,1
AT4G37210,AT4G37210.1,1,train,0.9245213270187378,1
AT4G37220,AT4G37220.1,0,train,0.2448612004518509,0
AT4G37409,AT4G37409.1,0,train,0.1675841361284256,0
AT4G37445,AT4G37445.1,0,train,0.08137937635183334,0
AT4G37483,AT4G37483.1,0,train,0.1007893905043602,0
AT4G37925,AT4G37925.1,1,train,0.6600791811943054,1
AT4G38495,AT4G38495.1,0,val,0.35060620307922363,0
AT4G38740,AT4G38740.1,1,test,0.5363735556602478,1
AT4G38910,AT4G38910.2,0,train,0.43116188049316406,0
AT4G39690,AT4G39690.1,1,train,0.8784081339836121,1
AT4G39800,AT4G39800.1,1,val,0.8928329944610596,1
AT4G40070,AT4G40070.1,0,train,0.3642920255661011,0
AT4G40090,AT4G40090.1,0,train,0.27523136138916016,0
