gene_id,transcript_id,class,split,condition,bioemu_tier,prob_pos,pred,correct
AT1G01230,AT1G01230.1,0,val,depleted,2.0,0.4017698900098591,0,1
AT1G01300,AT1G01300.1,1,train,NS,2.0,0.9117420124564704,1,1
AT1G01450,AT1G01450.1,0,train,depleted,2.0,0.23181129126669667,0,1
AT1G01470,AT1G01470.1,0,train,depleted,1.0,0.27422300295449653,0,1
AT1G01510,AT1G01510.1,1,val,HS,2.0,0.8590877696391149,1,1
AT1G01730,AT1G01730.1,0,train,depleted,3.0,0.32142498553707616,0,1
AT1G01910,AT1G01910.2,1,val,HS,1.0,0.8501473656449673,1,1
AT1G02100,AT1G02100.1,1,val,HS,2.0,0.7758578407948268,1,1
AT1G02130,AT1G02130.1,0,test,depleted,2.0,0.5977917700995675,1,0
AT1G02500,AT1G02500.1,1,train,HS,1.0,0.8776636083375063,1,1
AT1G02816,AT1G02816.1,0,test,depleted,1.0,0.4432514602406282,0,1
AT1G02930,AT1G02930.1,1,test,NS,1.0,0.6923109766633166,1,1
AT1G03130,AT1G03130.1,1,val,HS,3.0,0.47447813811768264,0,0
AT1G03330,AT1G03330.1,1,train,NS,1.0,0.7512168317310282,1,1
AT1G03400,AT1G03400.2,1,train,NS,1.0,0.8162061072812459,1,1
AT1G03760,AT1G03760.1,1,val,NS,3.0,0.6406467665829357,1,1
AT1G04010,AT1G04010.1,0,train,depleted,1.0,0.40125636032200923,0,1
AT1G04070,AT1G04070.1,0,train,depleted,1.0,0.17831743950370604,0,1
AT1G04340,AT1G04340.1,0,train,depleted,2.0,0.23955254473561619,0,1
AT1G04350,AT1G04350.1,1,train,HS,1.0,0.8528166350651966,1,1
AT1G04530,AT1G04530.1,1,train,HS,2.0,0.8384834109238753,1,1
AT1G04870,AT1G04870.2,1,train,HS,1.0,0.8643121262800816,1,1
AT1G05210,AT1G05210.1,0,train,depleted,2.0,0.22381974100392468,0,1
AT1G05350,AT1G05350.1,1,train,NS,2.0,0.9578635057264934,1,1
AT1G05410,AT1G05410.1,0,train,depleted,2.0,0.3338227794292066,0,1
AT1G05680,AT1G05680.1,0,train,depleted,1.0,0.3656553082291363,0,1
AT1G05790,AT1G05790.3,0,train,depleted,2.0,0.4214773873557687,0,1
AT1G05805,AT1G05805.1,1,train,HS,3.0,0.893761663134148,1,1
AT1G06030,AT1G06030.1,0,train,depleted,1.0,0.264623334968711,0,1
AT1G06160,AT1G06160.1,0,train,depleted,3.0,0.2400141920544467,0,1
AT1G06210,AT1G06210.1,1,val,NS,3.0,0.8154774498674481,1,1
AT1G06420,AT1G06420.1,0,train,depleted,3.0,0.24193611191104109,0,1
AT1G06760,AT1G06760.1,1,train,HS,3.0,0.7386238503936362,1,1
AT1G07040,AT1G07040.1,0,train,depleted,1.0,0.39526431133876644,0,1
AT1G07190,AT1G07190.1,0,train,depleted,1.0,0.06988344335323954,0,1
AT1G07250,AT1G07250.1,1,train,HS,1.0,0.7654375028843299,1,1
AT1G07590,AT1G07590.1,0,test,depleted,1.0,0.8377483512734197,1,0
AT1G07610,AT1G07610.1,0,train,depleted,1.0,0.11577925443693861,0,1
AT1G07620,AT1G07620.2,0,val,depleted,3.0,0.7850107481481563,1,0
AT1G07660,AT1G07660.1,1,train,NS,2.0,0.707288308828963,1,1
AT1G07720,AT1G07720.2,0,train,depleted,1.0,0.29715043381573747,0,1
AT1G07960,AT1G07960.4,0,test,depleted,1.0,0.5427998783210439,1,0
AT1G08180,AT1G08180.1,0,train,depleted,3.0,0.14093379941761836,0,1
AT1G08250,AT1G08250.1,1,train,HS,3.0,0.8648655093788262,1,1
AT1G08370,AT1G08370.1,1,train,both,3.0,0.8111989543029006,1,1
AT1G08380,AT1G08380.1,1,train,HS,1.0,0.7967282955355299,1,1
AT1G08570,AT1G08570.1,1,train,NS,2.0,0.8749854139183728,1,1
AT1G09160,AT1G09160.1,1,train,NS,1.0,0.9292134806564869,1,1
AT1G09310,AT1G09310.1,1,train,HS,3.0,0.7731109965616901,1,1
AT1G09490,AT1G09490.1,0,train,depleted,1.0,0.34021146460309226,0,1
AT1G09590,AT1G09590.1,1,train,HS,3.0,0.8079464127046981,1,1
AT1G09795,AT1G09795.1,1,train,HS,1.0,0.9169309792275023,1,1
AT1G09950,AT1G09950.1,0,train,depleted,1.0,0.30485879102756586,0,1
AT1G10390,AT1G10390.1,0,test,depleted,3.0,0.8782855587765762,1,0
AT1G10470,AT1G10470.1,0,val,depleted,3.0,0.4244065592834235,0,1
AT1G10500,AT1G10500.1,0,train,depleted,1.0,0.24422687742069885,0,1
AT1G10990,AT1G10990.2,0,train,depleted,3.0,0.15031799775013371,0,1
AT1G11240,AT1G11240.1,1,train,NS,3.0,0.8327165921770893,1,1
AT1G11320,AT1G11320.1,0,test,depleted,2.0,0.8805319146706151,1,0
AT1G11530,AT1G11530.1,1,train,HS,1.0,0.7354715165121061,1,1
AT1G11580,AT1G11580.2,1,val,HS,1.0,0.8317984564121078,1,1
AT1G11670,AT1G11670.1,0,train,depleted,1.0,0.2847957387520444,0,1
AT1G11800,AT1G11800.1,1,train,HS,1.0,0.9292037198832306,1,1
AT1G11870,AT1G11870.2,0,val,depleted,2.0,0.8955728573144454,1,0
AT1G12050,AT1G12050.1,1,train,HS,1.0,0.8753278971042663,1,1
AT1G12200,AT1G12200.2,1,train,both,1.0,0.8194876129494589,1,1
AT1G12350,AT1G12350.2,1,train,NS,1.0,0.8566097963495684,1,1
AT1G12400,AT1G12400.3,0,train,depleted,1.0,0.14641412125018535,0,1
AT1G12800,AT1G12800.1,1,train,HS,3.0,0.9655261697681125,1,1
AT1G12900,AT1G12900.5,1,test,HS,1.0,0.8055584060046488,1,1
AT1G12920,AT1G12920.1,1,train,HS,1.0,0.8661106726914116,1,1
AT1G13090,AT1G13090.1,1,train,HS,2.0,0.8411211650509577,1,1
AT1G13180,AT1G13180.1,1,val,HS,1.0,0.8016881229655591,1,1
AT1G13280,AT1G13280.1,1,train,HS,2.0,0.8506844725309946,1,1
AT1G13590,AT1G13590.1,0,train,depleted,3.0,0.10971027302506438,0,1
AT1G13690,AT1G13690.1,1,val,HS,3.0,0.4417824933264082,0,0
AT1G13930,AT1G13930.2,1,val,HS,3.0,0.39944593952029994,0,0
AT1G13950,AT1G13950.1,0,test,depleted,2.0,0.5800219484970385,1,0
AT1G14150,AT1G14150.1,1,train,HS,1.0,0.7613054587656649,1,1
AT1G14310,AT1G14310.1,0,train,depleted,1.0,0.30776948559580974,0,1
AT1G14380,AT1G14380.1,1,val,HS,3.0,0.9688632380648754,1,1
AT1G14410,AT1G14410.1,1,train,both,2.0,0.9374663087010301,1,1
AT1G14820,AT1G14820.3,0,train,depleted,1.0,0.34050343619345075,0,1
AT1G15010,AT1G15010.1,0,train,depleted,1.0,0.1510375327444886,0,1
AT1G15170,AT1G15170.1,0,train,depleted,1.0,0.33703583319061114,0,1
AT1G15290,AT1G15290.1,1,test,HS,3.0,0.9444479752019715,1,1
AT1G15710,AT1G15710.1,1,train,HS,2.0,0.8191228210319816,1,1
AT1G15825,AT1G15825.1,0,train,depleted,3.0,0.1580089493951934,0,1
AT1G15840,AT1G15840.1,0,test,depleted,3.0,0.42500627368407157,0,1
AT1G15880,AT1G15880.1,0,test,depleted,2.0,0.6284484342244079,1,0
AT1G15950,AT1G15950.1,1,train,HS,2.0,0.7971509733075842,1,1
AT1G16080,AT1G16080.1,1,train,HS,1.0,0.9305695864953563,1,1
AT1G16220,AT1G16220.1,0,val,depleted,2.0,0.9053518281491452,1,0
AT1G16700,AT1G16700.1,1,train,HS,1.0,0.9205480714575919,1,1
AT1G16820,AT1G16820.1,0,train,depleted,1.0,0.13424388612237892,0,1
AT1G16916,AT1G16916.2,0,train,depleted,3.0,0.20584855453888581,0,1
AT1G17020,AT1G17020.1,0,train,depleted,1.0,0.3370455808906822,0,1
AT1G17210,AT1G17210.1,1,train,HS,3.0,0.9814864546598056,1,1
AT1G17410,AT1G17410.1,0,train,depleted,1.0,0.16483457962261414,0,1
AT1G17640,AT1G17640.1,0,train,depleted,3.0,0.3062756470785081,0,1
AT1G18030,AT1G18030.1,0,train,depleted,2.0,0.27918290554567,0,1
AT1G18170,AT1G18170.1,1,train,HS,3.0,0.8028467538884172,1,1
AT1G18190,AT1G18190.1,1,train,NS,3.0,0.8897208346238662,1,1
AT1G18200,AT1G18200.1,0,test,depleted,1.0,0.536131881811667,1,0
AT1G18300,AT1G18300.1,0,test,depleted,1.0,0.661195389857825,1,0
AT1G18382,AT1G18382.1,0,train,depleted,,0.0562385286309166,0,1
AT1G18670,AT1G18670.2,1,val,HS,3.0,0.9041341109684358,1,1
AT1G19210,AT1G19210.1,0,val,depleted,3.0,0.33574863273479755,0,1
AT1G19220,AT1G19220.1,1,train,HS,3.0,0.9581686168920563,1,1
AT1G19240,AT1G19240.1,0,train,depleted,2.0,0.1081880738368996,0,1
AT1G19320,AT1G19320.1,0,train,depleted,1.0,0.16566855633006078,0,1
AT1G19370,AT1G19370.1,1,train,HS,2.0,0.8659014254492648,1,1
AT1G19570,AT1G19570.1,1,train,both,1.0,0.8520733669840933,1,1
AT1G19720,AT1G19720.1,1,train,HS,1.0,0.8892378647179049,1,1
AT1G19835,AT1G19835.3,1,train,both,3.0,0.9467624227554067,1,1
AT1G19920,AT1G19920.1,1,train,HS,1.0,0.8828456160683964,1,1
AT1G20070,AT1G20070.1,1,train,HS,3.0,0.6992889298848963,1,1
AT1G20200,AT1G20200.1,1,train,HS,2.0,0.906576426369448,1,1
AT1G20225,AT1G20225.1,0,train,depleted,1.0,0.17357841708751148,0,1
AT1G20810,AT1G20810.1,1,train,HS,3.0,0.853481233767254,1,1
AT1G20830,AT1G20830.1,0,train,depleted,3.0,0.2888215851705024,0,1
AT1G21130,AT1G21130.1,1,val,HS,1.0,0.7625818663094382,1,1
AT1G21350,AT1G21350.5,1,train,HS,2.0,0.8727544394442853,1,1
AT1G21370,AT1G21370.1,1,train,NS,2.0,0.8696140543940523,1,1
AT1G21440,AT1G21440.1,1,train,both,1.0,0.884092465339627,1,1
AT1G22140,AT1G22140.3,0,val,depleted,3.0,0.21960483354457008,0,1
AT1G22280,AT1G22280.3,1,train,HS,2.0,0.8121955303481693,1,1
AT1G22470,AT1G22470.1,0,train,depleted,1.0,0.18971850637999635,0,1
AT1G22920,AT1G22920.1,1,train,both,2.0,0.9049586836899828,1,1
AT1G22940,AT1G22940.1,1,test,NS,1.0,0.6880191534773525,1,1
AT1G23130,AT1G23130.1,0,train,depleted,1.0,0.29214372376418524,0,1
AT1G23740,AT1G23740.1,1,train,HS,1.0,0.7289691195862658,1,1
AT1G23800,AT1G23800.2,1,train,HS,1.0,0.915758117885493,1,1
AT1G24100,AT1G24100.1,1,train,both,1.0,0.8243031805519837,1,1
AT1G24490,AT1G24490.1,1,train,HS,3.0,0.9634631502234314,1,1
AT1G25220,AT1G25220.2,1,train,NS,1.0,0.8908763913747543,1,1
AT1G26470,AT1G26470.1,0,train,depleted,3.0,0.1799744315449099,0,1
AT1G26550,AT1G26550.1,1,train,HS,3.0,0.8106682489375181,1,1
AT1G26640,AT1G26640.1,0,train,depleted,1.0,0.33484684101617673,0,1
AT1G26670,AT1G26670.1,1,val,HS,3.0,0.5366867907281994,1,1
AT1G26770,AT1G26770.2,1,train,HS,1.0,0.6494650240859645,1,1
AT1G27060,AT1G27060.1,0,val,depleted,2.0,0.7164553632760344,1,0
AT1G27130,AT1G27130.1,1,train,HS,1.0,0.8386966083656239,1,1
AT1G27385,AT1G27385.4,1,train,NS,1.0,0.6989687556232127,1,1
AT1G27430,AT1G27430.1,1,train,HS,3.0,0.9784882355210743,1,1
AT1G27730,AT1G27730.1,0,test,depleted,3.0,0.6051283175891505,1,0
AT1G27900,AT1G27900.3,1,train,HS,1.0,0.9256992143999142,1,1
AT1G28135,AT1G28135.1,0,test,depleted,3.0,0.16525210107525953,0,1
AT1G28150,AT1G28150.2,0,train,depleted,2.0,0.16779591266788582,0,1
AT1G28230,AT1G28230.1,0,train,depleted,2.0,0.21117000493010346,0,1
AT1G28290,AT1G28290.1,1,train,both,3.0,0.8522598035169051,1,1
AT1G28370,AT1G28370.2,0,train,depleted,2.0,0.13600064540633333,0,1
AT1G28380,AT1G28380.1,1,test,HS,1.0,0.8128199968563002,1,1
AT1G28480,AT1G28480.1,0,train,depleted,2.0,0.17642274204025313,0,1
AT1G28540,AT1G28540.1,0,train,depleted,3.0,0.1914317623373641,0,1
AT1G28570,AT1G28570.1,1,train,NS,1.0,0.8273328698015167,1,1
AT1G28950,AT1G28950.1,0,train,depleted,,0.022468980132167148,0,1
AT1G29090,AT1G29090.1,0,train,depleted,1.0,0.29828190028774215,0,1
AT1G29280,AT1G29280.1,0,train,depleted,3.0,0.2396638124525299,0,1
AT1G29400,AT1G29400.3,1,test,HS,3.0,0.8451313194362532,1,1
AT1G29465,AT1G29465.1,0,val,depleted,1.0,0.2603632481003225,0,1
AT1G29850,AT1G29850.3,1,train,HS,3.0,0.7814969046220483,1,1
AT1G30110,AT1G30110.1,0,train,depleted,2.0,0.26241098516951994,0,1
AT1G30600,AT1G30600.1,1,test,NS,1.0,0.795282490264253,1,1
AT1G30870,AT1G30870.1,0,train,depleted,1.0,0.28842906145714453,0,1
AT1G31160,AT1G31160.1,0,val,depleted,1.0,0.6280817348057354,1,0
AT1G31220,AT1G31220.1,1,train,NS,1.0,0.8393347103072573,1,1
AT1G31835,AT1G31835.2,0,train,depleted,3.0,0.13355784203062024,0,1
AT1G31970,AT1G31970.1,1,train,NS,2.0,0.9085957356027272,1,1
AT1G32130,AT1G32130.1,1,test,HS,3.0,0.8263687756014888,1,1
AT1G32220,AT1G32220.1,1,test,HS,1.0,0.6652080112718138,1,1
AT1G32310,AT1G32310.1,0,train,depleted,3.0,0.10286810586993016,0,1
AT1G32370,AT1G32370.2,0,train,depleted,3.0,0.13369740329301688,0,1
AT1G32440,AT1G32440.1,1,train,HS,1.0,0.9320724014861782,1,1
AT1G32550,AT1G32550.2,1,train,both,1.0,0.6810533659816963,1,1
AT1G33040,AT1G33040.1,0,train,depleted,3.0,0.23576496410064218,0,1
AT1G33050,AT1G33050.4,1,train,HS,3.0,0.9459938842560658,1,1
AT1G33265,AT1G33265.1,0,train,depleted,1.0,0.2512451792252706,0,1
AT1G33520,AT1G33520.1,1,val,HS,3.0,0.7170768732339136,1,1
AT1G33760,AT1G33760.1,0,train,depleted,3.0,0.17379369507698625,0,1
AT1G33810,AT1G33810.1,1,train,HS,3.0,0.7468352936707824,1,1
AT1G35140,AT1G35140.1,0,train,depleted,1.0,0.19947771926570154,0,1
AT1G35420,AT1G35420.2,1,train,HS,1.0,0.8248882699252947,1,1
AT1G35780,AT1G35780.2,1,train,HS,3.0,0.7559592093347963,1,1
AT1G36370,AT1G36370.1,1,train,HS,2.0,0.8892408623842992,1,1
AT1G43710,AT1G43710.1,1,test,HS,2.0,0.7710434260383864,1,1
AT1G43800,AT1G43800.1,0,train,depleted,1.0,0.32055504883438385,0,1
AT1G44790,AT1G44790.1,0,val,depleted,1.0,0.6498473178851571,1,0
AT1G45145,AT1G45145.1,1,train,HS,1.0,0.8140225363628444,1,1
AT1G45170,AT1G45170.1,0,train,depleted,1.0,0.3181215433475634,0,1
AT1G45230,AT1G45230.1,1,test,HS,3.0,0.6208061953150652,1,1
AT1G45474,AT1G45474.2,1,train,HS,1.0,0.8276632796793352,1,1
AT1G47200,AT1G47200.1,1,train,HS,3.0,0.7753370966625858,1,1
AT1G48320,AT1G48320.1,1,train,both,1.0,0.7429236314185614,1,1
AT1G48550,AT1G48550.1,0,train,depleted,1.0,0.2932338385767344,0,1
AT1G48600,AT1G48600.2,1,train,both,1.0,0.9707436272979161,1,1
AT1G48620,AT1G48620.1,1,train,HS,3.0,0.9590640149081997,1,1
AT1G48830,AT1G48830.1,1,test,HS,1.0,0.7256328313707358,1,1
AT1G49310,AT1G49310.1,0,train,depleted,2.0,0.05173377010293118,0,1
AT1G49405,AT1G49405.1,0,train,depleted,2.0,0.22594315852595667,0,1
AT1G49430,AT1G49430.1,1,train,HS,1.0,0.915582193999018,1,1
AT1G49600,AT1G49600.3,1,val,HS,3.0,0.9501237312930889,1,1
AT1G49650,AT1G49650.1,1,val,NS,1.0,0.5751746034192533,1,1
AT1G49750,AT1G49750.1,1,train,both,3.0,0.8516078822723261,1,1
AT1G49760,AT1G49760.1,1,test,HS,3.0,0.8628306307725826,1,1
AT1G50370,AT1G50370.1,1,train,both,1.0,0.8893709802084798,1,1
AT1G50430,AT1G50430.1,1,test,HS,1.0,0.6138882173693921,1,1
AT1G50450,AT1G50450.1,1,test,HS,1.0,0.5304362735816427,1,1
AT1G50900,AT1G50900.1,1,val,HS,1.0,0.6288482922382198,1,1
AT1G51140,AT1G51140.1,0,train,depleted,3.0,0.41039873454200615,0,1
AT1G51680,AT1G51680.1,1,train,HS,1.0,0.9080520672529445,1,1
AT1G51760,AT1G51760.1,1,train,HS,1.0,0.9146301199404587,1,1
AT1G52220,AT1G52220.1,1,test,HS,1.0,0.24322720114104734,0,0
AT1G52340,AT1G52340.1,1,val,both,1.0,0.5470085980540291,1,1
AT1G52670,AT1G52670.1,1,test,HS,2.0,0.6895266753059494,1,1
AT1G52830,AT1G52830.1,0,train,depleted,1.0,0.19812390593582557,0,1
AT1G52905,AT1G52905.1,0,val,depleted,1.0,0.23770960079047881,0,1
AT1G53280,AT1G53280.1,1,test,NS,1.0,0.6748710671170939,1,1
AT1G53610,AT1G53610.1,0,val,depleted,3.0,0.13397317360263275,0,1
AT1G53970,AT1G53970.2,0,test,depleted,2.0,0.29202525252589023,0,1
AT1G54120,AT1G54120.1,0,test,depleted,1.0,0.22252599981130383,0,1
AT1G54290,AT1G54290.1,1,val,both,2.0,0.23500296989792888,0,0
AT1G54575,AT1G54575.2,0,train,depleted,3.0,0.13701311279647826,0,1
AT1G54580,AT1G54580.1,1,test,HS,1.0,0.5574577297012949,1,1
AT1G55210,AT1G55210.1,1,test,NS,1.0,0.4064570564911673,0,0
AT1G55260,AT1G55260.1,0,test,depleted,2.0,0.3285783585229392,0,1
AT1G55500,AT1G55500.4,1,train,both,3.0,0.9734813182392978,1,1
AT1G56500,AT1G56500.2,1,val,HS,1.0,0.8792577333693312,1,1
AT1G56660,AT1G56660.1,0,train,depleted,3.0,0.3415982533959666,0,1
AT1G56700,AT1G56700.1,1,train,HS,1.0,0.8530999939208085,1,1
AT1G58110,AT1G58110.2,1,train,HS,3.0,0.903608592604787,1,1
AT1G58420,AT1G58420.1,0,test,depleted,3.0,0.291357344572088,0,1
AT1G59600,AT1G59600.1,0,train,depleted,1.0,0.2338965039830239,0,1
AT1G60430,AT1G60430.2,1,train,HS,1.0,0.8854409711504738,1,1
AT1G60640,AT1G60640.2,1,train,NS,3.0,0.7551101630884955,1,1
AT1G60660,AT1G60660.1,0,train,depleted,3.0,0.09899074648614357,0,1
AT1G60730,AT1G60730.3,1,train,HS,1.0,0.8148988808113597,1,1
AT1G61340,AT1G61340.1,0,train,depleted,2.0,0.15429496372243165,0,1
AT1G61570,AT1G61570.1,0,val,depleted,2.0,0.3358726239279835,0,1
AT1G61920,AT1G61920.1,0,train,depleted,1.0,0.11298061551958084,0,1
AT1G62150,AT1G62150.1,0,train,depleted,1.0,0.33200511187050247,0,1
AT1G62180,AT1G62180.1,1,val,HS,2.0,0.9081685061396154,1,1
AT1G62380,AT1G62380.1,1,val,HS,1.0,0.7420637736853452,1,1
AT1G62560,AT1G62560.2,1,train,NS,2.0,0.830459698087201,1,1
AT1G62710,AT1G62710.1,0,train,depleted,1.0,0.24978312346553333,0,1
AT1G63000,AT1G63000.1,1,train,HS,1.0,0.8300553342307551,1,1
AT1G63130,AT1G63130.1,0,train,depleted,1.0,0.4050433655765346,0,1
AT1G63460,AT1G63460.1,1,train,NS,1.0,0.8138191227856406,1,1
AT1G63610,AT1G63610.2,1,val,HS,3.0,0.8002317950494799,1,1
AT1G63800,AT1G63800.1,0,train,depleted,3.0,0.1844727438238123,0,1
AT1G64065,AT1G64065.1,0,train,depleted,3.0,0.207181984122143,0,1
AT1G64400,AT1G64400.1,1,train,HS,1.0,0.9420888176464856,1,1
AT1G64680,AT1G64680.2,1,val,HS,1.0,0.7100876336134732,1,1
AT1G65240,AT1G65240.1,0,train,depleted,1.0,0.31115968970001456,0,1
AT1G65346,AT1G65346.1,0,train,depleted,2.0,0.10021814911105534,0,1
AT1G65540,AT1G65540.3,1,train,HS,2.0,0.9164901710923309,1,1
AT1G66400,AT1G66400.1,0,train,depleted,1.0,0.10397839084667536,0,1
AT1G66430,AT1G66430.1,1,train,HS,2.0,0.9172571171507303,1,1
AT1G66500,AT1G66500.1,0,train,depleted,3.0,0.2228889215150148,0,1
AT1G66530,AT1G66530.1,1,train,NS,1.0,0.8639331129837234,1,1
AT1G66820,AT1G66820.1,0,train,depleted,2.0,0.1156067383145574,0,1
AT1G67870,AT1G67870.1,1,train,HS,3.0,0.7829194206965147,1,1
AT1G68100,AT1G68100.1,1,test,HS,3.0,0.742120010722325,1,1
AT1G68185,AT1G68185.2,1,train,NS,3.0,0.8004825174152206,1,1
AT1G68310,AT1G68310.1,0,train,depleted,2.0,0.2583035712156829,0,1
AT1G68660,AT1G68660.1,1,train,HS,1.0,0.7880881325256596,1,1
AT1G68680,AT1G68680.1,1,train,both,2.0,0.5633733885624492,1,1
AT1G68945,AT1G68945.1,0,train,depleted,1.0,0.09011710327111531,0,1
AT1G69010,AT1G69010.1,1,train,NS,3.0,0.8761674146179744,1,1
AT1G69370,AT1G69370.1,1,train,HS,1.0,0.8228746542432503,1,1
AT1G69510,AT1G69510.2,1,test,HS,3.0,0.4521766445282366,0,0
AT1G69530,AT1G69530.3,1,train,NS,1.0,0.7804049007252016,1,1
AT1G70440,AT1G70440.1,0,train,depleted,1.0,0.23433798948999654,0,1
AT1G70580,AT1G70580.1,1,val,both,1.0,0.8674952825294701,1,1
AT1G70710,AT1G70710.1,1,train,both,1.0,0.8692991364250229,1,1
AT1G70760,AT1G70760.1,0,train,depleted,2.0,0.26441338017595856,0,1
AT1G70790,AT1G70790.1,1,train,both,2.0,0.8480764136465683,1,1
AT1G70880,AT1G70880.1,0,train,depleted,2.0,0.30019901546018724,0,1
AT1G71040,AT1G71040.1,1,train,NS,1.0,0.8853839868915033,1,1
AT1G71740,AT1G71740.1,0,train,depleted,1.0,0.11218797852369372,0,1
AT1G71790,AT1G71790.1,1,test,both,1.0,0.6655109164997406,1,1
AT1G72010,AT1G72010.1,1,test,HS,3.0,0.743721902768729,1,1
AT1G72550,AT1G72550.1,1,train,HS,1.0,0.9262632328616237,1,1
AT1G72610,AT1G72610.1,0,train,depleted,1.0,0.23977556584434775,0,1
AT1G72680,AT1G72680.1,1,test,HS,1.0,0.6857402589684783,1,1
AT1G72930,AT1G72930.1,1,train,NS,1.0,0.7854830645999621,1,1
AT1G73060,AT1G73060.1,1,train,HS,1.0,0.8909555781911328,1,1
AT1G73220,AT1G73220.1,0,test,depleted,2.0,0.6778854376451227,1,0
AT1G73230,AT1G73230.1,1,train,HS,3.0,0.766891305524865,1,1
AT1G73350,AT1G73350.5,1,train,NS,3.0,0.8194845216854602,1,1
AT1G73380,AT1G73380.1,0,train,depleted,1.0,0.31623003764325924,0,1
AT1G73540,AT1G73540.1,0,test,depleted,1.0,0.5173155563755945,1,0
AT1G73600,AT1G73600.2,1,train,NS,1.0,0.9220572812832372,1,1
AT1G73840,AT1G73840.1,1,train,NS,3.0,0.8620187878195333,1,1
AT1G73965,AT1G73965.1,0,train,depleted,3.0,0.06283039000412634,0,1
AT1G74060,AT1G74060.1,1,train,HS,3.0,0.8962972125475469,1,1
AT1G74090,AT1G74090.1,1,train,both,2.0,0.8260017733869663,1,1
AT1G74100,AT1G74100.1,1,train,both,1.0,0.8021060765108665,1,1
AT1G74210,AT1G74210.1,0,train,depleted,1.0,0.29863614658160537,0,1
AT1G74280,AT1G74280.1,0,test,depleted,2.0,0.4680622788779323,0,1
AT1G74450,AT1G74450.1,0,val,depleted,2.0,0.6003719325147459,1,0
AT1G74640,AT1G74640.1,1,train,NS,1.0,0.9556534887497207,1,1
AT1G74930,AT1G74930.1,0,val,depleted,3.0,0.4890875432003618,0,1
AT1G75100,AT1G75100.1,1,train,NS,3.0,0.9644052264378417,1,1
AT1G75190,AT1G75190.1,1,train,NS,3.0,0.7013431164595281,1,1
AT1G75830,AT1G75830.1,0,train,depleted,2.0,0.12305671942101934,0,1
AT1G76020,AT1G76020.1,0,train,depleted,1.0,0.20522082714396017,0,1
AT1G76150,AT1G76150.1,1,train,HS,1.0,0.9063835791620029,1,1
AT1G76185,AT1G76185.1,0,test,depleted,3.0,0.3181929273157171,0,1
AT1G76650,AT1G76650.1,0,train,depleted,3.0,0.10680112162432408,0,1
AT1G76680,AT1G76680.2,1,train,HS,1.0,0.8573202612285784,1,1
AT1G76860,AT1G76860.1,0,train,depleted,1.0,0.27052354363497455,0,1
AT1G76878,AT1G76878.1,0,train,depleted,,0.12934599044497397,0,1
AT1G76970,AT1G76970.2,0,val,depleted,3.0,0.7845236364826038,1,0
AT1G77090,AT1G77090.1,0,val,depleted,1.0,0.6642570027502355,1,0
AT1G77120,AT1G77120.1,1,train,HS,1.0,0.92698830010428,1,1
AT1G77122,AT1G77122.1,0,train,depleted,2.0,0.22398837787609438,0,1
AT1G77540,AT1G77540.1,0,test,depleted,2.0,0.37869657931990147,0,1
AT1G77610,AT1G77610.1,0,test,depleted,2.0,0.5753867869479199,1,0
AT1G77680,AT1G77680.1,1,train,NS,2.0,0.9562966006979385,1,1
AT1G77750,AT1G77750.1,0,train,depleted,3.0,0.30196008011367476,0,1
AT1G77855,AT1G77855.1,0,train,depleted,1.0,0.25237667592752033,0,1
AT1G77930,AT1G77930.3,1,train,HS,1.0,0.7991995120958272,1,1
AT1G78010,AT1G78010.1,1,train,HS,1.0,0.9361075837507365,1,1
AT1G78020,AT1G78020.1,1,train,HS,3.0,0.7045603712022204,1,1
AT1G78060,AT1G78060.1,1,train,HS,1.0,0.8668427495723431,1,1
AT1G78140,AT1G78140.1,0,train,depleted,1.0,0.33573623142294534,0,1
AT1G78370,AT1G78370.1,1,train,both,1.0,0.8953151529417946,1,1
AT1G78580,AT1G78580.1,1,train,HS,2.0,0.903517104759014,1,1
AT1G78620,AT1G78620.2,1,train,both,1.0,0.8907161370310317,1,1
AT1G78915,AT1G78915.3,0,train,depleted,3.0,0.3302784944228536,0,1
AT1G78995,AT1G78995.1,1,train,NS,2.0,0.7407364527830302,1,1
AT1G79170,AT1G79170.1,0,train,depleted,3.0,0.06362483421489624,0,1
AT1G79200,AT1G79200.1,1,val,both,3.0,0.42438610006481714,0,0
AT1G79210,AT1G79210.1,0,train,depleted,1.0,0.36534744663238555,0,1
AT1G79470,AT1G79470.1,1,train,NS,1.0,0.908585702258207,1,1
AT1G79690,AT1G79690.1,1,train,HS,1.0,0.9198690250294411,1,1
AT1G80030,AT1G80030.2,1,train,HS,2.0,0.9516600497511205,1,1
AT1G80360,AT1G80360.3,1,train,HS,1.0,0.9049432621782776,1,1
AT1G80500,AT1G80500.2,1,train,NS,1.0,0.8381364899622245,1,1
AT1G80650,AT1G80650.3,1,train,HS,3.0,0.7664160689509937,1,1
AT1G80770,AT1G80770.6,1,train,HS,2.0,0.8852243817196147,1,1
AT1G80820,AT1G80820.1,0,train,depleted,1.0,0.29178300036505395,0,1
AT1G80910,AT1G80910.1,1,train,NS,2.0,0.9568045096873181,1,1
AT5G01210,AT5G01210.1,0,train,depleted,1.0,0.2653037813362167,0,1
AT5G01490,AT5G01490.1,0,train,depleted,2.0,0.2293274032775235,0,1
AT5G01650,AT5G01650.3,1,train,HS,1.0,0.8350597260761412,1,1
AT5G01870,AT5G01870.1,0,test,depleted,1.0,0.4676350950400251,0,1
AT5G01920,AT5G01920.1,1,test,HS,1.0,0.6922552783278098,1,1
AT5G02120,AT5G02120.1,1,train,HS,1.0,0.6207928130064301,1,1
AT5G02280,AT5G02280.1,1,val,NS,1.0,0.608760796486963,1,1
AT5G02490,AT5G02490.1,1,train,NS,2.0,0.9321073943859495,1,1
AT5G02610,AT5G02610.2,1,train,HS,1.0,0.787491300989288,1,1
AT5G02690,AT5G02690.1,0,train,depleted,1.0,0.10895215390904493,0,1
AT5G02710,AT5G02710.2,0,train,depleted,3.0,0.22372207710229627,0,1
AT5G03160,AT5G03160.1,0,train,depleted,2.0,0.33016971196322376,0,1
AT5G03210,AT5G03210.2,0,train,depleted,3.0,0.13194674661382433,0,1
AT5G03300,AT5G03300.1,1,train,HS,1.0,0.9236202835761612,1,1
AT5G03350,AT5G03350.1,1,train,NS,2.0,0.7618273958056968,1,1
AT5G03520,AT5G03520.1,1,test,HS,1.0,0.5753184782546226,1,1
AT5G03860,AT5G03860.1,0,train,depleted,1.0,0.34638293874080717,0,1
AT5G04230,AT5G04230.2,1,train,both,2.0,0.8876900670560839,1,1
AT5G04238,AT5G04238.1,0,train,depleted,3.0,0.024699527245199023,0,1
AT5G04520,AT5G04520.1,1,train,NS,1.0,0.7547586033631567,1,1
AT5G04850,AT5G04850.2,1,train,HS,3.0,0.8158404904619245,1,1
AT5G04900,AT5G04900.1,1,train,NS,1.0,0.9211211216859252,1,1
AT5G04950,AT5G04950.1,0,val,depleted,1.0,0.595748972546635,1,0
AT5G05000,AT5G05000.3,1,train,HS,1.0,0.8617919275543876,1,1
AT5G05230,AT5G05230.1,1,train,NS,3.0,0.8674627819008738,1,1
AT5G05290,AT5G05290.1,0,train,depleted,1.0,0.27352070685564134,0,1
AT5G05300,AT5G05300.1,0,train,depleted,1.0,0.0694908943189486,0,1
AT5G05330,AT5G05330.1,0,train,depleted,2.0,0.1859418375307782,0,1
AT5G05370,AT5G05370.1,0,train,depleted,1.0,0.13858265169175796,0,1
AT5G05410,AT5G05410.1,0,test,depleted,3.0,0.7402546416689575,1,0
AT5G05470,AT5G05470.1,1,train,NS,2.0,0.8059571172676129,1,1
AT5G05540,AT5G05540.1,0,val,depleted,2.0,0.7692052480693562,1,0
AT5G05610,AT5G05610.1,1,train,HS,2.0,0.8714071199901611,1,1
AT5G05730,AT5G05730.2,1,train,NS,1.0,0.9371916546824938,1,1
AT5G05770,AT5G05770.1,0,train,depleted,2.0,0.09878876428473496,0,1
AT5G06130,AT5G06130.2,1,train,HS,1.0,0.9090790956434367,1,1
AT5G06140,AT5G06140.1,1,train,HS,1.0,0.9091986626556541,1,1
AT5G06360,AT5G06360.1,1,train,HS,3.0,0.8729253035239525,1,1
AT5G06410,AT5G06410.1,0,test,depleted,1.0,0.7371526745373864,1,0
AT5G06640,AT5G06640.1,0,test,depleted,3.0,0.42545778064574225,0,1
AT5G06770,AT5G06770.1,1,train,HS,3.0,0.8765798781954778,1,1
AT5G07010,AT5G07010.1,1,train,both,1.0,0.8154414746615656,1,1
AT5G07030,AT5G07030.1,1,train,both,1.0,0.8882033992756968,1,1
AT5G07152,AT5G07152.1,0,train,depleted,,0.17325675891468928,0,1
AT5G07460,AT5G07460.1,1,test,HS,3.0,0.4951742246455743,0,0
AT5G07571,AT5G07571.1,0,train,depleted,2.0,0.12623905358773088,0,1
AT5G07830,AT5G07830.1,1,train,HS,1.0,0.8592280206180412,1,1
AT5G08080,AT5G08080.3,1,train,NS,3.0,0.8484695036069996,1,1
AT5G08130,AT5G08130.8,1,train,HS,3.0,0.9489491038423934,1,1
AT5G08150,AT5G08150.1,0,train,depleted,3.0,0.1506687446101359,0,1
AT5G08180,AT5G08180.1,1,train,NS,1.0,0.7016228011245286,1,1
AT5G08200,AT5G08200.1,1,val,HS,3.0,0.6714655198344243,1,1
AT5G08210,at5g08210,0,train,depleted,,0.0277043638775548,0,1
AT5G08390,AT5G08390.1,1,train,HS,3.0,0.9890070146030523,1,1
AT5G08590,AT5G08590.2,1,train,HS,2.0,0.8517059832909586,1,1
AT5G09230,AT5G09230.7,0,train,depleted,1.0,0.2741727027167957,0,1
AT5G09250,AT5G09250.2,1,train,NS,3.0,0.6617134322230874,1,1
AT5G09585,AT5G09585.1,0,train,depleted,,0.022208981556300873,0,1
AT5G09650,AT5G09650.1,1,test,HS,1.0,0.7034085478834861,1,1
AT5G09830,AT5G09830.1,1,train,HS,3.0,0.7384130791080458,1,1
AT5G09900,AT5G09900.3,1,val,HS,2.0,0.714516843376205,1,1
AT5G09995,AT5G09995.2,0,test,depleted,2.0,0.49227277869363856,0,1
AT5G10120,AT5G10120.1,0,val,depleted,3.0,0.5502181004796456,1,0
AT5G10130,AT5G10130.1,0,train,depleted,1.0,0.23517158932241294,0,1
AT5G10460,AT5G10460.1,0,train,depleted,1.0,0.2678490227887267,0,1
AT5G10630,AT5G10630.4,1,train,HS,2.0,0.9128676834290649,1,1
AT5G11340,AT5G11340.1,0,val,depleted,1.0,0.6564400865710162,1,0
AT5G11450,AT5G11450.2,1,train,HS,1.0,0.8502747003483071,1,1
AT5G11490,AT5G11490.2,1,train,HS,2.0,0.9318787673320315,1,1
AT5G11600,AT5G11600.1,0,train,depleted,3.0,0.2571680482204535,0,1
AT5G11840,AT5G11840.2,1,train,NS,3.0,0.8336610574944652,1,1
AT5G11950,AT5G11950.1,1,train,NS,2.0,0.8566895119311264,1,1
AT5G12150,AT5G12150.1,1,train,HS,3.0,0.9081262742812536,1,1
AT5G12200,AT5G12200.1,1,train,HS,1.0,0.9159904433906793,1,1
AT5G12250,AT5G12250.1,1,train,HS,2.0,0.9121500191689014,1,1
AT5G12850,AT5G12850.1,1,train,HS,3.0,0.9156779046863227,1,1
AT5G13050,AT5G13050.1,1,train,NS,1.0,0.9484204883887384,1,1
AT5G13370,AT5G13370.1,1,train,HS,1.0,0.9436003451042623,1,1
AT5G13550,AT5G13550.1,1,val,HS,2.0,0.7448259626880376,1,1
AT5G13900,AT5G13900.1,0,train,depleted,1.0,0.09432742284817447,0,1
AT5G14105,AT5G14105.1,0,val,depleted,3.0,0.17200472193495567,0,1
AT5G14200,AT5G14200.3,1,test,both,1.0,0.8108960242248584,1,1
AT5G14250,AT5G14250.2,1,val,NS,1.0,0.8220610104369477,1,1
AT5G14330,AT5G14330.1,0,train,depleted,3.0,0.10391525813251935,0,1
AT5G14600,AT5G14600.1,1,val,HS,2.0,0.59249889382623,1,1
AT5G14750,AT5G14750.1,0,train,depleted,2.0,0.11095679315208734,0,1
AT5G14790,AT5G14790.1,1,val,HS,2.0,0.7341138046316091,1,1
AT5G14910,AT5G14910.1,1,val,HS,1.0,0.5364168834888144,1,1
AT5G14930,AT5G14930.2,1,train,HS,1.0,0.7584833363862977,1,1
AT5G15200,AT5G15200.1,1,train,HS,2.0,0.7950826311916093,1,1
AT5G15390,AT5G15390.2,1,val,NS,1.0,0.7828356189822575,1,1
AT5G15530,AT5G15530.1,1,train,HS,3.0,0.8859788424976296,1,1
AT5G15750,AT5G15750.1,0,val,depleted,1.0,0.3913407665047501,0,1
AT5G15802,AT5G15802.1,1,train,NS,1.0,0.7414945210122285,1,1
AT5G15960,AT5G15960.1,1,train,HS,3.0,0.5133315051944022,1,1
AT5G16050,AT5G16050.2,1,train,NS,2.0,0.8549494748546205,1,1
AT5G16120,AT5G16120.4,1,train,HS,1.0,0.7757863957124788,1,1
AT5G16290,AT5G16290.1,1,train,HS,1.0,0.9584977059055207,1,1
AT5G16360,AT5G16360.1,0,train,depleted,1.0,0.22327787569734991,0,1
AT5G16440,AT5G16440.1,1,val,NS,1.0,0.6661497989033854,1,1
AT5G16730,AT5G16730.1,1,val,HS,3.0,0.842774790775958,1,1
AT5G16810,AT5G16810.1,1,train,HS,1.0,0.7509141800402801,1,1
AT5G17290,AT5G17290.1,0,train,depleted,1.0,0.3112973445431458,0,1
AT5G17350,AT5G17350.1,0,test,depleted,1.0,0.32600232026018733,0,1
AT5G17820,AT5G17820.2,0,val,depleted,1.0,0.39950982966342147,0,1
AT5G17870,AT5G17870.2,1,train,HS,3.0,0.6957610702048015,1,1
AT5G17920,AT5G17920.1,1,test,HS,1.0,0.8297497539350924,1,1
AT5G17990,AT5G17990.1,1,train,HS,1.0,0.9510693798511467,1,1
AT5G18100,AT5G18100.1,1,train,HS,2.0,0.7538168833784686,1,1
AT5G18250,AT5G18250.1,0,val,depleted,2.0,0.43027830897108144,0,1
AT5G18600,AT5G18600.1,0,val,depleted,1.0,0.5333814205010237,1,0
AT5G18610,AT5G18610.2,1,test,HS,3.0,0.8514317367612536,1,1
AT5G19050,AT5G19050.1,1,train,HS,2.0,0.8338092371231073,1,1
AT5G19140,AT5G19140.1,1,test,HS,1.0,0.7883671471315649,1,1
AT5G19420,AT5G19420.2,1,train,NS,3.0,0.985030790934358,1,1
AT5G19480,AT5G19480.3,1,train,both,3.0,0.848758122344985,1,1
AT5G19510,AT5G19510.1,1,train,HS,3.0,0.8567452974269198,1,1
AT5G19690,AT5G19690.1,1,train,HS,2.0,0.8575409641811089,1,1
AT5G19940,AT5G19940.1,1,test,HS,1.0,0.8453671928951889,1,1
AT5G19950,AT5G19950.1,1,train,HS,3.0,0.8667038117748874,1,1
AT5G19990,AT5G19990.1,1,train,HS,2.0,0.944518628391299,1,1
AT5G20040,AT5G20040.3,0,train,depleted,1.0,0.3640815227149655,0,1
AT5G20070,AT5G20070.1,1,train,HS,1.0,0.9206671447511932,1,1
AT5G20500,AT5G20500.1,1,train,HS,1.0,0.7896654439424144,1,1
AT5G20570,AT5G20570.2,1,train,HS,2.0,0.72321921667806,1,1
AT5G20790,AT5G20790.1,0,train,depleted,2.0,0.22024770272361893,0,1
AT5G20935,AT5G20935.1,0,test,depleted,1.0,0.29787917059671254,0,1
AT5G21274,AT5G21274.1,1,train,HS,1.0,0.7716294435393366,1,1
AT5G21430,AT5G21430.1,1,train,HS,3.0,0.7520090307075642,1,1
AT5G21920,AT5G21920.1,0,train,depleted,2.0,0.25677759454403165,0,1
AT5G22040,AT5G22040.2,1,train,HS,3.0,0.891194070687492,1,1
AT5G22250,AT5G22250.1,0,test,depleted,1.0,0.5949806171046861,1,0
AT5G22330,AT5G22330.1,1,train,HS,1.0,0.9479023812235869,1,1
AT5G22510,AT5G22510.1,1,train,HS,1.0,0.9643436531829839,1,1
AT5G22790,AT5G22790.1,1,train,HS,2.0,0.9598418365087716,1,1
AT5G22830,AT5G22830.1,1,train,HS,2.0,0.9324376129162121,1,1
AT5G22880,AT5G22880.1,1,train,both,3.0,0.7709827889095077,1,1
AT5G23010,AT5G23010.3,1,train,both,1.0,0.9076567959675833,1,1
AT5G23050,AT5G23050.1,1,train,both,1.0,0.9343180135788804,1,1
AT5G23200,AT5G23200.1,1,train,NS,3.0,0.9196466429770586,1,1
AT5G23330,AT5G23330.1,1,train,HS,1.0,0.7379563819200765,1,1
AT5G23400,AT5G23400.1,1,train,NS,1.0,0.8368975562511604,1,1
AT5G23580,AT5G23580.1,1,train,NS,1.0,0.8957560494544158,1,1
AT5G23840,AT5G23840.1,0,test,depleted,2.0,0.3133390820059748,0,1
AT5G23860,AT5G23860.1,1,train,HS,2.0,0.8653440818312792,1,1
AT5G24020,AT5G24020.1,1,train,HS,1.0,0.8477314786095187,1,1
AT5G24210,AT5G24210.2,1,val,NS,2.0,0.5780384132087123,1,1
AT5G24314,AT5G24314.2,1,train,HS,1.0,0.6897170904961272,1,1
AT5G24400,AT5G24400.1,1,train,HS,1.0,0.9128962449451223,1,1
AT5G24850,AT5G24850.1,1,train,NS,1.0,0.8970819630156729,1,1
AT5G25890,AT5G25890.1,0,train,depleted,3.0,0.2173234030205052,0,1
AT5G25940,AT5G25940.1,1,train,HS,2.0,0.522900349641287,1,1
AT5G26360,AT5G26360.1,1,train,HS,1.0,0.9128225240967746,1,1
AT5G26742,AT5G26742.2,1,test,HS,2.0,0.9552131224538165,1,1
AT5G26751,AT5G26751.1,1,val,HS,2.0,0.70084600843059,1,1
AT5G27030,AT5G27030.2,1,train,HS,2.0,0.9624250446164423,1,1
AT5G27120,AT5G27120.1,1,train,NS,2.0,0.8977508470698878,1,1
AT5G27400,AT5G27400.1,0,train,depleted,1.0,0.26109128847482976,0,1
AT5G27450,AT5G27450.2,1,train,HS,1.0,0.8562690590323647,1,1
AT5G27560,AT5G27560.3,1,train,HS,2.0,0.9215928698513274,1,1
AT5G27700,AT5G27700.1,1,test,HS,2.0,0.39977982926732064,0,0
AT5G27770,AT5G27770.1,1,train,HS,1.0,0.7194309089144233,1,1
AT5G28050,AT5G28050.3,1,train,HS,1.0,0.749149421556307,1,1
AT5G28500,AT5G28500.1,1,train,HS,2.0,0.8268238635852017,1,1
AT5G28840,AT5G28840.1,1,train,HS,1.0,0.8803308335356284,1,1
AT5G30490,AT5G30490.2,1,train,HS,3.0,0.8291897890792329,1,1
AT5G35700,AT5G35700.1,1,test,HS,2.0,0.802718454252675,1,1
AT5G35980,AT5G35980.2,1,test,HS,3.0,0.8562845949406545,1,1
AT5G36130,AT5G36130.1,0,train,depleted,1.0,0.2395642826196062,0,1
AT5G36170,AT5G36170.1,1,train,HS,1.0,0.9058942137037607,1,1
AT5G36210,AT5G36210.1,1,test,HS,1.0,0.7420723991443562,1,1
AT5G37475,AT5G37475.2,1,val,HS,3.0,0.6686186838962309,1,1
AT5G37770,AT5G37770.1,0,train,depleted,1.0,0.2067439687004289,0,1
AT5G38000,AT5G38000.1,0,train,depleted,1.0,0.3317255520976411,0,1
AT5G38060,AT5G38060.1,1,train,NS,1.0,0.6267997671144541,1,1
AT5G38110,AT5G38110.1,0,train,depleted,3.0,0.24900068404700196,0,1
AT5G38520,AT5G38520.2,1,train,HS,1.0,0.8799071420747508,1,1
AT5G38720,AT5G38720.2,1,train,NS,3.0,0.7251703964747266,1,1
AT5G39210,AT5G39210.1,0,train,depleted,1.0,0.17186010785628256,0,1
AT5G39320,AT5G39320.1,1,val,HS,1.0,0.7774041355806438,1,1
AT5G39410,AT5G39410.1,1,train,HS,2.0,0.9194535871005567,1,1
AT5G39730,AT5G39730.1,1,train,NS,3.0,0.7582205402449294,1,1
AT5G39785,AT5G39785.4,0,train,depleted,2.0,0.2516285211011822,0,1
AT5G39850,AT5G39850.1,1,train,HS,2.0,0.7910115197392259,1,1
AT5G40180,AT5G40180.1,0,train,depleted,1.0,0.13123342574994462,0,1
AT5G40330,AT5G40330.1,0,train,depleted,1.0,0.20654958587649458,0,1
AT5G41210,AT5G41210.1,1,train,HS,1.0,0.8663733130244118,1,1
AT5G41330,AT5G41330.1,1,train,NS,1.0,0.8984067568642891,1,1
AT5G42050,AT5G42050.1,1,train,HS,3.0,0.8543381285952242,1,1
AT5G42070,AT5G42070.1,1,train,HS,3.0,0.7002206492001545,1,1
AT5G42100,AT5G42100.1,1,train,HS,2.0,0.8538393899699585,1,1
AT5G42765,AT5G42765.1,1,train,HS,1.0,0.709821047191389,1,1
AT5G42900,AT5G42900.2,0,train,depleted,3.0,0.2380209652122649,0,1
AT5G42950,AT5G42950.1,1,test,HS,3.0,0.9286126892919297,1,1
AT5G42990,AT5G42990.1,1,train,both,2.0,0.7650405073095771,1,1
AT5G43050,AT5G43050.1,0,train,depleted,1.0,0.21218572873671235,0,1
AT5G43140,AT5G43140.1,0,test,depleted,1.0,0.6322530823080317,1,0
AT5G43270,AT5G43270.1,0,train,depleted,3.0,0.2968638141126144,0,1
AT5G43280,AT5G43280.2,1,test,HS,1.0,0.5622248110809186,1,1
AT5G43350,AT5G43350.1,0,test,depleted,1.0,0.6313536939512521,1,0
AT5G43370,AT5G43370.1,0,test,depleted,1.0,0.6037099458596481,1,0
AT5G43403,AT5G43403.1,0,train,depleted,,0.07183036541674621,0,1
AT5G43580,AT5G43580.1,0,train,depleted,2.0,0.07237771483452322,0,1
AT5G43600,AT5G43600.1,1,train,HS,1.0,0.8529025259533601,1,1
AT5G43620,AT5G43620.1,0,train,depleted,3.0,0.26794761413529716,0,1
AT5G43830,AT5G43830.1,1,test,HS,2.0,0.7003850932907572,1,1
AT5G43850,AT5G43850.1,1,train,HS,1.0,0.8206180686884044,1,1
AT5G43970,AT5G43970.1,1,train,HS,3.0,0.6628591019219372,1,1
AT5G44070,AT5G44070.1,1,test,HS,1.0,0.8909976913609132,1,1
AT5G44200,AT5G44200.2,1,train,HS,3.0,0.8754056602264303,1,1
AT5G44450,AT5G44450.2,1,train,HS,2.0,0.7899184448174901,1,1
AT5G45070,AT5G45070.1,0,train,depleted,1.0,0.2426902426923675,0,1
AT5G45340,AT5G45340.1,0,val,depleted,1.0,0.5278771161511822,1,0
AT5G45775,AT5G45775.2,1,train,HS,1.0,0.8567318220221926,1,1
AT5G46020,AT5G46020.1,1,test,HS,3.0,0.5228477166519253,1,1
AT5G46110,AT5G46110.4,1,val,HS,2.0,0.6103303929362442,1,1
AT5G46890,AT5G46890.1,0,val,depleted,2.0,0.1617135606659374,0,1
AT5G46960,AT5G46960.1,0,train,depleted,1.0,0.166303235203473,0,1
AT5G47010,AT5G47010.1,1,train,HS,3.0,0.9689661968220292,1,1
AT5G47190,AT5G47190.1,1,train,HS,3.0,0.8485665721930775,1,1
AT5G47435,AT5G47435.2,1,train,NS,1.0,0.9149320105941492,1,1
AT5G47550,AT5G47550.1,0,train,depleted,2.0,0.167025961594647,0,1
AT5G47590,AT5G47590.1,0,train,depleted,1.0,0.33662206747478135,0,1
AT5G47630,AT5G47630.2,1,train,HS,1.0,0.6824113401595182,1,1
AT5G47650,AT5G47650.2,1,train,HS,2.0,0.8956746541171089,1,1
AT5G47710,AT5G47710.1,1,train,HS,1.0,0.9108214833933242,1,1
AT5G47770,AT5G47770.1,1,test,HS,1.0,0.7752188311131643,1,1
AT5G47930,AT5G47930.1,1,train,both,1.0,0.6607975963922258,1,1
AT5G47960,AT5G47960.1,0,test,depleted,1.0,0.5163758555080256,1,0
AT5G47990,AT5G47990.1,0,train,depleted,1.0,0.3870162266830049,0,1
AT5G48020,AT5G48020.1,1,train,HS,2.0,0.9000007473368732,1,1
AT5G48220,AT5G48220.1,1,test,HS,2.0,0.7706961964772457,1,1
AT5G48290,AT5G48290.3,0,val,depleted,3.0,0.5334058708576344,1,0
AT5G48370,AT5G48370.1,1,test,HS,1.0,0.6914451071652375,1,1
AT5G48680,AT5G48680.1,1,test,NS,3.0,0.7265963679519564,1,1
AT5G48870,AT5G48870.1,1,train,NS,2.0,0.6885561462992852,1,1
AT5G48880,AT5G48880.2,1,train,NS,1.0,0.8746219825437802,1,1
AT5G48930,AT5G48930.1,1,val,both,1.0,0.7512542799216477,1,1
AT5G49170,AT5G49170.1,0,train,depleted,1.0,0.20138525126441006,0,1
AT5G49210,AT5G49210.1,0,train,depleted,1.0,0.30172169919207237,0,1
AT5G49220,AT5G49220.1,1,val,NS,3.0,0.8025918462313757,1,1
AT5G49510,AT5G49510.1,1,train,both,2.0,0.8464251906322315,1,1
AT5G50370,AT5G50370.1,0,test,depleted,1.0,0.7008635083303134,1,0
AT5G50460,AT5G50460.1,1,val,NS,3.0,0.43196909219373775,0,0
AT5G50760,AT5G50760.1,0,train,depleted,3.0,0.13513508494390414,0,1
AT5G50810,AT5G50810.1,0,val,depleted,1.0,0.4799918701784602,0,1
AT5G50950,AT5G50950.1,1,train,NS,2.0,0.9776964556286448,1,1
AT5G50950,AT5G50950.1,1,train,NS,2.0,0.9776964556286448,1,1
AT5G50950,AT5G50950.1,1,train,NS,2.0,0.9776964556286448,1,1
AT5G50950,AT5G50950.1,1,train,NS,2.0,0.9776964556286448,1,1
AT5G51120,AT5G51120.2,1,train,HS,3.0,0.8145624159482632,1,1
AT5G51190,AT5G51190.1,0,train,depleted,2.0,0.2586292957047694,0,1
AT5G51550,AT5G51550.1,1,train,both,1.0,0.7321937632580746,1,1
AT5G51580,AT5G51580.1,0,val,depleted,1.0,0.5037379817559734,1,0
AT5G51830,AT5G51830.1,1,train,NS,1.0,0.8737879880244652,1,1
AT5G52020,AT5G52020.1,0,test,depleted,3.0,0.4648400608550022,0,1
AT5G52100,AT5G52100.1,1,val,HS,1.0,0.678082803579184,1,1
AT5G52380,AT5G52380.1,1,train,NS,3.0,0.7750567831435232,1,1
AT5G52440,AT5G52440.1,1,train,NS,3.0,0.796132223348604,1,1
AT5G52580,AT5G52580.2,1,train,HS,3.0,0.9142110164795454,1,1
AT5G52650,AT5G52650.1,1,train,HS,3.0,0.8247513678603238,1,1
AT5G52810,AT5G52810.1,1,train,NS,1.0,0.8603996854428606,1,1
AT5G52820,AT5G52820.1,1,val,both,2.0,0.7914745208652867,1,1
AT5G53045,AT5G53045.1,0,train,depleted,1.0,0.23701127969731833,0,1
AT5G53120,AT5G53120.3,1,test,NS,1.0,0.6627897097309916,1,1
AT5G53310,AT5G53310.1,1,train,NS,3.0,0.8037363310998976,1,1
AT5G53330,AT5G53330.1,1,test,HS,3.0,0.5478534187451055,1,1
AT5G53530,AT5G53530.1,1,train,HS,1.0,0.8299807489761799,1,1
AT5G53580,AT5G53580.1,1,test,HS,1.0,0.7387046389076786,1,1
AT5G53740,AT5G53740.1,0,train,depleted,3.0,0.16378296201229403,0,1
AT5G54095,AT5G54095.1,0,train,depleted,3.0,0.24942426125543102,0,1
AT5G54110,AT5G54110.2,1,train,HS,3.0,0.7506102741346456,1,1
AT5G54270,AT5G54270.1,1,train,HS,1.0,0.8947445163288564,1,1
AT5G54300,AT5G54300.1,1,train,HS,3.0,0.7153129561896663,1,1
AT5G54440,AT5G54440.1,1,train,HS,1.0,0.9390262625870786,1,1
AT5G54490,AT5G54490.1,0,val,depleted,2.0,0.29502390865688893,0,1
AT5G54750,AT5G54750.2,1,train,HS,1.0,0.7771769590751973,1,1
AT5G55110,AT5G55110.1,0,train,depleted,2.0,0.13140076613752952,0,1
AT5G55160,AT5G55160.2,1,train,HS,2.0,0.7730604336790862,1,1
AT5G55370,AT5G55370.1,0,train,depleted,1.0,0.16611317005356682,0,1
AT5G55670,AT5G55670.1,1,val,HS,3.0,0.8356961399501,1,1
AT5G55730,AT5G55730.1,1,train,HS,2.0,0.9012631569394848,1,1
AT5G56020,AT5G56020.1,1,val,HS,3.0,0.551816590366396,1,1
AT5G56140,AT5G56140.1,1,train,HS,3.0,0.9207747698077645,1,1
AT5G56600,AT5G56600.1,1,train,both,1.0,0.663172220539787,1,1
AT5G56900,AT5G56900.2,1,val,NS,2.0,0.8755868189455269,1,1
AT5G57000,AT5G57000.1,0,train,depleted,3.0,0.2522403745653386,0,1
AT5G57015,AT5G57015.1,1,train,NS,3.0,0.8882337276795945,1,1
AT5G57120,AT5G57120.1,0,train,depleted,3.0,0.2700995578668127,0,1
AT5G57300,AT5G57300.2,0,train,depleted,1.0,0.27043271596079593,0,1
AT5G57350,AT5G57350.1,1,train,HS,1.0,0.9517085118869963,1,1
AT5G57960,AT5G57960.2,1,train,HS,1.0,0.9607558561090347,1,1
AT5G58005,AT5G58005.2,1,val,NS,2.0,0.17782877466674052,0,0
AT5G58230,AT5G58230.1,0,train,depleted,1.0,0.3990897542525148,0,1
AT5G58240,AT5G58240.1,1,train,HS,1.0,0.7798758675624501,1,1
AT5G58490,AT5G58490.1,1,train,HS,1.0,0.8190928170017733,1,1
AT5G58710,AT5G58710.1,1,test,NS,1.0,0.5307623856056912,1,1
AT5G59210,AT5G59210.1,1,train,NS,3.0,0.8785375392735654,1,1
AT5G59380,AT5G59380.1,0,train,depleted,3.0,0.27727347702227023,0,1
AT5G59470,AT5G59470.1,0,test,depleted,1.0,0.34179086996118035,0,1
AT5G59890,AT5G59890.1,1,val,HS,1.0,0.7419705898768367,1,1
AT5G60210,AT5G60210.5,1,train,HS,3.0,0.908963713994546,1,1
AT5G60590,AT5G60590.2,0,train,depleted,1.0,0.26141249484400275,0,1
AT5G60660,AT5G60660.1,0,train,depleted,2.0,0.21042408764817142,0,1
AT5G60840,AT5G60840.1,1,test,HS,3.0,0.5108327023753504,1,1
AT5G60980,AT5G60980.3,1,train,HS,3.0,0.9002187383251907,1,1
AT5G61030,AT5G61030.1,1,test,NS,3.0,0.6807099992567417,1,1
AT5G61060,AT5G61060.2,1,train,HS,1.0,0.9220412297171122,1,1
AT5G61220,AT5G61220.2,0,val,depleted,1.0,0.46079833933779873,0,1
AT5G61310,AT5G61310.2,0,val,depleted,1.0,0.5144618787617666,1,0
AT5G61455,AT5G61455.1,0,train,depleted,,0.057500765280994674,0,1
AT5G61760,AT5G61760.2,1,train,HS,2.0,0.8265478295540218,1,1
AT5G62560,AT5G62560.1,1,test,HS,3.0,0.6590505214451788,1,1
AT5G62690,AT5G62690.1,1,train,HS,2.0,0.9550873168594972,1,1
AT5G62930,AT5G62930.2,1,train,HS,1.0,0.7792289518379873,1,1
AT5G63120,AT5G63120.4,1,train,HS,3.0,0.9642840507367265,1,1
AT5G63130,AT5G63130.2,0,train,depleted,3.0,0.1996617890122291,0,1
AT5G63180,AT5G63180.1,1,val,HS,2.0,0.597809927787659,1,1
AT5G63280,AT5G63280.1,0,train,depleted,2.0,0.2243177888798692,0,1
AT5G63480,AT5G63480.1,0,train,depleted,3.0,0.14599466136861075,0,1
AT5G63600,AT5G63600.2,0,train,depleted,2.0,0.2983801658340453,0,1
AT5G63620,AT5G63620.3,1,train,HS,1.0,0.9535477992158957,1,1
AT5G63660,AT5G63660.1,0,val,depleted,2.0,0.20672580070858249,0,1
AT5G63670,AT5G63670.1,0,train,depleted,1.0,0.33252677075221526,0,1
AT5G63980,AT5G63980.1,1,train,both,1.0,0.7654425864855323,1,1
AT5G64140,AT5G64140.1,1,train,HS,3.0,0.7486678930062742,1,1
AT5G64160,AT5G64160.1,1,train,HS,3.0,0.7770482598406461,1,1
AT5G64220,AT5G64220.2,1,test,HS,2.0,0.9852420918558953,1,1
AT5G64310,AT5G64310.1,0,test,depleted,3.0,0.2521208485853565,0,1
AT5G64350,AT5G64350.1,1,train,HS,3.0,0.8236788074607273,1,1
AT5G64370,AT5G64370.1,1,train,HS,1.0,0.8610719778508007,1,1
AT5G64460,AT5G64460.8,1,train,HS,1.0,0.9864268757040258,1,1
AT5G64460,AT5G64460.8,1,train,HS,1.0,0.9864268757040258,1,1
AT5G64460,AT5G64460.8,1,train,HS,1.0,0.9864268757040258,1,1
AT5G64460,AT5G64460.8,1,train,HS,1.0,0.9864268757040258,1,1
AT5G64480,AT5G64480.2,1,train,NS,1.0,0.6923825278040541,1,1
AT5G64570,AT5G64570.2,1,train,HS,1.0,0.8420145261678055,1,1
AT5G64610,AT5G64610.1,1,val,both,2.0,0.6733869196639525,1,1
AT5G64650,AT5G64650.1,0,test,depleted,3.0,0.44769086102248995,0,1
AT5G64680,AT5G64680.3,1,train,NS,3.0,0.7115153449384644,1,1
AT5G64816,AT5G64816.3,0,train,depleted,1.0,0.24834848638213092,0,1
AT5G64940,AT5G64940.1,1,train,HS,2.0,0.9570597442543307,1,1
AT5G65010,AT5G65010.2,1,train,HS,1.0,0.8998439890289237,1,1
AT5G65207,AT5G65207.1,0,train,depleted,1.0,0.04983521192490953,0,1
AT5G65270,AT5G65270.1,1,test,HS,2.0,0.5851942264889065,1,1
AT5G65430,AT5G65430.3,1,train,HS,1.0,0.8002433278342312,1,1
AT5G65609,AT5G65609.1,0,train,depleted,3.0,0.06771979841640206,0,1
AT5G65780,AT5G65780.2,1,train,NS,3.0,0.8527200264683795,1,1
AT5G65770,AT5G65770.2,0,train,depleted,3.0,0.35718536158158637,0,1
AT5G66607,AT5G66607.1,0,train,depleted,3.0,0.08455019803543086,0,1
AT5G66930,AT5G66930.3,0,test,depleted,2.0,0.4657168725880543,0,1
AT5G67380,AT5G67380.1,1,train,HS,1.0,0.8881870784381217,1,1
AT5G67430,AT5G67430.1,0,val,depleted,1.0,0.5843082356739404,1,0
AT5G67490,AT5G67490.1,1,val,HS,3.0,0.3494580047782913,0,0
AT5G67560,AT5G67560.1,1,train,HS,1.0,0.8709637028116851,1,1
AT3G01050,AT3G01050.3,0,train,depleted,1.0,0.28638241408398596,0,1
AT3G01120,AT3G01120.1,1,train,both,1.0,0.936202685746002,1,1
AT3G01180,AT3G01180.1,1,test,HS,2.0,0.9308238491919969,1,1
AT3G01210,AT3G01210.1,0,val,depleted,1.0,0.5765167985714806,1,0
AT3G01290,AT3G01290.1,1,train,HS,1.0,0.8591621480579845,1,1
AT3G01316,AT3G01316.1,0,train,depleted,,0.033384686400171865,0,1
AT3G01340,AT3G01340.1,1,train,HS,1.0,0.8479418075281048,1,1
AT3G01440,AT3G01440.1,1,test,NS,1.0,0.45452612664711217,0,0
AT3G01470,AT3G01470.1,0,val,depleted,3.0,0.5943252191745525,1,0
AT3G01590,AT3G01590.1,1,train,HS,1.0,0.917125732145187,1,1
AT3G01670,AT3G01670.2,1,train,both,2.0,0.8889037259197788,1,1
AT3G02190,AT3G02190.1,1,train,NS,1.0,0.5634240660320018,1,1
AT3G02220,AT3G02220.1,1,train,NS,3.0,0.815281626888754,1,1
AT3G02480,AT3G02480.1,0,train,depleted,3.0,0.15763234407758964,0,1
AT3G02630,AT3G02630.1,1,train,HS,1.0,0.9026788621930648,1,1
AT3G02660,AT3G02660.2,1,val,HS,1.0,0.6812701612059485,1,1
AT3G02840,AT3G02840.1,0,train,depleted,1.0,0.22367890791807862,0,1
AT3G02860,AT3G02860.2,1,train,HS,3.0,0.8394772456350608,1,1
AT3G02875,AT3G02875.3,1,train,NS,1.0,0.8799033294527904,1,1
AT3G03010,AT3G03010.2,0,train,depleted,1.0,0.21731120191090345,0,1
AT3G03180,AT3G03180.3,0,test,depleted,1.0,0.25776313803559214,0,1
AT3G03280,AT3G03280.1,0,test,depleted,2.0,0.2456262392704537,0,1
AT3G03640,AT3G03640.1,0,train,depleted,1.0,0.32442660928890116,0,1
AT3G03780,AT3G03780.3,1,test,both,1.0,0.8243386651313284,1,1
AT3G03830,AT3G03830.1,0,test,depleted,1.0,0.296178049181782,0,1
AT3G04060,AT3G04060.1,0,train,depleted,3.0,0.26857183781244615,0,1
AT3G04760,AT3G04760.1,1,train,HS,2.0,0.9007800715268229,1,1
AT3G04770,AT3G04770.1,1,val,NS,1.0,0.7844635171331253,1,1
AT3G04920,AT3G04920.2,1,train,HS,1.0,0.8365123380523152,1,1
AT3G04940,AT3G04940.1,1,test,NS,1.0,0.8166727849554848,1,1
AT3G05020,AT3G05020.1,1,test,HS,1.0,0.4492209381981108,0,0
AT3G05060,AT3G05060.1,0,train,depleted,2.0,0.45917554100241165,0,1
AT3G05180,AT3G05180.1,1,test,HS,1.0,0.40364924072165137,0,0
AT3G05270,AT3G05270.3,1,test,HS,3.0,0.7938878008549851,1,1
AT3G05520,AT3G05520.2,1,train,HS,1.0,0.8069122537677534,1,1
AT3G05560,AT3G05560.3,1,train,HS,1.0,0.798726915206757,1,1
AT3G06110,AT3G06110.2,1,val,both,1.0,0.5950747170461212,1,1
AT3G06200,AT3G06200.1,1,train,NS,2.0,0.8930650331749941,1,1
AT3G06410,AT3G06410.1,1,train,HS,3.0,0.9147332845141837,1,1
AT3G06980,AT3G06980.1,1,train,HS,3.0,0.9418981569622419,1,1
AT3G07050,AT3G07050.1,1,train,NS,3.0,0.9594575040199685,1,1
AT3G07090,AT3G07090.1,1,test,NS,3.0,0.5111369510071486,1,1
AT3G07300,AT3G07300.3,1,train,HS,2.0,0.9145516347754331,1,1
AT3G07390,AT3G07390.1,1,train,HS,3.0,0.7806585058617795,1,1
AT3G07690,AT3G07690.1,1,train,HS,1.0,0.853122220562714,1,1
AT3G07720,AT3G07720.1,0,train,depleted,1.0,0.29714147865731,0,1
AT3G07810,AT3G07810.2,1,train,HS,3.0,0.9157975512074924,1,1
AT3G07950,AT3G07950.1,0,train,depleted,2.0,0.2717142883661432,0,1
AT3G08010,AT3G08010.1,1,val,HS,2.0,0.5625716745700713,1,1
AT3G08030,AT3G08030.1,1,val,HS,1.0,0.7906520605848177,1,1
AT3G08670,AT3G08670.1,1,train,HS,3.0,0.9572380975319246,1,1
AT3G08780,AT3G08780.2,1,train,HS,1.0,0.7897368195935481,1,1
AT3G09490,AT3G09490.1,0,train,depleted,1.0,0.3416437014931907,0,1
AT3G09500,AT3G09500.1,1,train,HS,1.0,0.8426513563484385,1,1
AT3G09540,AT3G09540.1,0,val,depleted,2.0,0.7179303693251589,1,0
AT3G09925,AT3G09925.1,0,test,depleted,1.0,0.2851401711244302,0,1
AT3G09980,AT3G09980.1,1,train,NS,3.0,0.761146524180113,1,1
AT3G10070,AT3G10070.1,1,train,both,3.0,0.9151543650362005,1,1
AT3G10330,AT3G10330.1,1,test,HS,2.0,0.6832096178201107,1,1
AT3G10340,AT3G10340.1,1,train,both,1.0,0.9086647015111281,1,1
AT3G10940,AT3G10940.1,1,train,HS,1.0,0.8532927218116638,1,1
AT3G11200,AT3G11200.1,1,train,HS,3.0,0.7797192373016819,1,1
AT3G11270,AT3G11270.1,0,train,depleted,1.0,0.24158148076554753,0,1
AT3G11500,AT3G11500.2,1,train,HS,2.0,0.720544598115041,1,1
AT3G11510,AT3G11510.1,1,train,HS,3.0,0.8737592344850243,1,1
AT3G11600,AT3G11600.1,0,train,depleted,3.0,0.2081404722251596,0,1
AT3G11930,AT3G11930.3,1,train,both,3.0,0.7653454959545092,1,1
AT3G11945,AT3G11945.2,1,train,NS,1.0,0.8182001821681376,1,1
AT3G12250,AT3G12250.4,0,train,depleted,3.0,0.2587834757393488,0,1
AT3G12685,AT3G12685.1,1,train,NS,1.0,0.6712318134411691,1,1
AT3G13060,AT3G13060.1,1,train,HS,3.0,0.9604024060174002,1,1
AT3G13275,AT3G13275.1,0,test,depleted,3.0,0.11937392990368641,0,1
AT3G13710,AT3G13710.1,0,train,depleted,3.0,0.2157605831994758,0,1
AT3G13800,AT3G13800.1,0,train,depleted,1.0,0.37936695185445457,0,1
AT3G13860,AT3G13860.1,1,train,NS,1.0,0.9409067494527376,1,1
AT3G14010,AT3G14010.5,1,train,HS,3.0,0.9754997519071587,1,1
AT3G14415,AT3G14415.2,1,val,HS,1.0,0.8163070780712524,1,1
AT3G14680,AT3G14680.1,0,train,depleted,1.0,0.3348050705342306,0,1
AT3G14930,AT3G14930.2,1,train,HS,1.0,0.9597143271207,1,1
AT3G14940,AT3G14940.1,0,train,depleted,1.0,0.4269046691913057,0,1
AT3G14990,AT3G14990.1,1,test,both,1.0,0.7939820478432095,1,1
AT3G15090,AT3G15090.1,0,train,depleted,1.0,0.3658732855534634,0,1
AT3G15180,AT3G15180.2,1,train,HS,1.0,0.8985051872600855,1,1
AT3G15220,AT3G15220.1,1,val,HS,3.0,0.8148844875534359,1,1
AT3G15260,AT3G15260.1,1,train,NS,1.0,0.9088459473216445,1,1
AT3G15290,AT3G15290.1,1,train,both,1.0,0.835406034088667,1,1
AT3G15500,AT3G15500.1,0,val,depleted,3.0,0.4826653221930144,0,1
AT3G15610,AT3G15610.1,1,train,both,2.0,0.8739854274874927,1,1
AT3G15660,AT3G15660.1,1,train,NS,3.0,0.7584738370990652,1,1
AT3G15810,AT3G15810.1,1,train,HS,1.0,0.7530049351642604,1,1
AT3G16020,AT3G16020.1,0,train,depleted,1.0,0.12751227713614305,0,1
AT3G16190,AT3G16190.1,1,test,HS,1.0,0.5335718016251795,1,1
AT3G16270,AT3G16270.2,1,train,HS,3.0,0.9639439949480262,1,1
AT3G16470,AT3G16470.1,1,train,HS,1.0,0.9198990147739015,1,1
AT3G16670,AT3G16670.1,0,train,depleted,1.0,0.1252828450903923,0,1
AT3G16750,AT3G16750.2,0,test,depleted,3.0,0.5038209916733829,1,0
AT3G16950,AT3G16950.2,1,train,HS,2.0,0.9691517992541983,1,1
AT3G17520,AT3G17520.1,0,train,depleted,3.0,0.2817253833806984,0,1
AT3G17668,AT3G17668.1,0,train,depleted,2.0,0.2184116448439008,0,1
AT3G17790,AT3G17790.1,1,val,HS,1.0,0.6107183376783334,1,1
AT3G17860,AT3G17860.1,0,train,depleted,3.0,0.31077735707217585,0,1
AT3G18190,AT3G18190.1,1,train,HS,1.0,0.9265503286376783,1,1
AT3G18280,AT3G18280.2,1,test,NS,2.0,0.19410627415593598,0,0
AT3G18500,AT3G18500.3,1,train,NS,2.0,0.8348840516059934,1,1
AT3G18760,AT3G18760.1,0,test,depleted,2.0,0.40318338953781724,0,1
AT3G18870,AT3G18870.1,0,train,depleted,1.0,0.23242946713732077,0,1
AT3G19220,AT3G19220.1,0,test,depleted,2.0,0.5718317269167232,1,0
AT3G19290,AT3G19290.3,1,train,HS,3.0,0.9211387304381243,1,1
AT3G19330,AT3G19330.1,0,train,depleted,2.0,0.35426020622591814,0,1
AT3G19390,AT3G19390.1,0,test,depleted,1.0,0.8349507993580333,1,0
AT3G19660,AT3G19660.1,0,val,depleted,1.0,0.39700956551892425,0,1
AT3G19720,AT3G19720.1,1,train,HS,1.0,0.9577876976683561,1,1
AT3G19770,AT3G19770.1,1,train,HS,3.0,0.9685217662594986,1,1
AT3G19900,AT3G19900.2,1,train,NS,2.0,0.7316168982865014,1,1
AT3G20362,AT3G20362.1,0,train,depleted,1.0,0.0483008360859787,0,1
AT3G20810,AT3G20810.5,1,train,NS,1.0,0.8609594074987738,1,1
AT3G21090,AT3G21090.1,1,train,HS,2.0,0.9071157005079614,1,1
AT3G21200,AT3G21200.1,1,test,HS,1.0,0.6685048070233663,1,1
AT3G21230,AT3G21230.4,1,train,NS,1.0,0.8540612697000072,1,1
AT3G21352,AT3G21352.1,0,val,depleted,2.0,0.09778545517676801,0,1
AT3G21720,AT3G21720.1,0,train,depleted,2.0,0.38438813270961675,0,1
AT3G21790,AT3G21790.1,0,train,depleted,1.0,0.2554735238516968,0,1
AT3G22231,AT3G22231.1,1,test,NS,3.0,0.15414190933481564,0,0
AT3G22270,AT3G22270.1,1,train,HS,3.0,0.9641898623139675,1,1
AT3G22330,AT3G22330.1,1,test,NS,2.0,0.8225589734910674,1,1
AT3G22570,AT3G22570.1,0,train,depleted,1.0,0.17906491131729177,0,1
AT3G22660,AT3G22660.1,1,train,NS,3.0,0.7596564164302815,1,1
AT3G22890,AT3G22890.1,1,train,both,1.0,0.9141095420231266,1,1
AT3G23440,AT3G23440.1,0,train,depleted,3.0,0.14201541148015231,0,1
AT3G23540,AT3G23540.1,1,train,HS,3.0,0.9270481350441014,1,1
AT3G23570,AT3G23570.2,1,test,NS,2.0,0.7689754745390155,1,1
AT3G23640,AT3G23640.3,1,train,HS,1.0,0.9009470512499901,1,1
AT3G23760,AT3G23760.1,0,train,depleted,1.0,0.16679348694585486,0,1
AT3G23890,AT3G23890.1,1,val,NS,2.0,0.9623128374964771,1,1
AT3G24010,AT3G24010.1,0,val,depleted,3.0,0.6031166681806375,1,0
AT3G24030,AT3G24030.1,0,val,depleted,1.0,0.49809923045580545,0,1
AT3G24100,AT3G24100.1,1,test,HS,3.0,0.3234866279936566,0,0
AT3G24820,AT3G24820.1,0,val,depleted,3.0,0.5764252314834813,1,0
AT3G25110,AT3G25110.1,1,val,NS,2.0,0.8929875280466069,1,1
AT3G25580,AT3G25580.1,1,train,NS,2.0,0.8048358935381348,1,1
AT3G25700,AT3G25700.1,1,train,HS,1.0,0.7996263572952335,1,1
AT3G25760,AT3G25760.1,1,train,NS,3.0,0.8128724718601135,1,1
AT3G25930,AT3G25930.1,0,train,depleted,1.0,0.2189666857705757,0,1
AT3G26400,AT3G26400.1,1,train,HS,3.0,0.918927775883927,1,1
AT3G26420,AT3G26420.1,1,train,HS,3.0,0.8773643567803915,1,1
AT3G26600,AT3G26600.1,1,train,HS,1.0,0.8554784581063748,1,1
AT3G26618,AT3G26618.1,1,train,HS,1.0,0.864381387039453,1,1
AT3G26740,AT3G26740.1,1,train,HS,1.0,0.5996545484618476,1,1
AT3G27027,AT3G27027.1,0,val,depleted,3.0,0.35777664749202526,0,1
AT3G27270,AT3G27270.2,0,train,depleted,2.0,0.2412508872693022,0,1
AT3G27310,AT3G27310.1,1,test,NS,3.0,0.5716301566515261,1,1
AT3G27460,AT3G27460.4,0,train,depleted,3.0,0.24505586844073698,0,1
AT3G28370,AT3G28370.5,0,train,depleted,3.0,0.26854254162510227,0,1
AT3G28550,AT3G28550.1,0,test,depleted,3.0,0.6044436000824968,1,0
AT3G28860,AT3G28860.1,1,train,HS,1.0,0.9115294913468339,1,1
AT3G28920,AT3G28920.1,1,train,HS,3.0,0.8045412205824855,1,1
AT3G29633,AT3G29633.1,0,train,depleted,3.0,0.27091848333075086,0,1
AT3G32930,AT3G32930.1,1,train,HS,1.0,0.9020353574619687,1,1
AT3G42170,AT3G42170.1,1,train,HS,2.0,0.9290216994127473,1,1
AT3G42790,AT3G42790.1,1,train,HS,3.0,0.8835259637097329,1,1
AT3G43240,AT3G43240.1,1,val,both,2.0,0.763656787434799,1,1
AT3G43270,AT3G43270.1,1,val,HS,1.0,0.7478495983571232,1,1
AT3G43850,AT3G43850.1,0,train,depleted,3.0,0.22421177293094224,0,1
AT3G43960,AT3G43960.1,0,test,depleted,1.0,0.4519090845066293,0,1
AT3G44260,AT3G44260.1,0,test,depleted,1.0,0.5314826625769294,1,0
AT3G44320,AT3G44320.1,0,train,depleted,2.0,0.19574528662070817,0,1
AT3G44326,AT3G44326.1,0,train,depleted,2.0,0.16252046744273668,0,1
AT3G44370,AT3G44370.1,0,val,depleted,1.0,0.5857847206582862,1,0
AT3G44620,AT3G44620.2,1,test,HS,1.0,0.6367895976570448,1,1
AT3G44680,AT3G44680.1,0,train,depleted,2.0,0.23932299044236655,0,1
AT3G44720,AT3G44720.1,1,train,both,1.0,0.9019934881506168,1,1
AT3G45020,AT3G45020.2,0,test,depleted,2.0,0.5287325168333213,1,0
AT3G45640,AT3G45640.1,1,test,HS,1.0,0.7116467965448754,1,1
AT3G46040,AT3G46040.1,1,test,HS,1.0,0.7012901074786764,1,1
AT3G46090,AT3G46090.1,0,train,depleted,1.0,0.22303401019704394,0,1
AT3G46100,AT3G46100.1,1,train,NS,1.0,0.926232008219214,1,1
AT3G46510,AT3G46510.1,1,train,HS,2.0,0.9223212912983841,1,1
AT3G46540,AT3G46540.1,1,val,NS,3.0,0.575488517366026,1,1
AT3G46560,AT3G46560.1,0,train,depleted,2.0,0.21217126162397562,0,1
AT3G46870,AT3G46870.2,0,test,depleted,1.0,0.677133167912083,1,0
AT3G47120,AT3G47120.1,0,train,depleted,3.0,0.27725185630697546,0,1
AT3G47347,AT3G47347.1,0,train,depleted,,0.015897988089023485,0,1
AT3G47620,AT3G47620.1,1,train,NS,3.0,0.8507195693539518,1,1
AT3G47675,AT3G47675.1,0,train,depleted,3.0,0.11657858239568877,0,1
AT3G47820,AT3G47820.1,1,test,HS,3.0,0.6608358419178045,1,1
AT3G47836,AT3G47836.1,0,train,depleted,3.0,0.09842648861307834,0,1
AT3G47980,AT3G47980.1,0,train,depleted,1.0,0.20162619007447155,0,1
AT3G48030,AT3G48030.1,0,train,depleted,2.0,0.15452826516919338,0,1
AT3G48115,AT3G48115.2,0,train,depleted,,0.07712466455495268,0,1
AT3G48330,AT3G48330.4,1,train,HS,1.0,0.8422968805943567,1,1
AT3G48520,AT3G48520.1,0,test,depleted,1.0,0.6872447360426764,1,0
AT3G48720,AT3G48720.1,1,val,HS,1.0,0.6980762847827416,1,1
AT3G48930,AT3G48930.1,1,val,HS,2.0,0.7305020868809163,1,1
AT3G49100,AT3G49100.2,1,val,HS,2.0,0.5262865220471138,1,1
AT3G49550,AT3G49550.1,0,train,depleted,3.0,0.21704416320364142,0,1
AT3G49850,AT3G49850.2,0,train,depleted,3.0,0.3167058770075719,0,1
AT3G49910,AT3G49910.1,1,train,HS,3.0,0.8104340157217482,1,1
AT3G49990,AT3G49990.1,1,train,HS,3.0,0.874544435556569,1,1
AT3G50440,AT3G50440.1,1,train,NS,1.0,0.8076189072645604,1,1
AT3G50825,AT3G50825.1,0,train,depleted,,0.022707824760610177,0,1
AT3G50920,AT3G50920.1,0,test,depleted,1.0,0.486700878319823,0,1
AT3G50930,AT3G50930.1,1,train,HS,2.0,0.8598926095730482,1,1
AT3G50970,AT3G50970.1,1,train,both,3.0,0.6209876141979319,1,1
AT3G51420,AT3G51420.1,1,train,HS,1.0,0.8017569631688771,1,1
AT3G51660,AT3G51660.1,1,train,both,1.0,0.7596080784768297,1,1
AT3G51860,AT3G51860.2,0,train,depleted,2.0,0.3154695284628635,0,1
AT3G51970,AT3G51970.1,0,train,depleted,2.0,0.22618490088175172,0,1
AT3G52040,AT3G52040.1,1,val,NS,3.0,0.33916542459026694,0,0
AT3G52072,AT3G52072.2,0,train,depleted,,0.12174449158375625,0,1
AT3G52070,AT3G52070.1,0,train,depleted,3.0,0.14325853851478476,0,1
AT3G52100,AT3G52100.1,1,test,HS,3.0,0.5770892712278133,1,1
AT3G52130,AT3G52130.1,0,train,depleted,1.0,0.14790415041809385,0,1
AT3G52190,AT3G52190.1,0,train,depleted,2.0,0.36855395682125447,0,1
AT3G52430,AT3G52430.1,1,test,NS,1.0,0.7994102711123355,1,1
AT3G52500,AT3G52500.1,1,train,HS,1.0,0.8451756995013601,1,1
AT3G52561,AT3G52561.1,0,test,depleted,3.0,0.20348272444720508,0,1
AT3G52565,AT3G52565.1,0,train,depleted,,0.024630765320667096,0,1
AT3G52580,AT3G52580.1,1,train,HS,3.0,0.8252856721508749,1,1
AT3G52590,AT3G52590.1,1,test,HS,1.0,0.5221692098235189,1,1
AT3G52720,AT3G52720.4,1,train,both,2.0,0.7636084200997074,1,1
AT3G52920,AT3G52920.1,1,train,NS,3.0,0.7967453791406615,1,1
AT3G53020,AT3G53020.1,1,train,HS,3.0,0.7736268585124331,1,1
AT3G53040,AT3G53040.1,0,val,depleted,3.0,0.5841971556296142,1,0
AT3G53120,AT3G53120.1,1,train,both,2.0,0.736005158213026,1,1
AT3G53220,AT3G53220.1,0,train,depleted,2.0,0.24836613155084802,0,1
AT3G53480,AT3G53480.1,0,val,depleted,1.0,0.8504518549506852,1,0
AT3G53490,AT3G53490.1,0,train,depleted,2.0,0.22127214629289124,0,1
AT3G53560,AT3G53560.2,1,train,NS,1.0,0.847587613892295,1,1
AT3G54230,AT3G54230.2,1,train,HS,3.0,0.9980386647199662,1,1
AT3G54230,AT3G54230.2,1,train,HS,3.0,0.9980386647199662,1,1
AT3G54230,AT3G54230.2,1,train,HS,3.0,0.9980386647199662,1,1
AT3G54230,AT3G54230.2,1,train,HS,3.0,0.9980386647199662,1,1
AT3G54400,AT3G54400.1,1,train,both,1.0,0.8528942793077887,1,1
AT3G54470,AT3G54470.1,1,train,HS,1.0,0.8829486304823635,1,1
AT3G54540,AT3G54540.1,1,test,HS,3.0,0.920680064377712,1,1
AT3G54560,AT3G54560.1,1,val,NS,2.0,0.6431434905604803,1,1
AT3G54580,AT3G54580.1,0,test,depleted,3.0,0.5953796236735238,1,0
AT3G54590,AT3G54590.3,0,test,depleted,3.0,0.4655456418713374,0,1
AT3G54600,AT3G54600.1,1,train,NS,1.0,0.8919585336955224,1,1
AT3G54900,AT3G54900.1,1,train,HS,1.0,0.7811241266782445,1,1
AT3G54940,AT3G54940.2,0,test,depleted,1.0,0.46289909364522563,0,1
AT3G55005,AT3G55005.1,1,train,HS,3.0,0.8769714706696128,1,1
AT3G55010,AT3G55010.2,1,train,NS,1.0,0.8600917094409436,1,1
AT3G55120,AT3G55120.1,0,val,depleted,2.0,0.42169668773022145,0,1
AT3G55250,AT3G55250.1,1,train,HS,1.0,0.7388271631638573,1,1
AT3G55280,AT3G55280.1,1,test,HS,2.0,0.34759851848857504,0,0
AT3G55330,AT3G55330.1,1,train,HS,1.0,0.7567790212417509,1,1
AT3G55485,AT3G55485.1,0,train,depleted,,0.03146934643347609,0,1
AT3G55610,AT3G55610.1,1,train,HS,1.0,0.99010465708116,1,1
AT3G55970,AT3G55970.1,1,train,HS,2.0,0.7352833959316307,1,1
AT3G56020,AT3G56020.1,0,train,depleted,1.0,0.08466132428827158,0,1
AT3G56070,AT3G56070.1,0,test,depleted,2.0,0.7886673032791731,1,0
AT3G56210,AT3G56210.5,0,train,depleted,1.0,0.2313993435106877,0,1
AT3G56240,AT3G56240.1,1,train,both,3.0,0.6587359959556006,1,1
AT3G56460,AT3G56460.1,1,train,HS,2.0,0.837349960174027,1,1
AT3G56490,AT3G56490.1,0,val,depleted,1.0,0.6386723404526085,1,0
AT3G56740,AT3G56740.1,0,train,depleted,3.0,0.26381502970243254,0,1
AT3G56820,AT3G56820.1,0,test,depleted,2.0,0.5038813275336921,1,0
AT3G57050,AT3G57050.1,1,train,HS,1.0,0.9518669167500133,1,1
AT3G57090,AT3G57090.2,0,train,depleted,1.0,0.2995968612321292,0,1
AT3G57870,AT3G57870.1,1,train,HS,2.0,0.8679251251659282,1,1
AT3G58000,AT3G58000.1,0,train,depleted,3.0,0.1229584160394666,0,1
AT3G58193,AT3G58193.1,0,train,depleted,,0.015706008555340305,0,1
AT3G58600,AT3G58600.1,1,val,HS,3.0,0.7181514339970496,1,1
AT3G58720,AT3G58720.3,0,train,depleted,3.0,0.27611739930865703,0,1
AT3G58990,AT3G58990.1,1,train,NS,1.0,0.8870999604738032,1,1
AT3G59068,AT3G59068.1,0,train,depleted,,0.04008157677890516,0,1
AT3G59340,AT3G59340.2,0,val,depleted,2.0,0.5324845754425755,1,0
AT3G59400,AT3G59400.1,1,train,both,2.0,0.8195094692693538,1,1
AT3G59540,AT3G59540.1,1,test,HS,1.0,0.651476420303639,1,1
AT3G59600,AT3G59600.1,1,train,NS,1.0,0.8170230433218476,1,1
AT3G59840,AT3G59840.1,1,train,HS,3.0,0.6388160686204647,1,1
AT3G59870,AT3G59870.1,1,train,both,3.0,0.8116827494787761,1,1
AT3G60210,AT3G60210.1,1,train,NS,1.0,0.8497222986500078,1,1
AT3G60250,AT3G60250.1,1,val,HS,3.0,0.7182162586012363,1,1
AT3G60370,AT3G60370.2,1,train,HS,1.0,0.8671135440699479,1,1
AT3G60450,AT3G60450.2,1,train,both,1.0,0.8011269593634568,1,1
AT3G60910,AT3G60910.1,1,train,HS,1.0,0.8620748801056959,1,1
AT3G61140,AT3G61140.1,1,val,HS,1.0,0.7785772095351782,1,1
AT3G61190,AT3G61190.2,0,train,depleted,1.0,0.1877995910013607,0,1
AT3G61370,AT3G61370.2,1,train,NS,3.0,0.6818315099396528,1,1
AT3G61710,AT3G61710.1,1,test,HS,3.0,0.9190224171401368,1,1
AT3G61930,AT3G61930.1,0,train,depleted,3.0,0.10623715769908099,0,1
AT3G61962,AT3G61962.1,0,train,depleted,1.0,0.0487152886416355,0,1
AT3G62250,AT3G62250.1,1,test,HS,1.0,0.4783985710092876,0,0
AT3G62260,AT3G62260.2,0,train,depleted,1.0,0.3156917504303426,0,1
AT3G62270,AT3G62270.1,0,train,depleted,1.0,0.36715770386868946,0,1
AT3G62310,AT3G62310.2,1,train,HS,1.0,0.9273104189860353,1,1
AT3G62410,AT3G62410.1,1,train,HS,3.0,0.7370027098792509,1,1
AT3G62650,AT3G62650.2,1,test,HS,2.0,0.2785682188272283,0,0
AT3G62680,AT3G62680.1,0,train,depleted,3.0,0.1921051690488159,0,1
AT3G62810,AT3G62810.1,0,train,depleted,2.0,0.2613854033288193,0,1
AT3G62820,AT3G62820.1,1,test,HS,1.0,0.45210692600388364,0,0
AT3G62920,AT3G62920.1,0,train,depleted,1.0,0.1389295490817598,0,1
AT3G63052,AT3G63052.1,0,train,depleted,2.0,0.09528518231295584,0,1
AT3G63080,AT3G63080.1,1,train,HS,1.0,0.8556041049053237,1,1
AT3G63130,AT3G63130.1,1,train,HS,2.0,0.9053766610521671,1,1
AT3G63170,AT3G63170.1,1,test,HS,1.0,0.5985660481728371,1,1
AT3G63250,AT3G63250.1,1,train,HS,1.0,0.9325573674342105,1,1
AT2G01300,AT2G01300.1,0,train,depleted,1.0,0.054280752542405934,0,1
AT2G01400,AT2G01400.1,0,train,depleted,3.0,0.2426167201038804,0,1
AT2G01430,AT2G01430.1,0,train,depleted,3.0,0.18186276339729215,0,1
AT2G01530,AT2G01530.1,0,test,depleted,1.0,0.6090073237011949,1,0
AT2G01640,AT2G01640.1,0,train,depleted,3.0,0.17181000912010458,0,1
AT2G01650,AT2G01650.2,1,test,HS,3.0,0.7725553147310931,1,1
AT2G01870,AT2G01870.1,1,train,NS,3.0,0.6632761035675473,1,1
AT2G02570,AT2G02570.2,1,train,HS,3.0,0.8229075474990625,1,1
AT2G02990,AT2G02990.1,0,train,depleted,1.0,0.1881964463363843,0,1
AT2G03020,AT2G03020.1,0,train,depleted,2.0,0.2542143074088328,0,1
AT2G03070,AT2G03070.1,1,train,HS,3.0,0.9406101725443599,1,1
AT2G03440,AT2G03440.1,1,val,HS,3.0,0.5688472988012364,1,1
AT2G03510,AT2G03510.1,1,train,HS,2.0,0.8475798819530382,1,1
AT2G03810,AT2G03810.4,0,train,depleted,3.0,0.33620810533637857,0,1
AT2G03870,AT2G03870.2,1,train,both,1.0,0.7913160399913377,1,1
AT2G04039,AT2G04039.2,1,train,HS,1.0,0.7122659245103004,1,1
AT2G04050,AT2G04050.1,0,train,depleted,1.0,0.2805511305275859,0,1
AT2G04550,AT2G04550.1,0,train,depleted,2.0,0.30979730976571196,0,1
AT2G04690,AT2G04690.5,1,val,HS,2.0,0.32631745619261004,0,0
AT2G04700,AT2G04700.1,1,train,both,1.0,0.6981689945293258,1,1
AT2G04880,AT2G04880.1,1,train,HS,3.0,0.9412344195930393,1,1
AT2G05070,AT2G05070.1,1,train,HS,2.0,0.8709594872006772,1,1
AT2G05100,AT2G05100.2,1,train,HS,3.0,0.6765250640769358,1,1
AT2G05765,AT2G05765.1,0,train,depleted,,0.024003214841691878,0,1
AT2G05812,AT2G05812.2,0,train,depleted,,0.10693012440864852,0,1
AT2G05830,AT2G05830.1,1,train,NS,1.0,0.9428051307343392,1,1
AT2G05990,AT2G05990.1,1,train,HS,1.0,0.9306797108970899,1,1
AT2G06050,AT2G06050.1,1,train,HS,1.0,0.776920723620449,1,1
AT2G06255,AT2G06255.1,0,train,depleted,2.0,0.17718450804040728,0,1
AT2G06530,AT2G06530.1,0,val,depleted,3.0,0.612992809522699,1,0
AT2G07180,AT2G07180.1,1,test,HS,2.0,0.9440881711024176,1,1
AT2G07835,AT2G07835.1,0,train,depleted,3.0,0.16170049066278144,0,1
AT2G11271,AT2G11271.1,0,train,depleted,1.0,0.06789580465811758,0,1
AT2G11778,AT2G11778.1,0,train,depleted,2.0,0.110193189570308,0,1
AT2G12461,AT2G12461.1,0,train,depleted,1.0,0.040923632960811765,0,1
AT2G12905,AT2G12905.1,0,train,depleted,1.0,0.04398055061648203,0,1
AT2G13540,AT2G13540.1,1,test,HS,2.0,0.9305920156084073,1,1
AT2G14750,AT2G14750.1,1,val,NS,2.0,0.5517589357062407,1,1
AT2G16586,AT2G16586.1,0,val,depleted,3.0,0.4820617410089196,0,1
AT2G16790,AT2G16790.3,0,train,depleted,1.0,0.25316850891244475,0,1
AT2G17700,AT2G17700.1,1,train,HS,2.0,0.9339944873674113,1,1
AT2G17790,AT2G17790.1,1,val,HS,1.0,0.9212850821247713,1,1
AT2G17870,AT2G17870.1,1,test,HS,3.0,0.6077958457919629,1,1
AT2G18050,AT2G18050.1,0,val,depleted,3.0,0.4736358761233791,0,1
AT2G18245,AT2G18245.1,0,train,depleted,1.0,0.4057982856471591,0,1
AT2G18410,AT2G18410.2,1,val,HS,1.0,0.6994895544895096,1,1
AT2G18890,AT2G18890.1,0,test,depleted,2.0,0.6207177751544779,1,0
AT2G18969,AT2G18969.1,0,test,depleted,3.0,0.27374724772975784,0,1
AT2G18980,AT2G18980.1,0,val,depleted,1.0,0.44781054775591567,0,1
AT2G19060,AT2G19060.1,0,test,depleted,1.0,0.5951479092754743,1,0
AT2G19350,AT2G19350.1,0,test,depleted,3.0,0.2805362522513938,0,1
AT2G19385,AT2G19385.1,1,val,NS,3.0,0.7564001222996924,1,1
AT2G19520,AT2G19520.1,1,train,HS,2.0,0.9426072685971358,1,1
AT2G19572,AT2G19572.1,0,train,depleted,,0.07727311908275551,0,1
AT2G20340,AT2G20340.1,1,train,NS,1.0,0.8905456490186259,1,1
AT2G20450,AT2G20450.1,1,train,HS,1.0,0.7360273779948875,1,1
AT2G20495,AT2G20495.3,0,train,depleted,2.0,0.24840072790135045,0,1
AT2G20550,AT2G20550.2,1,val,HS,3.0,0.6991344451379459,1,1
AT2G20610,AT2G20610.1,1,train,NS,1.0,0.9047923555825773,1,1
AT2G20690,AT2G20690.1,1,train,HS,1.0,0.7963176278819227,1,1
AT2G20750,AT2G20750.2,1,train,both,1.0,0.803940708329017,1,1
AT2G21060,AT2G21060.1,1,test,HS,3.0,0.41229432561712565,0,0
AT2G21188,AT2G21188.1,0,train,depleted,,0.015260209249881265,0,1
AT2G21270,AT2G21270.3,1,train,HS,3.0,0.8996585045999166,1,1
AT2G21280,AT2G21280.2,1,test,HS,1.0,0.8415472328836071,1,1
AT2G21860,AT2G21860.1,1,train,both,1.0,0.8727858805542237,1,1
AT2G22475,AT2G22475.1,1,train,HS,3.0,0.8351539954168958,1,1
AT2G22480,AT2G22480.1,1,train,HS,2.0,0.8491414134254384,1,1
AT2G22790,AT2G22790.1,0,val,depleted,2.0,0.42252835140535594,0,1
AT2G23360,AT2G23360.1,1,test,NS,3.0,0.8978349745787464,1,1
AT2G23600,AT2G23600.2,1,train,HS,1.0,0.9204688900287132,1,1
AT2G23610,AT2G23610.1,1,train,NS,1.0,0.8073510660909168,1,1
AT2G23670,AT2G23670.1,0,train,depleted,1.0,0.17690608974621222,0,1
AT2G23930,AT2G23930.1,0,train,depleted,3.0,0.2508225079294296,0,1
AT2G23970,AT2G23970.1,0,train,depleted,1.0,0.2296348692042894,0,1
AT2G24395,AT2G24395.1,0,train,depleted,1.0,0.18106106164468197,0,1
AT2G24592,AT2G24592.1,0,train,depleted,,0.01849676744033013,0,1
AT2G24860,AT2G24860.1,0,train,depleted,1.0,0.22368887095316362,0,1
AT2G25210,AT2G25210.1,0,train,depleted,1.0,0.14084007386820233,0,1
AT2G25670,AT2G25670.2,1,train,NS,3.0,0.8882345945306367,1,1
AT2G26060,AT2G26060.1,1,train,HS,1.0,0.8932972794558331,1,1
AT2G26080,AT2G26080.1,1,val,HS,2.0,0.7693335365290871,1,1
AT2G26110,AT2G26110.1,1,train,both,3.0,0.8174374432367483,1,1
AT2G26210,AT2G26210.4,1,train,HS,3.0,0.7291712064035267,1,1
AT2G26340,AT2G26340.2,1,train,HS,1.0,0.7036752818088657,1,1
AT2G26430,AT2G26430.3,1,train,HS,3.0,0.9505568319855852,1,1
AT2G26460,AT2G26460.1,1,train,NS,3.0,0.9048950542553138,1,1
AT2G26990,AT2G26990.1,1,val,NS,2.0,0.8233955973525281,1,1
AT2G27040,AT2G27040.1,1,train,HS,2.0,0.9353064316593136,1,1
AT2G27285,AT2G27285.1,1,val,NS,3.0,0.5635373781430071,1,1
AT2G27389,AT2G27389.1,0,train,depleted,3.0,0.16419956694184656,0,1
AT2G27930,AT2G27930.5,0,train,depleted,3.0,0.15885048508565078,0,1
AT2G27960,AT2G27960.1,1,train,HS,1.0,0.7091602631793864,1,1
AT2G28290,AT2G28290.5,1,test,HS,3.0,0.6403433352290098,1,1
AT2G28390,AT2G28390.1,1,test,HS,3.0,0.9093204147417803,1,1
AT2G28430,AT2G28430.1,1,train,NS,1.0,0.6560374133388179,1,1
AT2G28510,AT2G28510.1,0,val,depleted,3.0,0.36348989358146677,0,1
AT2G28950,AT2G28950.1,1,train,HS,1.0,0.8763879599452084,1,1
AT2G29200,AT2G29200.1,1,val,HS,3.0,0.9634061406426995,1,1
AT2G29320,AT2G29320.2,1,val,NS,1.0,0.6816184834649729,1,1
AT2G29540,AT2G29540.3,0,train,depleted,3.0,0.18024273873893978,0,1
AT2G29560,AT2G29560.1,1,train,HS,1.0,0.8928631844372422,1,1
AT2G29700,AT2G29700.1,1,train,HS,1.0,0.785281165691897,1,1
AT2G29995,AT2G29995.1,0,train,depleted,3.0,0.139453759033049,0,1
AT2G30020,AT2G30020.1,0,train,depleted,2.0,0.38245427260156806,0,1
AT2G30050,AT2G30050.1,1,train,HS,1.0,0.8250146453245628,1,1
AT2G30150,AT2G30150.2,1,train,HS,1.0,0.8500911872782683,1,1
AT2G30390,AT2G30390.2,1,val,HS,1.0,0.8647454193281665,1,1
AT2G30410,AT2G30410.1,1,train,both,3.0,0.7395168360236719,1,1
AT2G30620,AT2G30620.1,1,train,HS,3.0,0.8238883405610883,1,1
AT2G30695,AT2G30695.2,0,train,depleted,1.0,0.19420676444907775,0,1
AT2G30860,AT2G30860.1,1,train,both,1.0,0.9168727974594545,1,1
AT2G31040,AT2G31040.1,1,train,HS,3.0,0.9168811830008701,1,1
AT2G31380,AT2G31380.1,0,train,depleted,3.0,0.2900109136072387,0,1
AT2G31610,AT2G31610.1,1,train,HS,1.0,0.8686942660332247,1,1
AT2G31710,AT2G31710.1,0,train,depleted,3.0,0.16234450312351445,0,1
AT2G31725,AT2G31725.1,1,train,NS,1.0,0.7989667203452074,1,1
AT2G31730,AT2G31730.1,0,test,depleted,2.0,0.48273249929965073,0,1
AT2G31790,AT2G31790.1,1,train,HS,1.0,0.8300144168646074,1,1
AT2G32060,AT2G32060.2,1,test,HS,1.0,0.5737113622946621,1,1
AT2G32200,AT2G32200.2,0,train,depleted,3.0,0.05576559526541525,0,1
AT2G32240,AT2G32240.1,1,train,HS,3.0,0.8562197005261354,1,1
AT2G32460,AT2G32460.1,0,val,depleted,3.0,0.8137633416558719,1,0
AT2G32500,AT2G32500.1,1,val,HS,1.0,0.6789066222974504,1,1
AT2G32520,AT2G32520.2,1,train,NS,1.0,0.9115993469560413,1,1
AT2G32650,AT2G32650.2,0,train,depleted,1.0,0.22551662967392763,0,1
AT2G32700,AT2G32700.7,1,val,HS,3.0,0.9535564843965886,1,1
AT2G32810,AT2G32810.1,1,test,HS,1.0,0.8750438509107004,1,1
AT2G32840,AT2G32840.1,0,val,depleted,3.0,0.5632870688607925,1,0
AT2G33120,AT2G33120.2,1,val,HS,2.0,0.45277482769376715,0,0
AT2G33250,AT2G33250.1,0,train,depleted,3.0,0.1961221583879626,0,1
AT2G33255,AT2G33255.1,1,train,HS,1.0,0.848079998260411,1,1
AT2G33380,AT2G33380.1,1,train,HS,3.0,0.7854867249703205,1,1
AT2G33410,AT2G33410.1,1,train,NS,3.0,0.8711092212632863,1,1
AT2G33480,AT2G33480.1,0,train,depleted,2.0,0.14996133636713413,0,1
AT2G33800,AT2G33800.1,1,train,HS,1.0,0.9283506620800942,1,1
AT2G33830,AT2G33830.2,1,train,HS,3.0,0.603941160097391,1,1
AT2G34070,AT2G34070.1,1,train,HS,1.0,0.9118828131417009,1,1
AT2G34460,AT2G34460.1,1,train,HS,1.0,0.9404487759552921,1,1
AT2G34470,AT2G34470.2,1,train,NS,2.0,0.8444938345303725,1,1
AT2G34480,AT2G34480.2,1,train,HS,1.0,0.8576223461892772,1,1
AT2G34600,AT2G34600.1,0,test,depleted,2.0,0.19899629262070626,0,1
AT2G34620,AT2G34620.1,0,val,depleted,1.0,0.6779061133854849,1,0
AT2G35230,AT2G35230.1,1,test,HS,3.0,0.8132008305508382,1,1
AT2G35240,AT2G35240.1,1,train,HS,2.0,0.7769818857384829,1,1
AT2G35290,AT2G35290.1,0,train,depleted,1.0,0.26005879996277836,0,1
AT2G35300,AT2G35300.1,0,train,depleted,3.0,0.1616847873733642,0,1
AT2G35370,AT2G35370.1,1,train,HS,1.0,0.7381284512950387,1,1
AT2G35390,AT2G35390.4,1,train,NS,1.0,0.9105737797005796,1,1
AT2G35530,AT2G35530.1,1,train,HS,3.0,0.9548490439613776,1,1
AT2G35605,AT2G35605.1,1,train,both,1.0,0.6928028690799451,1,1
AT2G35690,AT2G35690.1,1,val,HS,1.0,0.8586170147743342,1,1
AT2G35750,AT2G35750.1,0,test,depleted,1.0,0.09060037487354915,0,1
AT2G35810,AT2G35810.1,1,train,HS,1.0,0.8134331709151894,1,1
AT2G35820,AT2G35820.2,1,train,NS,2.0,0.7624270340530792,1,1
AT2G35859,AT2G35859.1,0,train,depleted,,0.10861976714719564,0,1
AT2G35860,AT2G35860.1,1,train,NS,2.0,0.8674481491014298,1,1
AT2G35940,AT2G35940.3,1,test,both,3.0,0.853942033518689,1,1
AT2G36230,AT2G36230.1,1,val,NS,1.0,0.6094750961323928,1,1
AT2G36480,AT2G36480.1,1,train,HS,3.0,0.9872215908280136,1,1
AT2G36870,AT2G36870.1,1,train,NS,1.0,0.7427876158063943,1,1
AT2G36880,AT2G36880.1,1,train,HS,1.0,0.9320424663321248,1,1
AT2G36885,AT2G36885.1,0,val,depleted,1.0,0.6057547338783666,1,0
AT2G36895,AT2G36895.3,0,train,depleted,1.0,0.35459440000298376,0,1
AT2G37030,AT2G37030.1,0,train,depleted,1.0,0.1402059056717886,0,1
AT2G37040,AT2G37040.1,1,train,both,1.0,0.9106572440140078,1,1
AT2G37080,AT2G37080.2,1,test,HS,3.0,0.8668130362445464,1,1
AT2G37130,AT2G37130.1,0,train,depleted,1.0,0.24342903284222692,0,1
AT2G37240,AT2G37240.1,0,val,depleted,1.0,0.6982667847474147,1,0
AT2G37330,AT2G37330.1,0,val,depleted,1.0,0.45838619123434454,0,1
AT2G37470,AT2G37470.1,1,train,both,3.0,0.7840556528837032,1,1
AT2G37540,AT2G37540.1,1,test,NS,1.0,0.5339189250106249,1,1
AT2G37680,AT2G37680.2,1,train,both,3.0,0.8417493089823214,1,1
AT2G37750,AT2G37750.1,0,train,depleted,3.0,0.08920693842725952,0,1
AT2G38025,AT2G38025.1,0,train,depleted,1.0,0.28938397648058595,0,1
AT2G38410,AT2G38410.1,1,train,HS,3.0,0.9706914555574853,1,1
AT2G38465,AT2G38465.1,0,train,depleted,3.0,0.10563808733975663,0,1
AT2G38860,AT2G38860.2,1,train,both,1.0,0.9232105590025026,1,1
AT2G39050,AT2G39050.1,0,train,depleted,3.0,0.31504729557172745,0,1
AT2G39080,AT2G39080.1,1,val,HS,1.0,0.8541003551757732,1,1
AT2G39650,AT2G39650.1,0,train,depleted,2.0,0.3038043406320547,0,1
AT2G39700,AT2G39700.1,1,train,both,1.0,0.8553825019435058,1,1
AT2G39940,AT2G39940.1,1,train,HS,1.0,0.9296549217406878,1,1
AT2G40140,AT2G40140.1,1,train,HS,3.0,0.9776048637253693,1,1
AT2G40270,AT2G40270.1,0,train,depleted,2.0,0.2780429038651821,0,1
AT2G40430,AT2G40430.2,1,train,HS,3.0,0.9215759476229698,1,1
AT2G40630,AT2G40630.3,1,test,NS,3.0,0.8384504500470285,1,1
AT2G40805,at2g40805,0,train,depleted,,0.03894347234404592,0,1
AT2G40880,AT2G40880.1,1,train,HS,2.0,0.7031128433363371,1,1
AT2G41020,AT2G41020.2,1,train,HS,3.0,0.9466088275586811,1,1
AT2G41090,AT2G41090.1,1,train,HS,1.0,0.7600661865519127,1,1
AT2G41100,AT2G41100.1,1,train,HS,3.0,0.7905700961641087,1,1
AT2G41380,AT2G41380.1,1,val,NS,1.0,0.6412162647930642,1,1
AT2G41430,AT2G41430.4,1,train,HS,3.0,0.7555286178613821,1,1
AT2G41680,AT2G41680.1,1,train,HS,2.0,0.9056349472935752,1,1
AT2G41760,AT2G41760.1,0,val,depleted,1.0,0.6665130850517827,1,0
AT2G41780,AT2G41780.1,0,train,depleted,3.0,0.17199362970382365,0,1
AT2G41850,AT2G41850.1,0,train,depleted,1.0,0.3199804602942077,0,1
AT2G41870,AT2G41870.1,1,test,HS,3.0,0.6827520893880693,1,1
AT2G41900,AT2G41900.1,1,train,both,3.0,0.9764475048397425,1,1
AT2G41990,AT2G41990.1,0,test,depleted,3.0,0.7233093491660649,1,0
AT2G42220,AT2G42220.1,1,train,HS,1.0,0.7852144163411512,1,1
AT2G42390,AT2G42390.1,0,train,depleted,2.0,0.14746184216588273,0,1
AT2G42690,AT2G42690.1,1,train,both,1.0,0.7560227993193123,1,1
AT2G42780,AT2G42780.1,0,train,depleted,3.0,0.32143177564791336,0,1
AT2G42790,AT2G42790.1,1,train,HS,1.0,0.9403848737978884,1,1
AT2G42880,AT2G42880.1,1,test,HS,2.0,0.9106005444296132,1,1
AT2G42900,AT2G42900.1,0,train,depleted,1.0,0.20620735552048755,0,1
AT2G43030,AT2G43030.1,1,test,HS,2.0,0.6274113641703473,1,1
AT2G43100,AT2G43100.1,1,train,both,1.0,0.9152972997936156,1,1
AT2G43510,AT2G43510.1,0,test,depleted,2.0,0.29724188475429014,0,1
AT2G43640,AT2G43640.1,1,train,NS,2.0,0.7410445068762781,1,1
AT2G43750,AT2G43750.1,1,test,HS,1.0,0.8602493892558689,1,1
AT2G43780,AT2G43780.4,0,train,depleted,2.0,0.1423198637977533,0,1
AT2G43940,AT2G43940.1,0,test,depleted,2.0,0.6984432140781311,1,0
AT2G43945,AT2G43945.1,1,train,HS,2.0,0.878431979005367,1,1
AT2G44130,AT2G44130.1,0,train,depleted,1.0,0.16963317801161562,0,1
AT2G44200,AT2G44200.1,1,train,HS,3.0,0.8540386932989511,1,1
AT2G44290,AT2G44290.1,0,train,depleted,3.0,0.2665379541375753,0,1
AT2G44650,AT2G44650.1,1,train,NS,1.0,0.7393420149523547,1,1
AT2G44760,AT2G44760.1,1,test,HS,2.0,0.6377064255602555,1,1
AT2G44920,AT2G44920.2,0,train,depleted,1.0,0.3429244254868174,0,1
AT2G45060,AT2G45060.1,1,train,HS,2.0,0.8250674921716293,1,1
AT2G45140,AT2G45140.1,1,train,HS,3.0,0.860291246945683,1,1
AT2G45220,AT2G45220.1,1,val,HS,1.0,0.6591398824469471,1,1
AT2G45260,AT2G45260.1,1,train,HS,1.0,0.9538005316960364,1,1
AT2G45300,AT2G45300.2,1,train,NS,1.0,0.9513665191195015,1,1
AT2G45470,AT2G45470.1,1,train,HS,2.0,0.8637306715194403,1,1
AT2G45540,AT2G45540.2,1,val,HS,2.0,0.8702602233715445,1,1
AT2G46090,AT2G46090.1,1,train,both,1.0,0.8573930153176376,1,1
AT2G46225,AT2G46225.2,1,val,HS,2.0,0.6073080435637241,1,1
AT2G46230,AT2G46230.2,1,train,NS,1.0,0.7914116585299589,1,1
AT2G46650,AT2G46650.1,1,test,NS,2.0,0.21111482147685215,0,0
AT2G46910,AT2G46910.1,1,train,HS,1.0,0.8756324635616155,1,1
AT2G47380,AT2G47380.2,1,val,HS,1.0,0.41537481831212514,0,0
AT2G47485,AT2G47485.1,0,test,depleted,1.0,0.28737217239527524,0,1
AT2G47710,AT2G47710.1,1,train,NS,1.0,0.8119144600171504,1,1
AT2G47910,AT2G47910.1,1,train,HS,2.0,0.7282489758399453,1,1
AT4G00026,AT4G00026.1,0,test,depleted,2.0,0.7071452374051495,1,0
AT4G00100,AT4G00100.1,1,test,HS,1.0,0.5905953083605089,1,1
AT4G00230,AT4G00230.1,1,test,NS,1.0,0.7402581555213172,1,1
AT4G00342,AT4G00342.1,0,val,depleted,1.0,0.11677409930331675,0,1
AT4G00430,AT4G00430.2,1,train,HS,2.0,0.8001269943200849,1,1
AT4G00570,AT4G00570.1,1,train,HS,1.0,0.9487779748087092,1,1
AT4G00620,AT4G00620.1,0,val,depleted,1.0,0.8343516488474936,1,0
AT4G00860,AT4G00860.1,1,val,NS,1.0,0.19272191241324063,0,0
AT4G01070,AT4G01070.1,1,train,HS,1.0,0.8405799152768365,1,1
AT4G01090,AT4G01090.1,1,train,HS,3.0,0.9657146331883955,1,1
AT4G01480,AT4G01480.1,1,train,NS,2.0,0.7471611526742472,1,1
AT4G02080,AT4G02080.1,1,train,HS,1.0,0.7821431246865317,1,1
AT4G02530,AT4G02530.2,1,train,NS,1.0,0.7560681051580308,1,1
AT4G02980,AT4G02980.1,0,train,depleted,1.0,0.220768234652423,0,1
AT4G03150,AT4G03150.1,1,train,HS,1.0,0.7455233196034535,1,1
AT4G03400,AT4G03400.1,1,train,HS,1.0,0.923050169550912,1,1
AT4G03610,AT4G03610.4,0,train,depleted,1.0,0.3175748293346569,0,1
AT4G04610,AT4G04610.1,1,val,HS,1.0,0.8412314207771651,1,1
AT4G04614,AT4G04614.2,1,train,HS,3.0,0.762931024075287,1,1
AT4G05000,AT4G05000.3,1,test,HS,1.0,0.5406138080756594,1,1
AT4G05440,AT4G05440.1,0,train,depleted,2.0,0.27164342505864714,0,1
AT4G05450,AT4G05450.1,0,train,depleted,1.0,0.3052665333256265,0,1
AT4G07390,AT4G07390.1,0,test,depleted,1.0,0.5393256460123159,1,0
AT4G08345,AT4G08345.1,0,train,depleted,,0.0287453677149957,0,1
AT4G08540,AT4G08540.1,1,train,HS,2.0,0.8090455872378848,1,1
AT4G09040,AT4G09040.1,1,test,HS,2.0,0.772500728842086,1,1
AT4G09620,AT4G09620.2,1,test,HS,1.0,0.5028602716652246,1,1
AT4G09650,AT4G09650.1,1,val,HS,1.0,0.5626775958800563,1,1
AT4G09720,AT4G09720.3,0,test,depleted,1.0,0.6837821548369014,1,0
AT4G09840,AT4G09840.2,0,train,depleted,3.0,0.17792289633641423,0,1
AT4G10120,AT4G10120.3,1,test,HS,2.0,0.8289944493330754,1,1
AT4G10300,AT4G10300.1,1,train,HS,1.0,0.6153510146322662,1,1
AT4G10610,AT4G10610.1,1,train,both,3.0,0.8220752039489093,1,1
AT4G10680,AT4G10680.1,0,train,depleted,1.0,0.16036728363699587,0,1
AT4G10970,AT4G10970.6,1,train,HS,3.0,0.6818056573757527,1,1
AT4G11280,AT4G11280.1,0,train,depleted,1.0,0.2857877535976359,0,1
AT4G11640,AT4G11640.1,1,train,HS,1.0,0.791241703577749,1,1
AT4G11790,AT4G11790.1,1,test,HS,3.0,0.8679611304150131,1,1
AT4G11860,AT4G11860.1,1,test,HS,3.0,0.9795251193797717,1,1
AT4G12290,AT4G12290.1,0,train,depleted,2.0,0.36232470845398096,0,1
AT4G12390,AT4G12390.1,1,train,NS,1.0,0.6995661699373519,1,1
AT4G12440,AT4G12440.3,0,test,depleted,1.0,0.6254803486698761,1,0
AT4G12545,AT4G12545.1,0,val,depleted,1.0,0.24769155994198633,0,1
AT4G12550,AT4G12550.1,0,val,depleted,1.0,0.22843598836369852,0,1
AT4G12730,AT4G12730.1,1,train,HS,2.0,0.8478290806717727,1,1
AT4G13100,AT4G13100.2,0,train,depleted,3.0,0.16801160238083498,0,1
AT4G13390,AT4G13390.1,0,train,depleted,3.0,0.28028421544837734,0,1
AT4G13460,AT4G13460.2,1,train,HS,3.0,0.885843065905735,1,1
AT4G13670,AT4G13670.2,1,train,HS,1.0,0.8299620071438117,1,1
AT4G13770,AT4G13770.1,1,test,NS,1.0,0.6878954671936581,1,1
AT4G13850,AT4G13850.1,1,test,HS,3.0,0.4330687533294876,0,0
AT4G13940,AT4G13940.1,1,train,HS,1.0,0.9315820597875197,1,1
AT4G14000,AT4G14000.1,1,train,NS,1.0,0.8808372109732405,1,1
AT4G14030,AT4G14030.1,1,train,HS,1.0,0.8499987418341929,1,1
AT4G14145,AT4G14145.1,0,test,depleted,3.0,0.404045811111775,0,1
AT4G14160,AT4G14160.1,1,train,HS,1.0,0.8810671327034174,1,1
AT4G14340,AT4G14340.2,1,train,HS,2.0,0.8878869919160333,1,1
AT4G14342,AT4G14342.2,1,train,HS,1.0,0.7378777374199516,1,1
AT4G14440,AT4G14440.1,1,test,HS,1.0,0.6442695704382249,1,1
AT4G14520,AT4G14520.4,0,train,depleted,1.0,0.2572473733350779,0,1
AT4G14680,AT4G14680.2,1,train,HS,1.0,0.8481214790651892,1,1
AT4G14819,AT4G14819.1,0,val,depleted,2.0,0.1825790992840133,0,1
AT4G14990,AT4G14990.1,1,train,HS,3.0,0.9881205814173645,1,1
AT4G15230,AT4G15230.1,0,val,depleted,1.0,0.7936532442142524,1,0
AT4G15390,AT4G15390.1,0,train,depleted,1.0,0.3102964551905474,0,1
AT4G15545,AT4G15545.1,1,test,HS,3.0,0.659168860929054,1,1
AT4G15560,AT4G15560.1,1,train,HS,1.0,0.9329777186432496,1,1
AT4G15620,AT4G15620.1,0,train,depleted,2.0,0.16360785773922146,0,1
AT4G15630,AT4G15630.1,0,train,depleted,2.0,0.17325320430412405,0,1
AT4G15700,AT4G15700.1,0,val,depleted,1.0,0.5855573712958582,1,0
AT4G15790,AT4G15790.2,0,train,depleted,3.0,0.1708963244475453,0,1
AT4G15820,AT4G15820.1,1,test,HS,3.0,0.6188645460985879,1,1
AT4G15880,AT4G15880.1,1,train,NS,2.0,0.874281697829013,1,1
AT4G16146,AT4G16146.1,0,test,depleted,3.0,0.22409786456394412,0,1
AT4G16265,AT4G16265.2,0,val,depleted,1.0,0.25226689802995267,0,1
AT4G16442,AT4G16442.1,0,test,depleted,2.0,0.6376456176151565,1,0
AT4G16566,AT4G16566.1,1,test,HS,1.0,0.5549338104055704,1,1
AT4G16720,AT4G16720.1,1,val,HS,2.0,0.6624464242844568,1,1
AT4G16790,AT4G16790.1,1,val,HS,3.0,0.6931309048524169,1,1
AT4G16950,AT4G16950.1,1,train,HS,1.0,0.9315833996576521,1,1
AT4G17050,AT4G17050.1,1,train,HS,1.0,0.8695069358627112,1,1
AT4G17140,AT4G17140.1,1,train,HS,1.0,0.9102056497915122,1,1
AT4G17650,AT4G17650.1,1,train,HS,1.0,0.8243847461837959,1,1
AT4G18030,AT4G18030.1,1,val,HS,2.0,0.7994954828391918,1,1
AT4G18372,AT4G18372.1,0,train,depleted,2.0,0.1985296853937915,0,1
AT4G18593,AT4G18593.2,0,test,depleted,2.0,0.45797032619958417,0,1
AT4G19100,AT4G19100.1,1,val,NS,3.0,0.45748729726883963,0,0
AT4G19170,AT4G19170.1,1,train,NS,2.0,0.8398986663807504,1,1
AT4G19230,AT4G19230.2,0,val,depleted,1.0,0.613726135042816,1,0
AT4G19710,AT4G19710.2,1,train,HS,1.0,0.966582576837438,1,1
AT4G19840,AT4G19840.1,1,val,HS,1.0,0.6982949344182959,1,1
AT4G19985,AT4G19985.4,0,train,depleted,1.0,0.32055240968825777,0,1
AT4G20720,AT4G20720.2,1,val,HS,3.0,0.8949473312171498,1,1
AT4G20980,AT4G20980.2,1,train,HS,3.0,0.9253067732049579,1,1
AT4G21190,AT4G21190.1,0,train,depleted,2.0,0.28419412442566655,0,1
AT4G21320,AT4G21320.1,1,train,NS,1.0,0.8681678078755044,1,1
AT4G21470,AT4G21470.1,1,val,HS,1.0,0.5974731282200015,1,1
AT4G21490,AT4G21490.1,0,test,depleted,1.0,0.7568287850154607,1,0
AT4G21865,AT4G21865.1,0,train,depleted,3.0,0.16492644273768522,0,1
AT4G21960,AT4G21960.1,1,train,HS,1.0,0.9210116050023468,1,1
AT4G21990,AT4G21990.1,1,val,both,1.0,0.7666036699059572,1,1
AT4G22150,AT4G22150.1,1,val,HS,3.0,0.6573861109310827,1,1
AT4G22310,AT4G22310.1,0,train,depleted,1.0,0.21346439723603516,0,1
AT4G22570,AT4G22570.2,1,test,both,2.0,0.5430348825018113,1,1
AT4G22610,AT4G22610.1,0,train,depleted,1.0,0.1198387241295277,0,1
AT4G23510,AT4G23510.1,0,train,depleted,1.0,0.31921953547337684,0,1
AT4G23560,AT4G23560.1,0,train,depleted,2.0,0.2822406584212008,0,1
AT4G24350,AT4G24350.3,1,train,NS,1.0,0.8250222514569934,1,1
AT4G24440,AT4G24440.1,1,train,HS,1.0,0.8049250520662318,1,1
AT4G24510,AT4G24510.1,1,train,HS,1.0,0.8453988734263874,1,1
AT4G24570,AT4G24570.1,0,train,depleted,1.0,0.19951932744119097,0,1
AT4G24750,AT4G24750.1,0,train,depleted,1.0,0.3348733321301073,0,1
AT4G24780,AT4G24780.1,1,val,HS,1.0,0.8049870101973764,1,1
AT4G24800,AT4G24800.3,1,train,HS,2.0,0.9522430852039787,1,1
AT4G25140,AT4G25140.1,0,val,depleted,3.0,0.49303292241558266,0,1
AT4G25470,AT4G25470.1,0,train,depleted,2.0,0.2605763648668043,0,1
AT4G25490,AT4G25490.1,0,test,depleted,3.0,0.4868113527470981,0,1
AT4G25550,AT4G25550.1,1,train,HS,1.0,0.8655142205217157,1,1
AT4G25820,AT4G25820.1,0,train,depleted,1.0,0.2808529802389989,0,1
AT4G25840,AT4G25840.1,1,train,HS,1.0,0.8275815982671021,1,1
AT4G26240,AT4G26240.1,0,test,depleted,3.0,0.743283187246103,1,0
AT4G26555,AT4G26555.1,1,train,HS,1.0,0.827395328356628,1,1
AT4G26720,AT4G26720.1,1,train,HS,1.0,0.9102185965126971,1,1
AT4G26870,AT4G26870.1,1,train,HS,2.0,0.9293333818712677,1,1
AT4G27070,AT4G27070.1,1,train,HS,2.0,0.9301129816005536,1,1
AT4G27380,AT4G27380.1,0,train,depleted,3.0,0.2054261403985379,0,1
AT4G27652,AT4G27652.1,0,train,depleted,2.0,0.07607250617185592,0,1
AT4G27654,AT4G27654.1,0,val,depleted,3.0,0.34242859545948423,0,1
AT4G27657,AT4G27657.1,0,train,depleted,1.0,0.11216779403730509,0,1
AT4G27690,AT4G27690.1,1,train,HS,1.0,0.8003042070384435,1,1
AT4G27765,at4g27765,0,train,depleted,,0.036733433187783125,0,1
AT4G28440,AT4G28440.1,1,test,both,1.0,0.6914771613519259,1,1
AT4G28706,AT4G28706.4,1,test,HS,1.0,0.7536078474793617,1,1
AT4G28730,AT4G28730.2,1,train,NS,1.0,0.7875818097722287,1,1
AT4G28860,AT4G28860.1,1,train,HS,2.0,0.9726354605151819,1,1
AT4G28990,AT4G28990.2,1,train,NS,3.0,0.771427853045703,1,1
AT4G29410,AT4G29410.1,1,train,HS,1.0,0.8219423857606979,1,1
AT4G29490,AT4G29490.1,1,train,HS,1.0,0.9060757809297182,1,1
AT4G29720,AT4G29720.1,1,val,NS,1.0,0.7727255184420074,1,1
AT4G29780,AT4G29780.1,0,train,depleted,3.0,0.3832007788087159,0,1
AT4G29800,AT4G29800.2,0,train,depleted,2.0,0.3375795990665168,0,1
AT4G29830,AT4G29830.1,1,train,HS,1.0,0.8810421002064118,1,1
AT4G30100,AT4G30100.1,1,train,HS,3.0,0.990773661765931,1,1
AT4G30140,AT4G30140.1,0,test,depleted,1.0,0.5556562749576778,1,0
AT4G30160,AT4G30160.2,1,test,HS,2.0,0.8668148411841858,1,1
AT4G30170,AT4G30170.1,0,val,depleted,1.0,0.44148902436128723,0,1
AT4G30310,AT4G30310.2,1,val,HS,1.0,0.8289513702399096,1,1
AT4G30530,AT4G30530.1,1,train,HS,1.0,0.8546068918896159,1,1
AT4G31120,AT4G31120.2,1,train,NS,1.0,0.9250239424059112,1,1
AT4G31500,AT4G31500.1,1,test,HS,1.0,0.6850161505178562,1,1
AT4G31530,AT4G31530.2,0,train,depleted,2.0,0.37513849881740224,0,1
AT4G31877,at4g31877,0,train,depleted,,0.030857263950838796,0,1
AT4G32285,AT4G32285.2,1,val,HS,3.0,0.8826192679428252,1,1
AT4G32320,AT4G32320.1,1,train,HS,1.0,0.8883973103261296,1,1
AT4G32340,AT4G32340.1,0,train,depleted,3.0,0.34877774619438956,0,1
AT4G32470,AT4G32470.1,1,val,HS,1.0,0.6725236848591012,1,1
AT4G32590,AT4G32590.5,1,val,HS,2.0,0.5022015601233997,1,1
AT4G33080,AT4G33080.1,1,test,both,2.0,0.8134986748976583,1,1
AT4G33310,AT4G33310.1,0,train,depleted,3.0,0.0402240763175547,0,1
AT4G33350,AT4G33350.1,1,val,HS,1.0,0.6300610503151571,1,1
AT4G33500,AT4G33500.1,1,test,HS,3.0,0.9616480853601467,1,1
AT4G33540,AT4G33540.1,1,train,HS,1.0,0.8848479068303462,1,1
AT4G33670,AT4G33670.1,1,train,HS,1.0,0.915961878086188,1,1
AT4G34050,AT4G34050.3,1,train,HS,2.0,0.8987361514584442,1,1
AT4G34200,AT4G34200.1,1,train,HS,1.0,0.8207973765090073,1,1
AT4G34215,AT4G34215.2,1,train,HS,2.0,0.8005955223411287,1,1
AT4G34270,AT4G34270.1,1,train,HS,1.0,0.8638667854975576,1,1
AT4G34410,AT4G34410.1,0,train,depleted,3.0,0.35599273089470673,0,1
AT4G34412,AT4G34412.1,1,val,HS,1.0,0.6306368790847978,1,1
AT4G34570,AT4G34570.1,0,train,depleted,1.0,0.43315943416441566,0,1
AT4G34700,AT4G34700.1,1,train,HS,1.0,0.7338742569485253,1,1
AT4G34860,AT4G34860.1,0,train,depleted,2.0,0.44106536358543985,0,1
AT4G34920,AT4G34920.1,1,val,HS,2.0,0.7213951274467264,1,1
AT4G34980,AT4G34980.1,1,train,NS,1.0,0.8727505311550697,1,1
AT4G35260,AT4G35260.1,1,train,HS,1.0,0.8369981449158888,1,1
AT4G35310,AT4G35310.1,1,train,HS,2.0,0.8443622429822831,1,1
AT4G35410,AT4G35410.2,1,val,NS,1.0,0.4704277836460764,0,0
AT4G36020,AT4G36020.1,1,test,NS,3.0,0.5917097826540937,1,1
AT4G36880,AT4G36880.1,0,test,depleted,1.0,0.4308637516085071,0,1
AT4G36910,AT4G36910.1,1,train,HS,1.0,0.8745312946236173,1,1
AT4G36940,AT4G36940.1,1,train,NS,1.0,0.961607075135903,1,1
AT4G37000,AT4G37000.1,1,val,HS,1.0,0.49842610101701934,0,0
AT4G37095,AT4G37095.1,0,train,depleted,3.0,0.040005284889801714,0,1
AT4G37120,AT4G37120.1,1,train,HS,3.0,0.9050898797351766,1,1
AT4G37200,AT4G37200.1,1,train,HS,3.0,0.8647307070447543,1,1
AT4G37210,AT4G37210.1,1,train,both,3.0,0.9715705475712157,1,1
AT4G37220,AT4G37220.1,0,train,depleted,1.0,0.13904589739244558,0,1
AT4G37409,AT4G37409.1,0,train,depleted,2.0,0.1933576561589694,0,1
AT4G37445,AT4G37445.1,0,train,depleted,1.0,0.10527767886919244,0,1
AT4G37483,AT4G37483.1,0,train,depleted,1.0,0.057502558654871146,0,1
AT4G37925,AT4G37925.1,1,train,HS,3.0,0.7237419339664145,1,1
AT4G38495,AT4G38495.1,0,val,depleted,1.0,0.3478312522911111,0,1
AT4G38740,AT4G38740.1,1,test,both,1.0,0.6628980288746332,1,1
AT4G38910,AT4G38910.2,0,train,depleted,3.0,0.2749039761257501,0,1
AT4G39690,AT4G39690.1,1,train,HS,3.0,0.9230633847403248,1,1
AT4G39800,AT4G39800.1,1,val,HS,1.0,0.8792452086794458,1,1
AT4G40070,AT4G40070.1,0,train,depleted,3.0,0.295315793180515,0,1
AT4G40090,AT4G40090.1,0,train,depleted,3.0,0.16196351974072257,0,1
